AC,priority,label-val,between_connectivity,cluster
A0A7K7XAX4,False,0,0,0.0
A0A6G7Y2D2,False,1,0,0.0
A0A7L1FGH7,False,2,0,0.0
A0A8S3T933,False,3,0,0.0
A0A6I8N1L0,False,4,0,0.0
A0A5N3UL60,False,5,0,0.0
A0A4S2L2D9,False,6,0,0.0
A0A059JDY9,False,7,0,0.0
A0A1I1HCT0,False,8,0,0.0
A0A8C6LZY2,False,9,0,0.0
A0A7D5S632,False,10,0,0.0
A0A5M6CQH9,False,11,0,0.0
A0A1Z5SHD2,False,12,0,0.0
F2IHZ3,False,13,0,0.0
A0A2S7SWD7,False,14,0,0.0
A0A926HG52,False,16,0,0.0
A0A2U2XB68,False,17,0,0.0
A0A7D5S5X1,False,18,0,0.0
A0A6M3VYY8,False,19,0,0.0
A0A1B3SN19,False,20,0,0.0
B6EFB2,False,21,0,0.0
A0A3S8NF87,False,22,0,0.0
A0A6M3VWU8,False,23,0,0.0
Q8V9Q2,False,24,0,0.0
A0A0F3MK43,False,25,0,0.0
A0A448X798,False,26,0,0.0
A0A261DC17,False,27,0,0.0
A5CDE1,False,28,0,0.0
H8K5G2,False,29,0,0.0
A0A261DCJ7,False,30,0,0.0
A0A0F3MH25,False,31,0,0.0
B5IFK9,False,32,0,0.0
T0LBE0,False,33,0,0.0
Q9HM06,False,34,0,0.0
A0A182C761,False,35,0,0.0
H2J528,False,36,0,0.0
A0A8D5U0R0,False,37,0,0.0
A0A133VFV9,False,38,0,0.0
C6A4E6,False,39,0,0.0
A0A2U0RVN2,False,40,0,0.0
A8F6Z4,False,41,0,0.0
A0A0W7VNG5,False,42,0,0.0
A0A0L0RW20,False,43,0,0.0
A0A3Q1EX48,False,44,0,0.0
A0A6P5L9J5,False,45,0,0.0
B4INF8,False,46,0,0.0
A0A914P717,False,47,0,0.0
A0A6A6KQA6,False,48,0,0.0
A0A813F233,False,49,0,0.0
A0A838XM77,False,50,0,0.0
A0A4R2PL91,False,51,0,0.0
K0Q0Z5,False,52,0,0.0
A0A4R3J7S4,False,53,0,0.0
A0A098G4T6,False,54,0,0.0
A0A1M7CE02,False,55,0,0.0
A0A328AIW4,False,56,0,0.0
A0A0W1A3R1,False,57,0,0.0
A0A316EU10,False,58,0,0.0
A0A841LZ55,False,59,0,0.0
A0A4U6XTX1,False,60,0,0.0
A0A6G0V3N9,False,61,0,0.0
A0A1I6KF58,False,62,0,0.0
A0A0E0D9Z2,False,63,0,0.0
A0A1V9Z089,False,64,0,0.0
Q0U504,False,65,0,0.0
A0A1S3N555,False,66,0,0.0
A0A238VM19,False,67,0,0.0
M4CWZ0,False,68,0,0.0
A0A839QYS6,False,69,0,0.0
A0A1Y3YHZ6,False,70,0,0.0
A0A9J9HFS8,False,71,0,0.0
A0A5Q2VZ12,False,72,0,0.0
A0A2K5C6Z0,False,73,0,0.0
A0A6L5EZK7,False,74,0,0.0
A0A1E7KBP9,False,75,0,0.0
A0A2T1G4I4,False,76,0,0.0
A0A291SQG7,False,77,0,0.0
A0A1I4VR86,False,78,0,0.0
A0A4Q7UTH4,False,79,0,0.0
W9HAU6,False,80,0,0.0
A0A8C0JVW0,False,81,0,0.0
A0A432WE04,False,82,0,0.0
A0A6A4VG04,False,83,0,0.0
A0A150WDF3,False,84,0,0.0
A0A6A3G0W4,False,85,0,0.0
A0A8J7XZT4,False,86,0,0.0
A0A8U0Q3Y0,False,87,0,0.0
A0A2I0R5H1,False,88,0,0.0
A0A3N6ZUL8,False,89,0,0.0
A0A8J6TY61,False,90,0,0.0
A0A0S2I3X9,False,91,0,0.0
A0A7D5S2S4,False,92,0,0.0
A0A2W1NNM3,False,93,0,0.0
A0A2P8DBI9,False,94,0,0.0
Q5JDA6,False,95,0,0.0
A0A0X1KUK6,False,96,0,0.0
A0A218ZU73,False,97,0,0.0
Q8U2D3,False,98,0,0.0
A0A8G2L826,False,99,0,0.0
S0AP25,False,100,0,0.0
A0A133UZ77,False,101,0,0.0
A0A0Q0XL83,False,102,0,0.0
C5CI18,False,103,0,0.0
A0A133VIS3,False,104,0,0.0
A0A2K5D6I4,False,105,0,0.0
A0A1J1H634,False,106,0,0.0
F4KHY7,False,107,0,0.0
A0A914RFY2,False,108,0,0.0
A0A8K0IH40,False,109,0,0.0
A0A078AX67,False,110,0,0.0
A0A851WDI9,False,111,0,0.0
A0A0M6ZH69,False,112,0,0.0
A0A271KJE6,False,113,0,0.0
A0A7S8C2A0,False,114,0,0.0
A0A549SM22,False,115,0,0.0
A0A5D0VDY2,False,116,0,0.0
A0A858X279,False,117,0,0.0
A0A5C7EZ59,False,118,0,0.0
A0A1H2EDL2,False,119,0,0.0
A0A967EZ95,False,120,0,0.0
A0A1C2DJI7,False,121,0,0.0
R1EFH1,False,122,0,0.0
A0A848H7P6,False,123,0,0.0
A0A425D5G5,False,124,0,0.0
A0A8J8WGH2,False,125,0,0.0
A0A2H3IC65,False,126,0,0.0
A0A8C0ZGW7,False,127,0,0.0
A0A327MAZ3,False,128,0,0.0
A0A1W6Z4W4,False,129,0,0.0
A0A914CSL4,False,130,0,0.0
A0A8S9BA93,False,131,0,0.0
A0A089PWT1,False,132,0,0.0
A0A5R9J5J6,False,133,0,0.0
A0A0Q5MQ06,False,134,0,0.0
A0A852V4W1,False,135,0,0.0
A0A5N5HJC2,False,136,0,0.0
A0A235A4K6,False,137,0,0.0
A0A674G9X8,False,138,0,0.0
A0A1Q9LHW5,False,139,0,0.0
A0A517MNK6,False,140,0,0.0
B6BRE3,False,141,0,0.0
A0A1U7LGN8,False,142,0,0.0
A0D2Q8,False,143,0,0.0
A0A4W3GHS3,False,144,0,0.0
A0A5J4NBM4,False,145,0,0.0
A0A1H4GXZ7,False,146,0,0.0
A0A7K8LC45,False,147,0,0.0
H0VJU8,False,148,0,0.0
A0A1H3J273,False,149,0,0.0
A0A0N1B4T3,False,150,0,0.0
A0A238WF45,False,151,0,0.0
A0A0J0YR30,False,152,0,0.0
W0RGL8,False,153,0,0.0
A0A8J9WRB5,False,154,0,0.0
A0A172Y955,False,155,0,0.0
A0A5A8CSB8,False,156,0,0.0
A0A368VEM8,False,157,0,0.0
A0A328YM47,False,158,0,0.0
D3F6T2,False,159,0,0.0
A0A4R2FAF5,False,160,0,0.0
A0A1X7G994,False,161,0,0.0
A0A3P9ATD6,False,162,0,0.0
A0A8H7B059,False,163,0,0.0
A0A2T6D4Q4,False,164,0,0.0
A0A975HIE8,False,165,0,0.0
A0A4W6F0G6,False,166,0,0.0
A0A507B741,False,167,0,0.0
A0A5M6IE27,False,168,0,0.0
A0A557Y0A6,False,169,0,0.0
A0A4Q9HLC1,False,170,0,0.0
A0A7T5JT84,False,171,0,0.0
A0A934UJ95,False,172,0,0.0
A0A518G659,False,173,0,0.0
A0A7K8XAB4,False,174,0,0.0
D9X3T7,False,175,0,0.0
A0A2D0HKT3,False,176,0,0.0
A0A1I0ZLH2,False,177,0,0.0
A0A919EUI5,False,178,0,0.0
K0JWV8,False,179,0,0.0
A0A0Q6K8F4,False,180,0,0.0
A0A5D0SD25,False,181,0,0.0
A0A011NW89,False,182,0,0.0
A0A0A2UUW6,False,183,0,0.0
A0A6I2FSP3,False,184,0,0.0
A0A1M5NA30,False,185,0,0.0
A0A169PC35,False,186,0,0.0
A0A0W0R1K5,False,187,0,0.0
A0A166A5N7,False,188,0,0.0
A0A0P7BCV7,False,189,0,0.0
A0A935CAF2,False,190,0,0.0
A0A926T1N3,False,191,0,0.0
A0A248JPZ4,False,192,0,0.0
A0A090IV15,False,193,0,0.0
A0A6V8SJ34,False,194,0,0.0
A0A3R7N8M7,False,195,0,0.0
A0A252AT64,False,196,0,0.0
A0A1R1SID3,False,197,0,0.0
A0A0N0DUK9,False,198,0,0.0
A0A4Y7RBE5,False,199,0,0.0
A0A1C3YRP5,False,200,0,0.0
A0A1Y4H3Y1,False,201,0,0.0
A0A2D2M1A4,False,202,0,0.0
A0A1M5Z3Q6,False,203,0,0.0
A0A0C3HPT3,False,204,0,0.0
A0A1H2YC71,False,205,0,0.0
A0A7W8CXW0,False,206,0,0.0
Q6AKS8,False,207,0,0.0
Q53WF9,False,208,0,0.0
A0A419SZQ7,False,209,0,0.0
A0A7K7X6S2,False,210,0,0.0
A0A2Y9DFE8,False,211,0,0.0
A0A6P6C7K4,False,212,0,0.0
A0A8D2LG45,False,213,0,0.0
A0A670YJK4,False,214,0,0.0
A0A8C3Q6Z2,False,215,0,0.0
A0A7K7CZ32,False,216,0,0.0
A0A8C0ZAI1,False,211,0,0.0
A0A7K5UJC6,False,210,0,0.0
A0A8D2PW88,False,217,0,0.0
A0A8D2B366,False,218,0,0.0
A0A8C3HJL8,False,219,0,0.0
A0A2I3T2P4,False,211,0,0.0
A0A365P368,False,220,0,0.0
A0A5C7FR88,False,221,0,0.0
A0A974WGU6,False,222,0,0.0
R7JP09,False,223,0,0.0
K9Z635,False,224,0,0.0
A0A4Q1KQE6,False,222,0,0.0
A0A0P6YNB1,False,225,0,0.0
A0A2T1DV41,False,226,0,0.0
A0A316FTD8,False,227,0,0.0
D7BDB9,False,228,0,0.0
D8G465,False,229,0,0.0
A0A432VC10,False,230,0,0.0
A0A4Q1KVB1,False,231,0,0.0
A3J726,False,232,0,0.0
A0A2K8T7A5,False,233,0,0.0
A0A8K0D298,False,234,0,0.0
A0A4S4HAH4,False,235,0,0.0
A0A923E174,False,236,0,1.0
A0A2S2DW34,False,237,0,0.0
A0A3S3W4G2,False,238,0,0.0
A0A917N121,False,239,0,0.0
A0A255ZQY1,False,240,0,0.0
A0A4S1ZL78,False,241,0,0.0
F4GD89,False,242,0,0.0
A0A1P8K6V3,False,243,0,0.0
A0A246JCA6,False,244,0,0.0
A0A1I5JZD0,False,245,0,0.0
F5RHR7,False,246,0,0.0
A0A257CIE1,False,247,0,0.0
A0A223PGT2,False,248,0,0.0
A0A1I6JLB8,False,249,0,0.0
A0A316GB60,False,250,0,0.0
A0A0Q6Z6U6,False,251,0,0.0
A0A5C1EDD4,False,252,0,0.0
A0A2R5FA69,False,253,0,0.0
H8GL73,False,254,0,0.0
A0A2D2AZ73,False,255,0,0.0
A0A8J7WFJ7,False,256,0,0.0
A0A3S2V4N9,False,257,0,0.0
A0A6B3NN69,False,258,0,0.0
A0A211ZTM0,False,259,0,0.0
A0A0S9MUV9,False,260,0,0.0
A0A1I4Y5Z6,False,261,0,0.0
W8QE80,False,262,0,0.0
Q5YFM6,False,263,0,0.0
Q06VE0,False,264,0,0.0
G0T549,False,265,0,0.0
A0A6M8PSK8,False,266,0,0.0
A0A3R8YPI2,False,267,0,0.0
A4KXB6,False,268,0,0.0
Q8QUQ5,False,269,0,0.0
Q5GAJ9,False,270,0,0.0
Q0E553,False,271,0,0.0
A0A2K9QQV2,False,272,0,0.0
A7IY44,False,273,0,0.0
A0A9E7PRC1,False,274,0,0.0
A0A088B1C4,False,275,0,0.0
I2BFU9,False,276,0,0.0
A0A2U7M3I2,False,277,0,0.0
D2XB15,False,278,0,0.0
A0A218Z287,False,279,0,0.0
A0A4U0WUT3,False,280,0,0.0
A0A384JDW8,False,281,0,0.0
A0A1E1KMZ8,False,282,0,0.0
A0A0B1PD44,False,283,0,0.0
A0A8H7TGN3,False,284,0,0.0
A0A010RUZ3,False,285,0,0.0
A0A8S9B3A0,False,286,0,0.0
A0A0C3C6C8,False,287,0,0.0
A0A395GUS8,False,288,0,0.0
A0A218ZI53,False,289,0,0.0
A0A4Y8DED0,False,290,0,0.0
A0A179FTM3,False,291,0,0.0
K1WKF6,False,292,0,0.0
A0A423W8J1,False,293,0,0.0
B6QWN3,False,294,0,0.0
A0A194XUK3,False,295,0,0.0
A0A1G4AP13,False,296,0,0.0
A0A094DA81,False,297,0,0.0
A0A1L7WX03,False,298,0,0.0
A0A2J8AGT4,False,299,0,0.0
A1YQX2,False,300,0,0.0
A0A836BX86,False,299,0,0.0
A8IV40,False,301,0,0.0
A0A8J4CWB6,False,300,0,0.0
A0A1C0ABB0,False,302,0,0.0
A0A4R2RWQ8,False,303,0,0.0
A0A0D8ZTF9,False,304,0,0.0
H1XPS4,False,305,0,0.0
I1HHU0,False,306,0,0.0
A0A099SGC3,False,307,0,0.0
A0A8J2X015,False,308,0,0.0
A0A1M6JXW6,False,309,0,0.0
A0A0A8WUB2,False,310,0,0.0
F7YWS1,False,311,0,0.0
C0N6M1,False,312,0,0.0
C7YS08,False,313,0,0.0
A0A165CTB3,False,314,0,0.0
A0A183MUS7,False,315,0,0.0
I0I6K1,False,316,0,0.0
A0A212PJ68,False,317,0,0.0
A0A1V4I8P4,False,318,0,0.0
A4J531,False,319,0,0.0
A0A2K6M754,False,320,0,0.0
A0A821KEN5,False,321,0,0.0
A0A0U5GX42,False,322,0,0.0
A0A2D0HB64,False,323,0,0.0
A0A814TSB3,False,324,0,0.0
A0A420XX17,False,325,0,0.0
A0A926T7V8,False,326,0,0.0
Q163H6,False,327,0,0.0
A0A7L5A6A0,False,328,0,0.0
A0A0F5QJN8,False,330,0,0.0
A0A3S1BC99,False,331,0,0.0
A0A194X190,False,332,0,0.0
Q6CX86,False,333,0,0.0
A0A1S5XY77,False,334,0,0.0
A0A0W0ZZN3,False,335,0,0.0
A0A1E1LQR8,False,336,0,0.0
K9W0L9,False,337,0,0.0
A0A0W0XX77,False,338,0,0.0
A0A094BED8,False,339,0,0.0
A0A2V3IVU8,False,340,0,0.0
A0A7X0NF38,False,341,0,0.0
A0A8H7BNQ3,False,342,0,0.0
A0A0W0Y3V1,False,343,0,0.0
A0A409YH50,False,344,0,0.0
A0A8H7RUI0,False,345,0,0.0
A0A940EJQ4,False,346,0,0.0
A0A507E0E4,False,347,0,0.0
A0A367JC35,False,348,0,0.0
A0A8H7PYJ7,False,349,0,0.0
T0RR33,False,350,0,0.0
A0A814AHK4,False,351,0,0.0
E1X4K3,False,352,0,0.0
A0A329RWM0,False,353,0,0.0
A0A4P9YVF7,False,354,0,0.0
A0A1R1PHM3,False,355,0,0.0
A0A8H5D0L3,False,356,0,0.0
A0A1Y2GCE5,False,357,0,0.0
Q6MLF7,False,358,0,0.0
A0A8H7QGJ4,False,359,0,0.0
A0A4Z0RD50,False,360,0,0.0
A0A7J5BFI8,False,361,0,0.0
G5K3G7,False,362,0,0.0
A0A0V7YZS9,False,363,0,0.0
A0A0J1G8N9,False,364,0,0.0
A0A060M1N6,False,365,0,0.0
A0A1M4Y5A3,False,366,0,0.0
D4E772,False,367,0,0.0
A0A553ZWR2,False,368,0,0.0
A0A235B528,False,369,0,0.0
A0A2K2TXT4,False,370,0,0.0
A0A2N3PQG7,False,371,0,0.0
A0A1L8WSK0,False,372,0,0.0
I2B5G9,False,373,0,0.0
A0A501WR71,False,374,0,0.0
A0A3S0S1I5,False,375,0,0.0
A0A7X4LMK0,False,376,0,0.0
A0A1B3SM27,False,377,0,0.0
Q08FH2,False,378,0,0.0
Q77G89,False,379,0,0.0
Q6TV04,False,380,0,0.0
A0A5J9W282,False,381,0,0.0
A0A5N6R9R8,False,382,0,0.0
M5W2G9,False,383,0,0.0
Q2TW44,False,384,0,0.0
A0A0D9Y8M8,False,385,0,0.0
A0A7N0ZYV2,False,386,0,0.0
A0A199VC33,False,387,0,0.0
A0A6C7EFL8,False,388,0,0.0
A0A8X8ZWN3,False,389,0,0.0
A0A078H537,False,390,0,0.0
A0A9D3ZH85,False,391,0,0.0
A0A066XF69,False,392,0,0.0
A0A6A2YE47,False,393,0,0.0
A0A9J5WRI1,False,394,0,0.0
M1CRV9,False,395,0,0.0
A0A8H4NND7,False,396,0,0.0
A0A2H5Q459,False,397,0,0.0
M4F9I4,False,398,0,0.0
A0A2I0J3D4,False,399,0,0.0
A0A8K0H4K6,False,400,0,0.0
A0A7R7TAJ2,False,401,0,0.0
A0C122,False,402,0,0.0
A0A8C9H3S1,False,403,0,0.0
A0A5N6F4Z5,False,404,0,0.0
A0A7K9XM85,False,405,0,0.0
G3TJR8,False,406,0,0.0
A0A812T3C3,False,407,0,0.0
L1K1J2,False,408,0,0.0
A0A0D2C171,False,409,0,0.0
A0A1M7LM69,False,410,0,0.0
A0A0D2PLX2,False,411,0,0.0
A0A2L2TUE6,False,412,0,0.0
A0A1E7NCQ6,False,413,0,0.0
A0A2D3V272,False,414,0,0.0
A0A1L7WMC8,False,415,0,0.0
A0A2X0MVC2,False,416,0,0.0
A7SSH3,False,417,0,0.0
R4XHE7,False,418,0,0.0
A0A8C3ASA2,False,419,0,0.0
A0A4R6Z6R2,False,420,0,0.0
A0A6P6AWJ3,False,421,0,0.0
A0A5A7T8H4,False,422,0,0.0
A0A835W7L0,False,423,0,0.0
A0A267GQL7,False,424,0,0.0
A0A8H6K0D1,False,425,0,0.0
A0A7K5NIH8,False,426,0,0.0
A0A6I9ZJ94,False,427,0,0.0
A0A346FKD0,False,428,0,0.0
A0A812X2Q9,False,429,0,0.0
A0A8C6U2K5,False,430,0,0.0
A0A1I5SU20,False,431,0,0.0
A0A834LD77,False,432,0,0.0
A0A182ERZ1,False,433,0,0.0
A0A4S3KJ76,False,434,0,0.0
A0A8C1F0V8,False,435,0,0.0
A0A2G8L110,False,436,0,0.0
A0A7L2ZKJ6,False,437,0,0.0
A0A3Q4MU75,False,438,0,0.0
A0A8N5HXG3,False,439,0,0.0
A0A0D2D9T3,False,440,0,0.0
A0A1E7EYZ0,False,441,0,0.0
A0A8S3YA55,False,442,0,0.0
A0A8H5WQL9,False,443,0,0.0
A0A8H4V941,False,444,0,0.0
A0A6P4Y8L7,False,445,0,0.0
A0A5M3MC85,False,446,0,0.0
A0A927KEF6,False,447,0,0.0
A0A2G7FHK3,False,448,0,0.0
A0A367XS61,False,449,0,0.0
A0A087MI83,False,450,0,0.0
K7FPI7,False,451,0,0.0
A0A194PZZ9,False,452,0,0.0
A0A673MYX5,False,453,0,0.0
F7DT90,False,454,0,0.0
A0A1J8R3E7,False,455,0,0.0
A0A3M6UWI7,False,456,0,0.0
A0A7K5A0W3,False,457,0,0.0
A0A5C3EZ68,False,458,0,0.0
A0A914K7G2,False,459,0,0.0
A0A1V1PU79,False,460,0,0.0
A0A1U7DEX4,False,461,0,0.0
W0J5Q2,False,462,0,0.0
A3WCS4,False,463,0,0.0
V4YP58,False,464,0,0.0
A0A975PPA3,False,465,0,0.0
A0A812ZDQ7,False,466,0,0.0
A0A239GTU5,False,467,0,0.0
F6IDS3,False,468,0,0.0
V4NPG6,False,469,0,0.0
C6XCL8,False,470,0,0.0
A0A3M8SS83,False,471,0,0.0
B6BST7,False,472,0,0.0
A0A840MQQ1,False,473,0,0.0
M4QIS3,False,474,0,0.0
A0A0H0XNU0,False,475,0,0.0
A0A5B2VSD0,False,476,0,0.0
Q7U7W0,False,477,0,0.0
C7R8C8,False,478,0,0.0
F4RHI3,False,479,0,0.0
A0A5B0LZW1,False,480,0,0.0
A0A0L6UVQ7,False,481,0,0.0
A0A0L0UR00,False,482,0,0.0
A0A0L6UG57,False,483,0,0.0
A0A5B0LP16,False,484,0,0.0
E3K0C2,False,485,0,0.0
A0A2S4UZA9,False,486,0,0.0
A0A0L6VLN8,False,487,0,0.0
A0A0C3BL72,False,488,0,0.0
A0A2N5TGF1,False,489,0,0.0
A0A0L6UE31,False,490,0,0.0
E3L623,False,491,0,0.0
A0A0L0UXR9,False,492,0,0.0
A0A5B0QD75,False,493,0,0.0
A0A0C4F3X2,False,494,0,0.0
A0A2N5T5U8,False,495,0,0.0
F4R8V8,False,496,0,0.0
A0A3N4HMA9,False,497,0,0.0
F4SDI1,False,498,0,0.0
K9U2J8,False,499,0,0.0
R1C7W9,False,500,0,0.0
R1ELG8,False,501,0,0.0
A0A1M6F418,False,502,0,0.0
A0KLH3,False,503,0,0.0
A0A0T7BM46,False,504,0,0.0
A0A0Q5HA70,False,505,0,0.0
A0A240EK81,False,506,0,0.0
A0A8H4L7X9,False,507,0,0.0
A0A2M9JNV0,False,508,0,0.0
A0A2U8VP89,False,509,0,0.0
A0A1G8T7K0,False,510,0,0.0
A0A3N0V776,False,511,0,0.0
A0A3G3GIH6,False,512,0,0.0
A0A918L4A0,False,513,0,0.0
A0A014MD40,False,514,0,0.0
A0A1A7R009,False,515,0,0.0
A0A3E1NPH1,False,516,0,0.0
A0A4P6ZE83,False,517,0,0.0
A0A930TZ58,False,518,0,0.0
A0A243SHA6,False,519,0,0.0
G2PR53,False,520,0,0.0
A3QBN7,False,521,0,0.0
A0A1V3QMK4,False,522,0,0.0
A0A4P7PSU2,False,523,0,0.0
A0A2T0MAX8,False,524,0,0.0
A0A1V4IQU6,False,525,0,0.0
A0A5R8ZZA1,False,526,0,0.0
D7E4T7,False,527,0,0.0
A0A1G7EJJ1,False,528,0,0.0
A0A972FTW4,False,529,0,0.0
A0A923MD36,False,530,0,0.0
A0A0S1S3W6,False,531,0,0.0
A0A2D0N0D7,False,532,0,0.0
A0A562ZLR2,False,533,0,0.0
V4KPM1,False,534,0,0.0
A0A0K0F7K8,False,535,0,0.0
A0A673YHG0,False,536,0,0.0
A0A6V7UD90,False,537,0,0.0
A0A2V1CQS4,False,538,0,0.0
W2YXX2,False,539,0,0.0
W7TPM6,False,540,0,0.0
A0A7L4ADT0,False,541,0,0.0
A0A0V1BQR0,False,542,0,0.0
A0A452QC08,False,543,0,0.0
A0A8C8DTB9,False,544,0,0.0
A7TJF5,False,545,0,0.0
A0A484CG18,False,546,0,0.0
A0A6P4JCQ4,False,547,0,0.0
A0A166Q7N6,False,548,0,0.0
A0A0D9ZYY7,False,534,0,0.0
A0A6A7M9C4,False,549,0,0.0
A0A2P7AZ27,False,550,0,0.0
A0A6B8VTC0,False,551,0,0.0
A0A0G3G2P1,False,552,0,0.0
A0A091BBQ2,False,553,0,0.0
A0A3M0GCT2,False,554,0,0.0
A0A1B6BBK0,False,555,0,0.0
A0A1I7IGN9,False,556,0,0.0
A0A1W1WL99,False,557,0,0.0
A0A2T1HZ93,False,558,0,0.0
A0A6J5E2J8,False,559,0,0.0
M2U2P4,False,560,0,0.0
A0A2T7TNS3,False,561,0,0.0
A0A7L6MZU8,False,562,0,0.0
A0A1I0X072,False,563,0,0.0
A0A1M4NCP3,False,564,0,0.0
A0A4U7F8D2,False,565,0,0.0
A0A3N7C383,False,566,0,0.0
A0A1V9K108,False,567,0,0.0
A0A1B7UK51,False,568,0,0.0
J1HJA4,False,569,0,0.0
A0A563UES7,False,570,0,0.0
A0A2T0VEE5,False,571,0,0.0
M0QMK1,False,572,0,0.0
A0A2N7VNY1,False,573,0,0.0
A0A1H2LUK2,False,574,0,0.0
A0A0R1IXA2,False,575,0,0.0
A0A919ZEF1,False,576,0,0.0
G0AHM5,False,577,0,0.0
A0A850DNB1,False,578,0,0.0
A0A6P1YKM6,False,579,0,0.0
A0A0Q8V2U3,False,580,0,0.0
A0A220W332,False,581,0,0.0
A0A562TGG5,False,582,0,0.0
A0A1H0BJK9,False,583,0,0.0
A0A0H2M9A3,False,584,0,0.0
K2HEI4,False,585,0,0.0
A0A8H4H5M6,False,586,0,0.0
B6QM36,False,587,0,0.0
A0A0D2DXT1,False,588,0,0.0
H6C512,False,589,0,0.0
G8ZVV0,False,590,0,0.0
A0A6A4WUM0,False,591,0,0.0
A0A7L3KY87,False,592,0,0.0
A0A0R0ARU5,False,593,0,0.0
A0A0D2B690,False,594,0,0.0
A0A5C4SKX9,False,585,0,0.0
A0A853FXA8,False,595,0,0.0
A0A8J6EMG4,False,596,0,0.0
A0A7J7IJC8,False,597,0,0.0
A0A3Q4EBW1,False,598,0,0.0
A0A5C2H9I7,False,599,0,0.0
A0A672NJR3,False,600,0,0.0
A0A6J3R0Z6,False,601,0,0.0
A0A7L3AMA1,False,602,0,0.0
A0A851FVE7,False,603,0,0.0
A0A671EQQ4,False,604,0,0.0
A0A7L4JVY8,False,605,0,0.0
A0A7K8BH04,False,606,0,0.0
A0A671R7F5,False,607,0,0.0
A0A1S3RWR5,False,608,0,0.0
G5BH26,False,609,0,0.0
A0A836F788,False,610,0,0.0
H0XAV2,False,611,0,0.0
A0A851NC17,False,612,0,0.0
A0A8C5TYL7,False,613,0,0.0
A0A4X2KA94,False,614,0,0.0
A0A0P7VH24,False,615,0,0.0
A0A6J2ALV7,False,616,0,0.0
A0A075IE34,False,617,0,0.0
Q6E6Y4,False,618,0,0.0
A0A5P9KE66,False,619,0,0.0
Q66129,False,621,0,0.0
A0A1L3KFW5,False,622,0,0.0
A0A0D4D8J8,False,623,0,0.0
A0A890CSA7,False,624,0,0.0
F2Y3N4,False,625,0,0.0
Q50L54,False,626,0,0.0
Q84696,False,627,0,0.0
Q70WE9,False,628,0,0.0
Q9IV60,False,629,0,0.0
A0A077D555,False,630,0,0.0
Q90059,False,631,0,0.0
C7T4Z6,False,632,0,0.0
A0A3N2DQ15,False,633,0,0.0
Q6GPW9,False,634,0,0.0
A0A0B8NDE8,False,635,0,0.0
A0A7K8PT51,False,636,0,0.0
A0A7K4S449,False,637,0,0.0
I1RCA0,False,638,0,0.0
A0A319C8L9,False,639,0,0.0
A0A7L0UTH8,False,640,0,0.0
A0A667WZR8,False,641,0,0.0
A0A3L8S3A6,False,642,0,0.0
A0A017S039,False,643,0,0.0
T1J625,False,644,0,0.0
A0A2C5YQK5,False,645,0,0.0
A0A4W5KU52,False,646,0,0.0
A0A670YMT5,False,647,0,0.0
A0A0D2T6Q1,False,648,0,0.0
A0A150V2C4,False,649,0,0.0
A0A8C4W524,False,650,0,0.0
A0A8C9JFT2,False,651,0,0.0
A0A1M4W361,False,652,0,0.0
Q7NCS6,False,653,0,0.0
G6YHU3,False,654,0,0.0
V9WD55,False,655,0,0.0
A0A318XM76,False,656,0,0.0
A0A2K9NPJ9,False,657,0,0.0
A0A931MWR5,False,658,0,0.0
A0A443INV7,False,659,0,0.0
A0A5Q2WAW2,False,660,0,0.0
A0A1V4B3F3,False,661,0,0.0
A0A0E3DFB5,False,662,0,0.0
A0A7T3N4C4,False,663,0,0.0
K0J079,False,664,0,0.0
N6Y4R9,False,665,0,0.0
A0A937K375,False,666,0,0.0
A0A3D8GKE6,False,667,0,0.0
A0A2T1ETU5,False,668,0,0.0
A0A974NM42,False,669,0,0.0
A0A926W6L0,False,670,0,0.0
R6E7X8,False,671,0,0.0
A0A917RVY0,False,672,0,0.0
A0A1G8N453,False,673,0,0.0
A0A1W6WF22,False,674,0,0.0
A0A6A8DCJ8,False,675,0,0.0
Q03AX9,False,676,0,0.0
U2CP23,False,677,0,0.0
A0A3D8TTJ8,False,678,0,0.0
A0A2T0ATY9,False,679,0,0.0
I2F2T2,False,680,0,0.0
R6QTK6,False,681,0,0.0
A0A098EL90,False,682,0,0.0
A0A328PIV5,False,683,0,0.0
R2RXX4,False,684,0,0.0
I3M5Y6,False,685,0,0.0
A0A6P8S5M9,False,686,0,0.0
A0A8C8A4A9,False,687,0,0.0
A0A9B0TR34,False,688,0,0.0
A0A8J7P8P2,False,689,0,0.0
A0A8C6R9H2,False,690,0,0.0
A0A834NKP9,False,691,0,0.0
A0A8C3CDF4,False,692,0,0.0
U4UQB1,False,693,0,0.0
A0A6I9M5G1,False,694,0,0.0
A0A2H9TLX6,False,695,0,0.0
A0A834IQZ0,False,696,0,0.0
A0A6J1ZI11,False,697,0,0.0
A0A672U548,False,698,0,0.0
A0A0H2SFV3,False,699,0,0.0
A0A6J1ZKF2,False,700,0,0.0
A0A8H7KGL2,False,701,0,0.0
A0A0C1YP15,False,702,0,0.0
A0A5C4VXW0,False,703,0,0.0
A0A1E7JIP1,False,704,0,0.0
A0A542QLJ1,False,705,0,0.0
A0A2W2KXI4,False,706,0,0.0
A0A561BRQ8,False,707,0,0.0
A0A429G2Z3,False,708,0,0.0
A0A1V9A5Y5,False,709,0,0.0
A0A410UGK4,False,710,0,0.0
A0A7V8GP74,False,711,0,0.0
A0A4R5U590,False,712,0,0.0
A0A167G1K4,False,713,0,0.0
A0A2N5X9L0,False,714,0,0.0
A0A940M1T7,False,715,0,0.0
A0A169PKT1,False,716,0,0.0
A0A240U1V0,False,717,0,0.0
A0A344J4B8,False,718,0,0.0
A0A3N4W5S3,False,719,0,0.0
A0A848G1B0,False,720,0,0.0
A0A4R5C132,False,721,0,0.0
A0A2S9K5C7,False,722,0,0.0
A0A843TB90,False,723,0,0.0
A0A2H6B149,False,724,0,0.0
A0A972NHA7,False,725,0,0.0
A0A432VZF9,False,726,0,0.0
C7HWE4,False,727,0,0.0
A0A2C5YDJ5,False,728,0,0.0
A0A7C9TNE9,False,729,0,0.0
A0A812W5X7,False,730,0,0.0
A0A545U112,False,731,0,0.0
A0A1X7DXF2,False,732,0,0.0
A0A1A5XDI6,False,733,0,0.0
A0A021X0N2,False,734,0,0.0
A0A521ERU6,False,735,0,0.0
A0A7W3MZ84,False,736,0,0.0
A0A317WC26,False,737,0,0.0
A0A1G6JRM2,False,738,0,0.0
A0A150VHN5,False,739,0,0.0
A0A6G7X4N4,False,740,0,0.0
A0A7K6NTV5,False,741,0,0.0
A0A5N0V0P4,False,742,0,0.0
A0A1G6IYL5,False,743,0,0.0
A0A401UC47,False,744,0,0.0
A0A3S4TPK9,False,745,0,0.0
A0A927HE94,False,746,0,0.0
A0A1H7WE90,False,747,0,0.0
A0A372G539,False,748,0,0.0
A0A7I8W1T6,False,749,0,0.0
A0A1T5IGM8,False,750,0,0.0
A0A238LGT7,False,751,0,0.0
A0A4S2R8R9,False,752,0,0.0
A0A844W4L0,False,753,0,0.0
E2CPK1,False,754,0,0.0
A0A147H3X2,False,755,0,0.0
W0JNU0,False,756,0,0.0
A0A167HQ00,False,757,0,0.0
A0A0T6LYP6,False,758,0,0.0
A0A9D4UPH2,False,759,0,0.0
B1Y521,False,760,0,0.0
N6YGD1,False,761,0,0.0
A0A1Q4VQ86,False,762,0,0.0
Q12D24,False,763,0,0.0
A0A1T4VZW7,False,764,0,0.0
A0A3S0VDQ8,False,765,0,0.0
A0A918NTN9,False,766,0,0.0
A0A1Q5MW16,False,767,0,0.0
A0A1R1IBZ5,False,768,0,0.0
A0A0J6XJH4,False,769,0,0.0
A0A8J7R225,False,770,0,0.0
A0A542M106,False,771,0,0.0
A0A395JQD0,False,772,0,0.0
N6YCV2,False,773,0,0.0
A0A0Q8QD57,False,774,0,0.0
A0A6G3SBE9,False,775,0,0.0
B4CUQ3,False,776,0,0.0
A0A556MHD5,False,777,0,0.0
A0A8J3N0M1,False,778,0,0.0
M5U0H7,False,779,0,0.0
A0A7S7NX22,False,780,0,0.0
A0A2A4B594,False,781,0,0.0
A0A5B9QGG2,False,782,0,0.0
A0A1K2IHF2,False,783,0,0.0
A0A2Z3H7T8,False,784,0,0.0
L0G3F0,False,785,0,0.0
A0A563U322,False,786,0,0.0
H5TE93,False,787,0,0.0
A0A371RZU6,False,788,0,0.0
A0A1M4ZIS4,False,789,0,0.0
A0A1I6ZEQ7,False,790,0,0.0
A0A926J6Q0,False,791,0,0.0
A0A3A9K244,False,792,0,0.0
A0A3E1Y9C7,False,793,0,0.0
A0A3E1NCY6,False,794,0,0.0
A0A4Q7MC19,False,795,0,0.0
A0A8D0GNL7,False,796,0,0.0
A0A286XEX5,False,797,0,0.0
A0A0S4JC93,False,798,0,0.0
A0A2K6DIW6,False,799,0,0.0
L0PCG4,False,800,0,0.0
A0A1B8CR84,False,801,0,0.0
A0A7L2IS31,False,802,0,0.0
A0A6P5T4P7,False,796,0,0.0
M5G4W6,False,803,0,0.0
F6ZKI9,False,804,0,0.0
A0A8X7YEB6,False,805,0,0.0
A0A177WS02,False,806,0,0.0
A0A0W0F4J0,False,807,0,0.0
A0A2U9B0B3,False,808,0,0.0
A0A4W5PLD5,False,809,0,0.0
A0A8H7VUZ0,False,810,0,0.0
F7BC17,False,811,0,0.0
A0A7F8RKT1,False,812,0,0.0
A0A2R8ZWS6,False,813,0,0.0
A0A7K6JT03,False,814,0,0.0
A0A8S4ATD3,False,815,0,0.0
S4RCI2,False,816,0,0.0
A0A8P4G6B8,False,817,0,0.0
A0A915J4C8,False,818,0,0.0
A0A1L9UW38,False,819,0,0.0
A0A5J5MN95,False,811,0,0.0
A0A8H4LKH4,False,820,0,0.0
A0A6M4B989,False,821,0,0.0
A0A7J7Q1N5,False,822,0,0.0
G8ZQ50,False,823,0,0.0
S8BWG3,False,824,0,0.0
R7YP62,False,825,0,0.0
A0A1Q2YBR2,False,826,0,0.0
E1ZGT6,False,827,0,0.0
A0A7D8Z7V3,False,828,0,0.0
A0A1Y2H114,False,829,0,0.0
G1XRX3,False,830,0,0.0
U1HVH5,False,831,0,0.0
A0A1J7JW87,False,832,0,0.0
C6HKD8,False,833,0,0.0
A0A656KFI7,False,834,0,0.0
A0A8A3PGF7,False,835,0,0.0
A0A3M7NQ46,False,836,0,0.0
A0A1G8S6S5,False,837,0,0.0
A0A0P1LWG8,False,838,0,0.0
A0A7K7TTK1,False,839,0,0.0
A0A8J6G4N9,False,840,0,0.0
A0A074MEN3,False,841,0,0.0
A0A915P4B8,False,842,0,0.0
A0A7K6I679,False,843,0,0.0
A0A1T1ARA8,False,844,0,0.0
A0A1D9P9H7,False,845,0,0.0
A0A0E4FYZ1,False,846,0,0.0
A0A285SQE7,False,847,0,0.0
A0A1G9UZN0,False,848,0,0.0
A0A7K5GWV2,False,849,0,0.0
C4RGV0,False,850,0,0.0
W2S1E9,False,851,0,0.0
S5SUD8,False,852,0,0.0
A0A369PZC9,False,853,0,0.0
A0A8H5LKM2,False,854,0,0.0
A0A1V2DX54,False,855,0,0.0
A0A0A7EEZ8,False,856,0,0.0
W9AJW2,False,857,0,0.0
A0A0B4RB24,False,858,0,0.0
A0A929KGK8,False,859,0,0.0
N8ZMT7,False,860,0,0.0
A0A8J7Y919,False,861,0,0.0
A0A1C0YE80,False,862,0,0.0
J1EJ11,False,863,0,0.0
A0A1B8EJP8,False,864,0,0.0
A0A7J6DES8,False,865,0,0.0
A0A5Q3S4A8,False,866,0,0.0
A0A399HG91,False,867,0,0.0
A0A7H8JNX7,False,868,0,0.0
A0A2N3IKY1,False,869,0,0.0
A0A160N0U1,False,870,0,0.0
A0A931E7G2,False,871,0,0.0
L1NVX8,False,872,0,0.0
A0A1G9UJQ7,False,873,0,0.0
A0A0C7N3Y9,False,874,0,0.0
A0A8T0QM46,False,875,0,0.0
W2UIL9,False,876,0,0.0
A0A652KXP3,False,877,0,0.0
A0A239JRQ7,False,878,0,0.0
A0A1A3T5Z0,False,879,0,0.0
A0A168Q1L8,False,880,0,0.0
A0A2I2G5X7,False,881,0,0.0
A0A397GMD3,False,882,0,0.0
A0A0A7I6V0,False,883,0,0.0
A0A917WY32,False,884,0,0.0
A0A7Z7IMG6,False,885,0,0.0
A0A6C0Q242,False,886,0,0.0
C5CB33,False,887,0,0.0
A0A8C4VUX7,False,888,0,0.0
A0A3F2UYW1,False,889,0,0.0
G9PIT7,False,890,0,0.0
A0A1B1ZS55,False,891,0,0.0
A0A917BQ99,False,892,0,0.0
A0A4U5NUD1,False,893,0,0.0
A0A8J3AAT6,False,894,0,0.0
E1VQW4,False,895,0,0.0
D8PNB2,False,896,0,0.0
A0A146FFA0,False,897,0,0.0
A0A8H6IR44,False,898,0,0.0
A0A011ABX7,False,899,0,0.0
A0A1Y2VGU4,False,900,0,0.0
A0A917X238,False,901,0,0.0
A0A1B6ZEX9,False,902,0,0.0
A0A5S4GS05,False,903,0,0.0
A0A8H4J6Y1,False,904,0,0.0
A0A0P0SG68,False,905,0,0.0
A0A0G3UST4,False,906,0,0.0
W7MUJ9,False,907,0,0.0
E3M4Q9,False,908,0,0.0
A0A5N6E088,False,909,0,0.0
A0A8H4X3Z2,False,910,0,0.0
A0A4U6XH95,False,911,0,0.0
A0A255HAA7,False,912,0,0.0
A0A7K5EDT4,False,914,0,0.0
A0A9D4AQF5,False,915,0,0.0
A0A7K5CUU9,False,916,0,0.0
A0A340XAJ7,False,917,0,0.0
A0A6P3EWK7,False,918,0,0.0
A0A7K8XDJ1,False,919,0,0.0
A0A091PV20,False,920,0,0.0
A0A671NB82,False,921,0,0.0
A0A7K5IXC4,False,922,0,0.0
F7EUI9,False,923,0,0.0
A0A851NR48,False,924,0,0.0
A0A8B9P4Z7,False,925,0,0.0
A0A7K5XF98,False,926,0,0.0
A0A3P8WAT2,False,927,0,0.0
A0A8C7CRW8,False,928,0,0.0
A0A8C2ZZY8,False,929,0,0.0
A0A8C3L3S9,False,930,0,0.0
A0A671Z4U3,False,931,0,0.0
A0A5J5D9A5,False,932,0,0.0
A0A1S3F907,False,933,0,0.0
A0A1I3J3F3,False,934,0,0.0
A0A839IMD2,False,935,0,0.0
D7DJ24,False,936,0,0.0
A0A8J4DKT6,False,937,0,0.0
R9KSU0,False,938,0,0.0
A0A7Z2ZR13,False,939,0,0.0
A0A0M3QGI6,False,940,0,0.0
A0A0K6IYM6,False,941,0,0.0
A0A843B4X1,False,942,0,0.0
A0A0L6JH37,False,943,0,0.0
A0A0U3EBJ7,False,944,0,0.0
A0A5M6ILB7,False,945,0,0.0
A0A923HWG7,False,946,0,0.0
A0A540V262,False,947,0,0.0
K0B2W8,False,948,0,0.0
A0A4R3YI96,False,949,0,0.0
A0A428YWA6,False,950,0,0.0
A0A8E6B716,False,951,0,0.0
A0A8S0GUR5,False,952,0,0.0
A0A3N6EHM8,False,953,0,0.0
A0A6M0HQB3,False,954,0,0.0
A0A1H1KFM4,False,955,0,0.0
D7DS38,False,956,0,0.0
A0A1G7G9Z6,False,957,0,0.0
A0A1W2EER1,False,958,0,0.0
A0A5B0BHK8,False,959,0,0.0
A0A944J860,False,960,0,0.0
B8GDK9,False,961,0,0.0
A0A5C6A889,False,962,0,0.0
A0A2P7S6V3,False,963,0,0.0
A0A1X4HW85,False,960,0,0.0
A0A9U5FV90,False,964,0,0.0
A0A328S857,False,965,0,0.0
A0A5Q0H2T1,False,966,0,0.0
A0A9J6P255,False,967,0,0.0
A0A1M5QTV6,False,968,0,0.0
A0A542ANL5,False,969,0,0.0
F0YZA5,False,970,0,0.0
G8UI85,False,971,0,0.0
A0A1H0W0N1,False,972,0,0.0
A0A3G9GTB5,False,973,0,0.0
E1QVI7,False,974,0,0.0
A0A858BY27,False,969,0,0.0
A0A1G9RKN4,False,967,0,0.0
A0A0P6Y204,False,972,0,0.0
A0A927GUD0,False,975,0,0.0
A0A3D9STC7,False,976,0,0.0
A0A250IJ71,False,977,0,0.0
A0A561E8I6,False,978,0,0.0
A0A1B9F1Q3,False,979,0,0.0
A0A1J7BC88,False,980,0,0.0
A0A0N1NJ52,False,981,0,0.0
A0A1I7JA08,False,982,0,0.0
A0A3N2QRV6,False,983,0,0.0
A0A7W5EMW9,False,984,0,0.0
A0A7K1UL86,False,985,0,0.0
A0A238KJI9,False,986,0,0.0
A0A7K0DSA2,False,987,0,0.0
A0A3S3SBB0,False,988,0,0.0
A4BLT4,False,989,0,0.0
A0A3Q1FNW2,False,990,0,0.0
A0A7E6F9R5,False,991,0,0.0
A0A6J0ILX5,False,992,0,0.0
A0A2K5I549,False,993,0,0.0
A0A6P7Z0J6,False,994,0,0.0
A0A8C3KQT7,False,995,0,0.0
A0A7L1U9A7,False,996,0,0.0
A0A8B9SE65,False,997,0,0.0
A0A7M4FH28,False,998,0,0.0
A0A8C9FP63,False,999,0,0.0
A0A6P7YVN0,False,1000,0,0.0
M3WEF7,False,1001,0,0.0
A0A7K5SHB3,False,1002,0,0.0
A0A811V7J4,False,1003,0,0.0
A0A6P7MX75,False,1004,0,0.0
A0A7J8HG29,False,1005,0,0.0
A0A3Q7T074,False,1006,0,0.0
A0A7L0DLH9,False,1007,0,0.0
A0A484CR77,False,1008,0,0.0
C4ZIW2,False,1009,0,0.0
A0A346QZW6,False,1010,0,0.0
M2U8E7,False,1011,0,0.0
A0A376CNH1,False,1012,0,0.0
A0A223D5N0,False,1013,0,0.0
N6X5P4,False,1014,0,0.0
C5WCF5,False,1015,0,0.0
A0A4Q1ZUL4,False,1016,0,0.0
A0A0D6SZE5,False,1017,0,0.0
A0A3S2VE66,False,1018,0,0.0
Q26GE3,False,1019,0,0.0
A0A941CAQ3,False,1020,0,0.0
A0A8S1BW62,False,1021,0,0.0
A0A2A4B8M1,False,1022,0,0.0
A0A6A6MSL8,False,1023,0,0.0
A0A4R6DQT8,False,1024,0,0.0
A0A060WQS3,False,1025,0,0.0
A0A7K6D048,False,1026,0,0.0
A0A850VT56,False,1027,0,0.0
A0A852N5G0,False,1028,0,0.0
A0A7L1P744,False,1029,0,0.0
A0A3Q0D633,False,1030,0,0.0
A0A8C6TTB3,False,1031,0,0.0
A0A8C3SS82,False,1032,0,0.0
A0A2I0SLX7,False,1033,0,0.0
A0A6P6MF24,False,1034,0,0.0
A0A8C6CSL2,False,1035,0,0.0
A0A7L1V249,False,1036,0,0.0
A0A7L2EP24,False,1037,0,0.0
A0A8C3HHH6,False,1038,0,0.0
A0A1G9PDH3,False,1039,0,0.0
A0A7K9S5Z4,False,1040,0,0.0
A0A1H6Z7R1,False,1041,0,0.0
A0A927IKE1,False,1042,0,0.0
A0A8B9D5Y2,False,1043,0,0.0
A0A674D146,False,1044,0,0.0
A0A7K9TH07,False,1045,0,0.0
A0A673VCJ3,False,1046,0,0.0
A0A667Z173,False,1047,0,0.0
A0A4W5LZK7,False,1048,0,0.0
A0A5F8HCB4,False,1049,0,0.0
A0A8C4PM64,False,1050,0,0.0
A0A7N4NQ86,False,1051,0,0.0
G1NE63,False,1052,0,0.0
A0A8D0A2V9,False,1053,0,0.0
A0A6P5DKX6,False,1054,0,0.0
A0A384B8S4,False,1055,0,0.0
A0A8C8S2M8,False,1056,0,0.0
A0A553NKD3,False,1057,0,0.0
A0A4W5M135,False,1058,0,0.0
A0A3Q0E460,False,1059,0,0.0
A0A8D2KHU5,False,1060,0,0.0
A0A093Q4M4,False,1061,0,0.0
A0A6J8CJ96,False,1062,0,0.0
A0A8D2HJV9,False,1063,0,0.0
A0A1H4JU14,False,1064,0,0.0
A0A916SPC2,False,1065,0,0.0
A0A367R7L0,False,1066,0,0.0
A0A951PUJ7,False,1067,0,0.0
A0A0P9EL63,False,1068,0,0.0
Q8V9Q3,False,1069,0,0.0
A0A5P8WK33,False,1070,0,0.0
K9W712,False,1071,0,0.0
A0A7T5JHA5,False,1072,0,0.0
Q8GF42,False,1073,0,0.0
A0A086ZD96,False,1074,0,0.0
B2A8N3,False,1075,0,0.0
A0A1B3SN08,False,1076,0,0.0
A0A1H0M497,False,1077,0,0.0
H0Z810,False,1078,0,0.0
A0A093BQF1,False,1079,0,0.0
A0A7J8D1Z5,False,1080,0,0.0
A0A852DJZ0,False,1081,0,0.0
A0A2K6GGK8,False,1080,0,0.0
A0A8J4NA58,False,1082,0,0.0
A0A7K7QQW6,False,1083,0,0.0
A0A850UAS7,False,1084,0,0.0
A0A6I9HMZ9,False,1078,0,0.0
A0A8C3JY87,False,1085,0,0.0
A0A674INM4,False,1086,0,0.0
A0A069DS26,False,1087,0,0.0
A0A6M0Q799,False,1088,0,0.0
A0A1G5S0C0,False,1089,0,0.0
G4T2S9,False,1090,0,0.0
A0A0C2VRK9,False,1091,0,0.0
A0A2W1NC44,False,1092,0,0.0
Q1K4C3,False,1093,0,0.0
A0A3R9ZWI3,False,1094,0,0.0
A0A2W4F0H9,False,1095,0,0.0
A0A1E8EXN4,False,1096,0,0.0
A0A099SGC9,False,1097,0,0.0
A0A1J6VU74,False,1098,0,0.0
A0A7W9BM32,False,1099,0,0.0
A0A0M0GRQ7,False,1100,0,0.0
A0A0R0MJT4,False,1101,0,0.0
A0A0H3JB67,False,1102,0,0.0
A0A1Y1RYG2,False,1103,0,0.0
A0A2K8XGL2,False,1104,0,0.0
A0A1M6I0E6,False,1105,0,0.0
A0A372DSL1,False,1106,0,0.0
A0A654E2F6,False,1107,0,0.0
A0A8U0M5S4,False,1108,0,0.0
A0A0F5JR93,False,1109,0,0.0
A0A7U3ZR44,False,1110,0,0.0
G8XAM8,False,1111,0,0.0
R5B473,False,1112,0,0.0
A0A4Q7MQA9,False,1113,0,0.0
A0A170YW09,False,1114,0,0.0
A0A1A7QE38,False,1115,0,0.0
A0A7X8N8A0,False,1116,0,0.0
A0A0P7B183,False,1117,0,0.0
A0A8J3GAI2,False,1118,0,0.0
A0A2P7TVN2,False,1119,0,0.0
A0A1P8RU80,False,1120,0,0.0
A0A843TAB7,False,1121,0,0.0
A0A7Y0PCH5,False,1122,0,0.0
A0A075LRI4,False,1123,0,0.0
A0A263D1B7,False,1124,0,0.0
A0A2N3HH91,False,1125,0,0.0
A0A4R6ICG1,False,1126,0,0.0
B1FVI2,False,1127,0,0.0
A0A1Q4VKN6,False,1128,0,0.0
C1DVJ9,False,1129,0,0.0
B2VFC5,False,1130,0,0.0
A0A421BN77,False,1131,0,0.0
U5MNK8,False,1132,0,0.0
A0A8J6M8I4,False,1133,0,0.0
A0A7V7FR86,False,1134,0,0.0
A0A6B3HX05,False,1135,0,0.0
A0A8J5WXP4,False,1136,0,0.0
I1D312,False,1137,0,0.0
A0A543AQ00,False,1138,0,0.0
A0A1S2SXN1,False,1139,0,0.0
A0A8S0GRC6,False,1140,0,0.0
A1SL23,False,1141,0,0.0
E6U1T8,False,1142,0,0.0
A0A6G0Y4D4,False,1143,0,0.0
A0A975F8B8,False,1144,0,0.0
A0A1Q4YJ67,False,1145,0,0.0
K9Z365,False,1146,0,0.0
W1RWV5,False,1147,0,0.0
A0A1V1ZKH2,False,1148,0,0.0
A0A1H9PTF8,False,1149,0,0.0
A0A926JB21,False,1150,0,0.0
A0A840IMG4,False,1151,0,0.0
A0A3P4A8S5,False,1152,0,0.0
H2FY06,False,1153,0,0.0
A0A1M7EI17,False,1154,0,0.0
A0A0H3ENS9,False,1155,0,0.0
A0A3B6IUZ9,False,1156,0,0.0
Q03RJ7,False,1157,0,0.0
A0A1I6K376,False,1158,0,0.0
A0A813E742,False,1159,0,0.0
A0A3P8SJS2,False,1160,0,0.0
A0A672NRW8,False,1161,0,0.0
A0A850X8L5,False,1162,0,0.0
A0A8B6D727,False,1163,0,0.0
A0A7K7ERN6,False,1164,0,0.0
A0A5P1ELM7,False,1165,0,0.0
A0A8J4P1T3,False,1166,0,0.0
A0A811YX94,False,1167,0,0.0
A0A1Z5J851,False,1168,0,0.0
A0A226F3D3,False,1169,0,0.0
A0A6P8GEE7,False,1170,0,0.0
A0A8K0ENJ3,False,1171,0,0.0
A0A672GHD5,False,1172,0,0.0
A0A672GFU8,False,1173,0,0.0
A0A7L1HFS5,False,1174,0,0.0
A0A6F9B9V9,False,1175,0,0.0
A0A7L0HJY4,False,1176,0,0.0
A0A2K6DG67,False,1177,0,0.0
A0A8C1AM90,False,1178,0,0.0
A0A5P1R9Q0,False,1179,0,0.0
W4QBN0,False,1180,0,0.0
A0A0Q3I538,False,1181,0,0.0
K1WW63,False,1182,0,0.0
L0KBY3,False,1183,0,0.0
T2KMV7,False,1184,0,0.0
A0A101JYW8,False,1185,0,0.0
A0A814PE54,False,1186,0,0.0
A0A810QAB2,False,1187,0,0.0
A0A813FNK2,False,1188,0,0.0
A0A0J1IIJ2,False,1189,0,0.0
A0A6M0H4V5,False,1190,0,0.0
E6SN52,False,1191,0,0.0
A0A4R5NEN9,False,1192,0,0.0
A0A670YUG0,False,1193,0,0.0
A0A511N5P5,False,1194,0,0.0
A0A917N3D9,False,1195,0,0.0
A0A813GBC1,False,1196,0,0.0
A0A430AHH7,False,1197,0,0.0
A0A371QK00,False,1198,0,0.0
A0A0F4LQB2,False,1199,0,0.0
A0A671P4D9,False,1200,0,0.0
A0A2N0Z473,False,1201,0,0.0
A0A563CP44,False,1202,0,0.0
A0A1G4SCC0,False,1203,0,0.0
A0A1Q4VBS0,False,1204,0,0.0
A0A7J6URP9,False,1205,0,0.0
G7J2L0,False,1206,0,0.0
A0A7W2IDX8,False,1207,0,0.0
A0A2P4ZR24,False,1208,0,0.0
R6Z1Q5,False,1209,0,0.0
A0A1M6GK96,False,1210,0,0.0
A0A5B9G4D6,False,1211,0,0.0
A0A5C5UNH5,False,1212,0,0.0
J3KWG5,False,1213,0,0.0
A0A919X1G0,False,1214,0,0.0
A0A255GQ25,False,1215,0,0.0
A0A656HI16,False,1216,0,0.0
A0A1B7TII1,False,1217,0,0.0
A0A183IT61,False,1218,0,0.0
A0A8B7TI69,False,1219,0,0.0
A0A8C2WJP7,False,1220,0,0.0
A0A550CIS8,False,1221,0,0.0
A0A8H4M7C6,False,1222,0,0.0
A0A667WPM7,False,1223,0,0.0
A0A0D3DJ83,False,1224,0,0.0
A0A2T9ZJX6,False,1225,0,0.0
A0A7K5H0Q9,False,1226,0,0.0
A0A7N5JUA3,False,1227,0,0.0
I1BK20,False,1228,0,0.0
A0A8D2CRL1,False,1229,0,0.0
A0A8C7GAX4,False,1230,0,0.0
A0A060VXB7,False,1231,0,0.0
A0A671REA7,False,1232,0,0.0
A0A8C3YQ78,False,1233,0,0.0
A0A0D2D050,False,1234,0,0.0
A0A8J5ZMJ9,False,1235,0,0.0
A0A8H5P6H8,False,1236,0,0.0
A0A1Y1YH98,False,1237,0,0.0
D8FY78,False,1238,0,0.0
A0A5E3XC51,False,1239,0,0.0
A0A089XJZ9,False,1240,0,0.0
A0A1B1Q4I5,False,1241,0,0.0
A0A3S8UBM9,False,1242,0,0.0
A0A6L8UWL3,False,1243,0,0.0
A0A3N6XXG4,False,1244,0,0.0
A0A255GK41,False,1245,0,0.0
A0A6B2XAG5,False,1246,0,0.0
A0A1S2PN58,False,1247,0,0.0
A0A1I5V528,False,1248,0,0.0
A0A4W4H9S5,False,1249,0,0.0
A0A078KEE4,False,1250,0,0.0
A0A1V3TTY5,False,1251,0,0.0
A0A830HVZ8,False,1252,0,0.0
A0A1I3BRW6,False,1253,0,0.0
A0A1Q2HZ08,False,1254,0,0.0
A0A0F6TCJ3,False,1255,0,0.0
A0A3M8K9Q6,False,1256,0,0.0
Q6NFA0,False,1257,0,0.0
A0A6B8W8P2,False,1258,0,0.0
A0A2N6T6T4,False,1259,0,0.0
A0A3G6J3W1,False,1260,0,0.0
A0A1G9P3I7,False,1261,0,0.0
A0A939E3T5,False,1262,0,0.0
A0A4P7QI82,False,1263,0,0.0
A0A0N8W0B0,False,1264,0,0.0
A0A097II87,False,1265,0,0.0
W5Y3X6,False,1266,0,0.0
A0A2U1T5W9,False,1267,0,0.0
A0A110A960,False,1268,0,0.0
Q8NM90,False,1269,0,0.0
Q8FMG9,False,1270,0,0.0
A0A133ZA49,False,1271,0,0.0
A0A4Q4U6Z4,False,1272,0,0.0
A0A6J3D172,False,1273,0,0.0
A0A5N4EEH0,False,1274,0,0.0
A0A093R0Q4,False,1275,0,0.0
A0A2H5RAX4,False,1276,0,0.0
A0A852LBI3,False,1277,0,0.0
A0A0F4ZKW1,False,1278,0,0.0
M2SNW4,False,1279,0,0.0
A0A165TIF3,False,1280,0,0.0
A0A7L0IC25,False,1273,0,0.0
G2R699,False,1281,0,0.0
A0A1B9FW11,False,1282,0,0.0
A0A7L1WFP3,False,1273,0,0.0
A0A0D2KGN0,False,1283,0,0.0
M3AKJ5,False,1284,0,0.0
C5FLN7,False,1285,0,0.0
K7GEB9,False,1286,0,0.0
U7PWA9,False,1287,0,0.0
A0A1B9H421,False,1288,0,0.0
Q2HBQ7,False,1289,0,0.0
A0A080WQD1,False,1290,0,0.0
A0A2A9N829,False,1291,0,0.0
A0A7L1IRR6,False,1292,0,0.0
A0A3Q1MBB4,False,1293,0,0.0
A7S3D2,False,1294,0,0.0
A0A409VG81,False,1295,0,0.0
A0A316U630,False,1296,0,0.0
A0A168LNB3,False,1297,0,0.0
A0A1V6P3L4,False,1298,0,0.0
A0A8H7BWC7,False,1299,0,0.0
A0A7L2JQ96,False,1300,0,0.0
A0A5C3QQ74,False,1301,0,0.0
J7SA08,False,1302,0,0.0
A0A1I7IF74,False,1303,0,0.0
A0A514BU60,False,1304,0,0.0
A0A4S4AVI9,False,1305,0,0.0
A0A556PXI6,False,1306,0,0.0
A0A291GEA7,False,1307,0,0.0
A0A558NJ27,False,1308,0,0.0
I3YDU5,False,1309,0,0.0
A0A7V8TRQ5,False,1310,0,0.0
A0A7X4GL21,False,1311,0,0.0
A0A068YUT1,False,1312,0,0.0
A0A3D8VJJ0,False,1313,0,0.0
A0A1S9AI78,False,1314,0,0.0
A0A8I0FRB0,False,1315,0,0.0
F0Q8Q4,False,1316,0,0.0
A0A4Q0MH74,False,1317,0,0.0
W6M2T5,False,1318,0,0.0
A0A4R3N650,False,1319,0,0.0
A0A024HMP8,False,1320,0,0.0
A0A136A1H4,False,1321,0,0.0
R4YK80,False,1322,0,0.0
A0A348B2J8,False,1323,0,0.0
A0A8D5U385,False,1324,0,0.0
A0A031LMW4,False,1324,0,0.0
A0A650CLK8,False,1326,0,0.0
A0A9E4ZR76,False,1327,0,0.0
H2C2U0,False,1324,0,0.0
A0A125SJ97,False,1326,0,0.0
I0IPW2,False,1328,0,0.0
A0A0D5NM43,False,1329,0,0.0
A0A368W8V3,False,1330,0,0.0
A0A073CMV2,False,1331,0,0.0
D7UZ87,False,1332,0,0.0
A0A1I4QPF2,False,1333,0,0.0
A0A1H9KTC4,False,1334,0,0.0
A0A1W1X4P4,False,1335,0,0.0
A0A1B1Z6C2,False,1336,0,0.0
A0A553G239,False,1337,0,0.0
A0A396SBU7,False,1338,0,0.0
A0A368XH43,False,1339,0,0.0
H1XRD9,False,1340,0,0.0
A0A1I2JHS8,False,1341,0,0.0
A0A841R5W2,False,1342,0,0.0
R5P3P2,False,1343,0,0.0
A0A075KIR2,False,1344,0,0.0
S0JB69,False,1345,0,0.0
A0A119A202,False,1346,0,0.0
A0A318UNL1,False,1347,0,0.0
A0A316AHZ8,False,1348,0,0.0
A0A975FAM9,False,1349,0,0.0
A0A916Y2P5,False,1350,0,0.0
N1WI00,False,1351,0,0.0
A0A6L6GZA3,False,1352,0,0.0
A0A3E1NEF1,False,1353,0,0.0
M3FBI9,False,1354,0,0.0
A0A7H0HKN7,False,1355,0,0.0
A0A5E8AHG1,False,1356,0,0.0
A0A972JMJ4,False,1357,0,0.0
A0A5C5UCP9,False,1358,0,0.0
A0A6M6BN25,False,1359,0,0.0
A0A2N0WTM9,False,1360,0,0.0
A0A975H790,False,1361,0,0.0
A0A150ADS0,False,1362,0,0.0
A7II09,False,1363,0,0.0
A0A916WFT4,False,1364,0,0.0
A0A1Y0I8C8,False,1365,0,0.0
A0A401UAX0,False,1366,0,0.0
A0A1D3TQU4,False,1367,0,0.0
A0A4Z0PWQ6,False,1368,0,0.0
G0J1K1,False,1369,0,0.0
A0A939DHW8,False,1370,0,0.0
A0A7L9S8M2,False,1371,0,0.0
A0A2U1CK83,False,1372,0,0.0
A0A1H9DJU5,False,1373,0,0.0
A0A7U3ZNE2,False,1374,0,0.0
A0A3N2R1N5,False,1375,0,0.0
A0A1W7M9V8,False,1376,0,0.0
A0A926XXQ9,False,1377,0,0.0
A0A318T7S4,False,1378,0,0.0
A0A0Q8XD07,False,1379,0,0.0
A0A6J4XLM7,False,1380,0,0.0
A0A937CTD7,False,1381,0,0.0
A0A7Z2VGK9,False,1382,0,0.0
A0A559QTB6,False,1383,0,0.0
A0A0S2HV95,False,1384,0,0.0
A0A4P6ETP6,False,1385,0,0.0
R2RUC4,False,1386,0,0.0
A0A6F8ZI50,False,1387,0,0.0
A0A143HAH7,False,1388,0,0.0
A0A1H7XEN1,False,1389,0,0.0
A0A5C5ULG4,False,1390,0,0.0
A0A292YSQ4,False,1391,0,0.0
B7K0M5,False,1392,0,0.0
A0A127V859,False,1393,0,0.0
A0A919X1P8,False,1394,0,0.0
S0G0Z9,False,1395,0,0.0
A0A1Z4N151,False,1396,0,0.0
A0A4U7JCL7,False,1397,0,0.0
A0A370QBB1,False,1398,0,0.0
A0A3P1ZZ45,False,1399,0,0.0
A6LEA2,False,1400,0,0.0
A0A518CQ37,False,1401,0,0.0
A0A2Z5T0M6,False,1402,0,0.0
A0A0H4L0N8,False,1403,0,0.0
A0A923DVA5,False,1404,0,0.0
A0A8C9DBG7,False,1405,0,0.0
A0A7K5X3N1,False,1406,0,0.0
A0A7L3SPP3,False,1407,0,0.0
A0A7R8CDG1,False,1408,0,0.0
A0A8K0ET58,False,1409,0,0.0
A0A8C5JL45,False,1410,0,0.0
G1TCY0,False,1411,0,0.0
A0A8J4YF75,False,1412,0,0.0
A0A7K8DH31,False,1413,0,0.0
A0A1D1VH49,False,1414,0,0.0
A8XUW0,False,1415,0,0.0
A0A8C3A4D8,False,1416,0,0.0
A0A850YET7,False,1417,0,0.0
A0A7L3P988,False,1418,0,0.0
A0A2U4BY13,False,1419,0,0.0
A0A2K6BDM6,False,1420,0,0.0
A0A7K6MWL8,False,1421,0,0.0
H0VYL9,False,1422,0,0.0
A0A4Z2BXF5,False,1423,0,0.0
A0A2Y9E6S1,False,1424,0,0.0
A0A7K7UQ20,False,1425,0,0.0
A0A9W2WMI6,False,1426,0,0.0
X0BCY9,False,1427,0,0.0
A0A8V1AEA8,False,1428,0,0.0
A0A8J0T3H0,False,1429,0,0.0
A0A8C6U9U8,False,1430,0,0.0
A0A6A5EAZ8,False,1431,0,0.0
A0A7L4BIS6,False,1432,0,0.0
A0A7L3D9A1,False,1433,0,0.0
A0A7K8J4J1,False,1434,0,0.0
A0A2K5UWA2,False,1435,0,0.0
A0A8I3Q5P5,False,1436,0,0.0
A0A8B7DNZ4,False,1437,0,0.0
A0A091D974,False,1438,0,0.0
A0A8C5GF13,False,1439,0,0.0
A0A0V0U0X7,False,1440,0,0.0
A0A7M7KCY2,False,1441,0,0.0
A0A8C1B554,False,1442,0,0.0
A0A7L1R282,False,1443,0,0.0
A0A556V9D1,False,1444,0,0.0
A0A7J5YDR1,False,1445,0,0.0
A0A7L1GS00,False,1446,0,0.0
A0A674H7I9,False,1447,0,0.0
G3R0E4,False,1448,0,0.0
A0A8J2QY21,False,1449,0,0.0
A0A0G4ITQ1,False,1450,0,0.0
A0A8U0P535,False,1451,0,0.0
A0A8C5C9J9,False,1452,0,0.0
A0A7K9K0E0,False,1453,0,0.0
A0A8C5CF69,False,1454,0,0.0
G0N5F8,False,1455,0,0.0
A0A7L4M5Y5,False,1456,0,0.0
A0A8C2X9X3,False,1457,0,0.0
A0A6P7XE09,False,1458,0,0.0
A0A671X149,False,1459,0,0.0
A0A195BMT9,False,1460,0,0.0
A0A6P9B039,False,1461,0,0.0
A0A8C8FMC1,False,1462,0,0.0
A0A7M7MZB4,False,1463,0,0.0
A0A852ISA0,False,1464,0,0.0
G5B1G5,False,1465,0,0.0
K7FRS5,False,1466,0,0.0
A0A5N4CPB0,False,1467,0,0.0
A0A8C6I7T8,False,1468,0,0.0
G5BIX0,False,1469,0,0.0
A0A1S3GR38,False,1470,0,0.0
A0A7N4PZX5,False,1471,0,0.0
A0A8C3YDR8,False,1472,0,0.0
A0A8D2B161,False,1473,0,0.0
A0A2Y9GSQ8,False,1474,0,0.0
A0A6P5CX57,False,1475,0,0.0
A0A6P7X1U1,False,1476,0,0.0
A0A7L4EUQ3,False,1477,0,0.0
A0A6J1VL77,False,1478,0,0.0
A0A6P5CIC6,False,1479,0,0.0
A0A384BIR9,False,1480,0,0.0
W5MY60,False,1481,0,0.0
A0A8C5JVU2,False,1482,0,0.0
A0A8S9Y7M1,False,1483,0,0.0
A0A8J5QSQ4,False,1484,0,0.0
A0A834Y264,False,1485,0,0.0
A0A833VUQ9,False,1486,0,0.0
A0A4S2KA27,False,1487,0,0.0
A0A310S6Z6,False,1488,0,0.0
F4X3V0,False,1489,0,0.0
A0A833RP21,False,1490,0,0.0
A0A9J6BC22,False,1491,0,0.0
A0A0M9A1V8,False,1492,0,0.0
A0A0P8Y2D3,False,1493,0,0.0
A0A834MUH2,False,1494,0,0.0
A0A195DQG4,False,1495,0,0.0
A0A151WSK3,False,1496,0,0.0
A0A653BEE0,False,1497,0,0.0
A0A6A4JHA2,False,1498,0,0.0
A0A6J3K4R4,False,1499,0,0.0
A0A6G1LQQ8,False,1500,0,0.0
A0A8S4RP10,False,1501,0,0.0
A0A6J1QNA7,False,1502,0,0.0
B3MVR1,False,1503,0,0.0
A0A139WGM0,False,1504,0,0.0
A0A6I8TR65,False,1505,0,0.0
A0A6G0X675,False,1506,0,0.0
A0A8J2JV04,False,1507,0,0.0
A0A6J1S8J3,False,1508,0,0.0
A0A8I6SVP5,False,1509,0,0.0
A0A834PC56,False,1510,0,0.0
B4QI57,False,1511,0,0.0
A0A6P8WJZ3,False,1512,0,0.0
A0A4E0RLZ5,False,1513,0,0.0
A7UV15,False,1514,0,0.0
A0A8X6GHL0,False,1515,0,0.0
A0A4C1ZTW2,False,1516,0,0.0
B4JTD6,False,1517,0,0.0
A0A151J5V0,False,1518,0,0.0
A0A7M7TB92,False,1519,0,0.0
A0A0M3QUX6,False,1520,0,0.0
A0A9J6C6H8,False,1521,0,0.0
B4Q7W2,False,1522,0,0.0
A0A2G5UZM0,False,1523,0,0.0
A0A3P7IUT6,False,1524,0,0.0
A0A0B1TD13,False,1525,0,0.0
A0A2G5SED5,False,1526,0,0.0
A0A2A6B566,False,1527,0,0.0
A0A368GEE6,False,1528,0,0.0
A0A016W9X6,False,1529,0,0.0
A0A2G5UWN5,False,1530,0,0.0
A0A2G5T747,False,1531,0,0.0
A0A8S1EB29,False,1532,0,0.0
G0P9T8,False,1533,0,0.0
E3MRY9,False,1534,0,0.0
A0A8R1HJZ0,False,1535,0,0.0
A0A8R1HL42,False,1536,0,0.0
A0A2G5SGF4,False,1537,0,0.0
E3NG49,False,1538,0,0.0
A0A016T287,False,1539,0,0.0
A0A261C193,False,1540,0,0.0
A0A016VRJ8,False,1541,0,0.0
A0A914WJS8,False,1542,0,0.0
A0A1I7S4G8,False,1543,0,0.0
A0A8R1HXV0,False,1544,0,0.0
A0A6V7TIP9,False,1545,0,0.0
A0A238BRV9,False,1546,0,0.0
A0A914X3L1,False,1547,0,0.0
A0A0D8XXY1,False,1548,0,0.0
A0A6V7UD83,False,1549,0,0.0
A0A8R1E7H5,False,1550,0,0.0
A0A0N5D1T1,False,1551,0,0.0
A0A915EQB0,False,1552,0,0.0
A0A8S1HF46,False,1553,0,0.0
A0A016SMR8,False,1554,0,0.0
A0A0D8Y5K3,False,1555,0,0.0
A0A8R1TM30,False,1556,0,0.0
A0A915PMN1,False,1557,0,0.0
A0A3P6RQZ2,False,1558,0,0.0
A0A2A6BTC6,False,1559,0,0.0
A0A2G5UGB0,False,1560,0,0.0
A0A2G5V5K0,False,1561,0,0.0
E3M4G3,False,1562,0,0.0
E3LWM3,False,1563,0,0.0
A0A8R1IEH9,False,1564,0,0.0
A0A2G5V594,False,1565,0,0.0
E3MB59,False,1566,0,0.0
E3M4G4,False,1567,0,0.0
A8WUJ8,False,1568,0,0.0
A0A2G5V584,False,1569,0,0.0
A0A260Z5F7,False,1570,0,0.0
E3NHR3,False,1571,0,0.0
E3M4G6,False,1572,0,0.0
E3LW84,False,1573,0,0.0
A0A8S1HNX5,False,1574,0,0.0
A0A158PBV4,False,1575,0,0.0
A0A8S1ENI8,False,1576,0,0.0
A0A2G9USJ9,False,1577,0,0.0
A0A8R1TWT4,False,1578,0,0.0
A0A2A6CQR0,False,1579,0,0.0
A0A914QK61,False,1580,0,0.0
A0A016UFQ4,False,1581,0,0.0
A0A0K0DLR9,False,1582,0,0.0
E3LL09,False,1583,0,0.0
A0A811L8K2,False,1584,0,0.0
Q965T8,False,1585,0,0.0
A0A2G5TBI6,False,1586,0,0.0
A0A7E4VKY7,False,1587,0,0.0
A0A0C2DAI1,False,1588,0,0.0
E3LHG6,False,1589,0,0.0
A8X1Z2,False,1590,0,0.0
Q9XVG1,False,1591,0,0.0
A0A8S1HVW1,False,1592,0,0.0
A0A3P7BQT0,False,1593,0,0.0
G0NEF5,False,1594,0,0.0
A0A3P6N996,False,1595,0,0.0
A0A016VQ80,False,1596,0,0.0
A0A0K3AVE3,False,1597,0,0.0
A0A2A2J5E2,False,1598,0,0.0
A8X7I6,False,1599,0,0.0
A0A6V7WG00,False,1600,0,0.0
A0A2A6C487,False,1601,0,0.0
A0A368FG16,False,1602,0,0.0
A0A0B1RWY9,False,1603,0,0.0
A0A914NT61,False,1604,0,0.0
A0A915CPT1,False,1605,0,0.0
E3MJL4,False,1606,0,0.0
A0A8R1HNA6,False,1607,0,0.0
A0A914HXN1,False,1608,0,0.0
A0A2A6C2A0,False,1609,0,0.0
A0A0B1TPI5,False,1610,0,0.0
A0A2A6CPG1,False,1611,0,0.0
G0NAA7,False,1612,0,0.0
A0A1I7SF21,False,1613,0,0.0
A0A6V7TZ74,False,1614,0,0.0
E3LL60,False,1615,0,0.0
A0A914TA82,False,1616,0,0.0
A8X1X3,False,1617,0,0.0
A0A8S1F0L3,False,1618,0,0.0
A0A8R1YGH7,False,1619,0,0.0
Q966I4,False,1620,0,0.0
O16909,False,1621,0,0.0
A0A261BLH8,False,1622,0,0.0
A0A2A2LJT1,False,1623,0,0.0
A8WTB9,False,1624,0,0.0
A0A261CMK9,False,1625,0,0.0
A0A2G5TFS6,False,1626,0,0.0
Q7YTT7,False,1627,0,0.0
A0A7E5A0M9,False,1628,0,0.0
A0A2G5SCG3,False,1629,0,0.0
A0A261BL13,False,1630,0,0.0
O45416,False,1631,0,0.0
A0A2A6C235,False,1632,0,0.0
A8XVV0,False,1633,0,0.0
Q965L7,False,1634,0,0.0
A0A2A6CM05,False,1635,0,0.0
A0A2A6CC81,False,1636,0,0.0
A0A914YH69,False,1637,0,0.0
A0A2G5TQ85,False,1638,0,0.0
E3LLV7,False,1639,0,0.0
E3LTQ1,False,1640,0,0.0
A0A2A6CPN3,False,1641,0,0.0
A0A2G5V7L0,False,1642,0,0.0
A0A914P7F1,False,1643,0,0.0
A0A2A6BPY0,False,1644,0,0.0
Q966C4,False,1645,0,0.0
A0A914DVU5,False,1646,0,0.0
E3NX47,False,1647,0,0.0
A0A2A6CJI4,False,1648,0,0.0
A0A261C425,False,1649,0,0.0
P91507,False,1650,0,0.0
A8Y408,False,1651,0,0.0
G0MTC3,False,1652,0,0.0
A0A2G5TAA6,False,1653,0,0.0
O17124,False,1654,0,0.0
A0A2G5TCT2,False,1655,0,0.0
B6IGE1,False,1656,0,0.0
E3LL63,False,1657,0,0.0
A8WQ73,False,1658,0,0.0
G0N8S1,False,1659,0,0.0
A8WPR5,False,1660,0,0.0
A0A0B2VU57,False,1661,0,0.0
A8WPR6,False,1662,0,0.0
O16981,False,1663,0,0.0
A0A8R1DN36,False,1664,0,0.0
A0A2G5T8Q8,False,1665,0,0.0
G0PG39,False,1666,0,0.0
A8Y407,False,1667,0,0.0
E3NDJ8,False,1668,0,0.0
A0A811L4R1,False,1669,0,0.0
A0A4U5N0N7,False,1670,0,0.0
A0A914VCV3,False,1671,0,0.0
A0A6V7WHC5,False,1672,0,0.0
A0A915NQW5,False,1673,0,0.0
A0A914GZH0,False,1674,0,0.0
A0A2G5TFD8,False,1675,0,0.0
A0A261BNP4,False,1676,0,0.0
A0A6G0UY37,False,1677,0,0.0
A0A6V7XP04,False,1678,0,0.0
A8X264,False,1679,0,0.0
A0A0C2DC33,False,1680,0,0.0
A0A8R1ITY2,False,1681,0,0.0
A0A6V7VXP0,False,1682,0,0.0
G0N293,False,1683,0,0.0
A0A914V438,False,1684,0,0.0
A0A914X1Y5,False,1685,0,0.0
A0A183J6U4,False,1686,0,0.0
A0A7I8WVD2,False,1687,0,0.0
A0A6V7VV42,False,1688,0,0.0
A0A4U5MT80,False,1689,0,0.0
A0A2G5TDW6,False,1690,0,0.0
E3LHU1,False,1691,0,0.0
A0A6V7VVA2,False,1692,0,0.0
A0A0C2DVU2,False,1693,0,0.0
A0A168H4B1,False,1694,0,0.0
A0A260Z0T1,False,1695,0,0.0
A0A8S9ZQ06,False,1696,0,0.0
A0A0B2VFW1,False,1697,0,0.0
A8XB27,False,1698,0,0.0
A0A915PBU3,False,1699,0,0.0
A0A914N9U9,False,1700,0,0.0
A0A0D8XXX8,False,1701,0,0.0
A0A261CLD7,False,1702,0,0.0
A0A2G5T9V7,False,1703,0,0.0
G0NDR4,False,1704,0,0.0
A0A915EW30,False,1705,0,0.0
A0A3P7ILB3,False,1706,0,0.0
E3NWI3,False,1707,0,0.0
A0A2A6C471,False,1708,0,0.0
G0P7C4,False,1709,0,0.0
A8WPR7,False,1710,0,0.0
A0A8R1HMJ2,False,1711,0,0.0
E3LIC5,False,1712,0,0.0
A0A261BQB1,False,1713,0,0.0
A0A8R1DL67,False,1714,0,0.0
A0A2G5TM55,False,1715,0,0.0
A8XDT3,False,1716,0,0.0
O62470,False,1717,0,0.0
O45475,False,1718,0,0.0
E3NB08,False,1719,0,0.0
G0PDA7,False,1720,0,0.0
A0A016SNC4,False,1721,0,0.0
E3NTN7,False,1722,0,0.0
J7SEY9,False,1723,0,0.0
E3ND77,False,1724,0,0.0
E3NG28,False,1725,0,0.0
A8XVH6,False,1726,0,0.0
A0A2G5TDM3,False,1727,0,0.0
A0A914LTA4,False,1728,0,0.0
A0A0K0FAL8,False,1729,0,0.0
A0A2A6C7A4,False,1730,0,0.0
A0A914VFQ5,False,1731,0,0.0
E3NU53,False,1732,0,0.0
A0A016X0B4,False,1733,0,0.0
G0NW39,False,1734,0,0.0
A0A914W5C8,False,1735,0,0.0
A0A914FR29,False,1736,0,0.0
A0A6G0V721,False,1737,0,0.0
A0A2A6CQU3,False,1738,0,0.0
A0A0B2UTX0,False,1739,0,0.0
A0A2A6C2F3,False,1740,0,0.0
A0A914WYZ2,False,1741,0,0.0
A0A016T404,False,1742,0,0.0
A0A914XBL2,False,1743,0,0.0
A0A914WGG4,False,1744,0,0.0
A0A0K0FAM1,False,1745,0,0.0
G0N992,False,1746,0,0.0
A0A0B2V893,False,1747,0,0.0
A0A158QQG4,False,1748,0,0.0
A0A0V1LV50,False,1749,0,0.0
A0A0D8YBN4,False,1750,0,0.0
E3MC56,False,1751,0,0.0
E3LPE9,False,1752,0,0.0
A0A0V0V2T5,False,1753,0,0.0
A0A8B8EFJ3,False,1754,0,0.0
Q9XTR6,False,1755,0,0.0
A0A6P4G0E9,False,1756,0,0.0
A0A0R3PZ41,False,1757,0,0.0
B4N360,False,1758,0,0.0
A0A0L7L7E5,False,1759,0,0.0
A0A2T7PD04,False,1760,0,0.0
A0A2G5SFE1,False,1761,0,0.0
A0A9C6X6T8,False,1762,0,0.0
A0A8S3YHL4,False,1763,0,0.0
A0A260ZT69,False,1764,0,0.0
A0A8J2HBK6,False,1765,0,0.0
Q7YTM3,False,1766,0,0.0
A0A261BQ77,False,1767,0,0.0
A0A915NKM5,False,1768,0,0.0
A0A498SDY0,False,1769,0,0.0
A0A016SZY4,False,1770,0,0.0
A0A182ENF6,False,1771,0,0.0
A0A915K8F8,False,1772,0,0.0
A0A0K0EFW4,False,1773,0,0.0
A0A0B1SAS5,False,1774,0,0.0
A0A0D8Y404,False,1775,0,0.0
A0A914J539,False,1776,0,0.0
A0A6G0ULQ7,False,1777,0,0.0
A8Y043,False,1778,0,0.0
A0A914JXE6,False,1779,0,0.0
A0A8J2LXV3,False,1780,0,0.0
A0A090MWH5,False,1781,0,0.0
A0A3S1BIS2,False,1782,0,0.0
A0A261B7G6,False,1783,0,0.0
A0A915D5K9,False,1784,0,0.0
A0A2G5T9L7,False,1785,0,0.0
A8Y019,False,1786,0,0.0
A0A016UFY7,False,1787,0,0.0
E3MHA1,False,1788,0,0.0
E3M996,False,1789,0,0.0
A0A261C2S1,False,1790,0,0.0
G0NMY1,False,1791,0,0.0
E3NQ87,False,1792,0,0.0
H8WGZ2,False,1793,0,0.0
G0PAU7,False,1794,0,0.0
A0A261CJP5,False,1795,0,0.0
G0NT20,False,1796,0,0.0
O45615,False,1797,0,0.0
A0A261CFG8,False,1798,0,0.0
A0A261BGC2,False,1799,0,0.0
Q9XV83,False,1800,0,0.0
A0A8S1HX12,False,1801,0,0.0
G0NTK8,False,1802,0,0.0
A8Y2R1,False,1803,0,0.0
E3MIX8,False,1804,0,0.0
A0A261C225,False,1805,0,0.0
A0A2G5SHP2,False,1806,0,0.0
A0A2G5TAA9,False,1807,0,0.0
A0A2G5TPS4,False,1808,0,0.0
A0A260ZJU0,False,1809,0,0.0
A0A0N4WU11,False,1810,0,0.0
A0A2A6CP16,False,1811,0,0.0
A0A0K0DHY6,False,1812,0,0.0
A0A915P819,False,1813,0,0.0
A0A7I8WG41,False,1814,0,0.0
A0A090LP35,False,1815,0,0.0
A0A2G5TMK0,False,1816,0,0.0
A0A6V7VAJ9,False,1817,0,0.0
A0A811LL44,False,1818,0,0.0
G2J6H8,False,1819,0,0.0
G0MUI0,False,1820,0,0.0
A0A914F0I9,False,1821,0,0.0
E3NUW3,False,1822,0,0.0
A0A2A2LB18,False,1823,0,0.0
G0NMY9,False,1824,0,0.0
O16932,False,1825,0,0.0
A0A2A6BTC2,False,1826,0,0.0
A0A1I7SC76,False,1827,0,0.0
A0A0W0SPC2,False,1828,0,0.0
A0A1G8WJI4,False,1829,0,0.0
A0A0A1YHZ4,False,1830,0,0.0
R7U818,False,1831,0,0.0
A0A1K1XP86,False,1832,0,0.0
A0A222NYL6,False,1828,0,0.0
A0A1M4XG78,False,1833,0,0.0
C6BZZ3,False,1834,0,0.0
A0A5J6WY27,False,1835,0,0.0
A0A0C2NSS2,False,1829,0,0.0
A0A6C2UJ03,False,1836,0,0.0
A0A423PGZ9,False,1830,0,0.0
T0M8Q6,False,1837,0,0.0
S7XGH6,False,1838,0,0.0
A0A177EIL3,False,1839,0,0.0
A0A0F9WJM3,False,1840,0,0.0
A0A0B2UMN3,False,1841,0,0.0
A0A1X0QCS6,False,1842,0,0.0
A0A1Y1S9V8,False,1843,0,0.0
I3EH69,False,1844,0,0.0
A0A437AIY7,False,1845,0,0.0
J9D849,False,1846,0,0.0
L2GN38,False,1847,0,0.0
R0MG57,False,1848,0,0.0
A0A4Q9LJR0,False,1849,0,0.0
A0A086J4Z7,False,1850,0,0.0
V8C927,False,1851,0,0.0
A0A379LSC5,False,1852,0,0.0
A0A1D8UUS5,False,1853,0,0.0
A0A1V4A1U7,False,1854,0,0.0
A0A2W1LZS9,False,1855,0,0.0
A0A1H8EFF7,False,1856,0,0.0
A0A2P7S0F2,False,1857,0,0.0
A0A542DPN9,False,1858,0,0.0
A0A918NW63,False,1859,0,0.0
A0A7K0DRF0,False,1860,0,0.0
A0A1G7DGS3,False,1861,0,0.0
A0A1E3GST0,False,1862,0,0.0
A0A3N1P2I1,False,1863,0,0.0
A0A2T4UNI2,False,1864,0,0.0
A0A4Q1KQD2,False,1865,0,0.0
A0A5D3EF12,False,1866,0,0.0
A0A931I810,False,1867,0,0.0
A0A094K361,False,1868,0,0.0
A0A063ZGX0,False,1869,0,0.0
A0A142XDJ4,False,1870,0,0.0
A0A1A9C554,False,1871,0,0.0
A0A2T0MTV3,False,1872,0,0.0
A0A6L9E8P6,False,1873,0,0.0
A0A1M5ZD66,False,1874,0,0.0
A0A1H9H4L9,False,1875,0,0.0
A0A4R4NIN3,False,1876,0,0.0
A0A2P2GGG4,False,1877,0,0.0
V6KIF9,False,1878,0,0.0
A0A949N941,False,1879,0,0.0
A0A0X3UWG7,False,1880,0,0.0
A0A1R1S5C6,False,1881,0,0.0
A0A222P3K8,False,1882,0,0.0
A0A239EJ42,False,1883,0,0.0
A0A170XRV8,False,1884,0,0.0
A0A919LBE5,False,1885,0,0.0
A0A239AQ04,False,1886,0,0.0
A0A0B1ZWQ5,False,1887,0,0.0
Q6LYF3,False,1888,0,0.0
F6BCG1,False,1889,0,0.0
A0A3Q4HG62,False,1890,0,0.0
A0A5C3QPX7,False,1891,0,0.0
A0A6P4EYY1,False,1892,0,0.0
A0A665V842,False,1893,0,0.0
Q6BUR1,False,1894,0,0.0
A0A2C9VLY2,False,1895,0,0.0
A0A2Y9QIE9,False,1896,0,0.0
A0A671P442,False,1897,0,0.0
A0A7N8WLQ3,False,1898,0,0.0
A0A8C8ILA7,False,1899,0,0.0
A0A1Y1V5P6,False,1900,0,0.0
A0A183MMH9,False,1901,0,0.0
A0A8I3ADY7,False,1902,0,0.0
G4U3C6,False,1903,0,0.0
A0A5N6D4R3,False,1904,0,0.0
A0A7D9GXM7,False,1905,0,0.0
A0A3G2S9T7,False,1906,0,0.0
A0A670K6Z6,False,1907,0,0.0
A0A074RWE5,False,1908,0,0.0
A0A671U8J4,False,1909,0,0.0
A0A8C8SEC3,False,1910,0,0.0
A0A3P8YHR3,False,1911,0,0.0
A0A8C0YUS8,False,1912,0,0.0
A0A2R8ZKH8,False,1913,0,0.0
A0A3Q3LKX2,False,1914,0,0.0
A0A7K9MVC6,False,1915,0,0.0
A0A8J7P664,False,1916,0,0.0
A0A2A4JQ09,False,1917,0,0.0
A0A7K9RC50,False,1918,0,0.0
H1A4D5,False,1919,0,0.0
M3X9F0,False,1920,0,0.0
A0A8J1J6Q2,False,1921,0,0.0
A0A5J5CGV8,False,1922,0,0.0
A0A4W5Q5F8,False,1923,0,0.0
A0A0P7UB51,False,1924,0,0.0
A0A7K8R4U3,False,1925,0,0.0
A0A6P9AZU0,False,1926,0,0.0
A0A6I4P1Z7,False,1927,0,0.0
A0A1L6MUX9,False,1928,0,0.0
H3NF35,False,1929,0,0.0
A0A0R2B449,False,1930,0,0.0
A0A3P3VMH0,False,1931,0,0.0
A0A0Q5YSV0,False,1932,0,0.0
A0A0D0Y4E4,False,1933,0,0.0
A0A926VJW0,False,1934,0,0.0
A0A223KTU5,False,1935,0,0.0
A0A7K1KRD1,False,1936,0,0.0
A1KAJ6,False,1937,0,0.0
I0GZD5,False,1938,0,0.0
A0A918DU72,False,1939,0,0.0
A0A511X803,False,1940,0,0.0
A0A1K1LMC4,False,1941,0,0.0
A0A0S9N3A2,False,1942,0,0.0
A0A7X5HT84,False,1928,0,0.0
M1CX49,False,1943,0,0.0
A0A8B8ZJB6,False,1944,0,0.0
Q08F81,False,1945,0,0.0
A0A0M5HU07,False,1946,0,0.0
Q08FQ1,False,1945,0,0.0
A0A2S1H6D4,False,1949,0,0.0
Q5V3A3,False,1950,0,0.0
C4MYM5,False,1951,0,0.0
A0A975H0B0,False,1952,0,0.0
A0A8C4L1X5,False,1953,0,0.0
A0A803SP40,False,1954,0,0.0
A0A0G3BKC5,False,1955,0,0.0
A0A672NRV0,False,1956,0,0.0
A0A426VCH6,False,1957,0,0.0
A0A1I6LIR8,False,1958,0,0.0
A0A8T0E7X3,False,1959,0,0.0
A0A162WM50,False,1960,0,0.0
A0A2K5NK73,False,1961,0,0.0
H7EKH3,False,1962,0,0.0
A0A8C3TIL2,False,1963,0,0.0
A0A5E4QLC6,False,1964,0,0.0
A0A2Z4FMI8,False,1965,0,0.0
A0A3Q2I9L5,False,1966,0,0.0
A0A7L1F5F0,False,1967,0,0.0
A0A1I6HK22,False,1968,0,0.0
A0A093FFN5,False,1969,0,0.0
A0A8C3R7D9,False,1970,0,0.0
X7F4L9,False,1971,0,0.0
A0A6B3UNR6,False,1972,0,0.0
A0A1D7QMJ4,False,1973,0,0.0
A0A6M8HHB8,False,1974,0,0.0
A0A7H0EQH4,False,1975,0,0.0
A0A011NPH7,False,1976,0,0.0
A0A238LBM3,False,1977,0,0.0
A0A1X7NU32,False,1978,0,0.0
A0A1G9K120,False,1979,0,0.0
A0A257F196,False,1980,0,0.0
A0A0V7Z124,False,1981,0,0.0
Q3YZ32,False,1982,0,0.0
I3YA25,False,1983,0,0.0
A0A365U4P5,False,1984,0,0.0
A0A059DVX0,False,1985,0,0.0
A0A317F6G1,False,1986,0,0.0
A0A840SA41,False,1987,0,0.0
A0A3D9UGQ0,False,1988,0,0.0
W3RD68,False,1989,0,0.0
A0A026WX25,False,1990,0,0.0
A0A4W5R983,False,1991,0,0.0
A0A8S9YVH4,False,1992,0,0.0
A0A7N4PB07,False,1993,0,0.0
A0A8C0FYM4,False,1994,0,0.0
A0A8C3THQ2,False,1995,0,0.0
A0A2P8ND91,False,1996,0,0.0
A0A4D9DPD2,False,1997,0,0.0
A0A6J3AIH6,False,1998,0,0.0
A0A7K7EI96,False,1999,0,0.0
A0A8C3GE18,False,2000,0,0.0
A0A091L7Q2,False,2001,0,0.0
A0A803T2F9,False,2002,0,0.0
G1PPU5,False,2003,0,0.0
A0A803STT9,False,2004,0,0.0
A0A671K3X9,False,2005,0,0.0
A0A851ZJ53,False,2006,0,0.0
A0A7K9TNP4,False,2007,0,0.0
A0A2G9SG41,False,2008,0,0.0
H3CK04,False,2009,0,0.0
A0A5E4QNA2,False,2010,0,0.0
A0A8T0F838,False,2011,0,0.0
A0A8B9DR51,False,2012,0,0.0
A0A671NSI1,False,2013,0,0.0
A0A6J2VR94,False,2014,0,0.0
A0A093BMQ0,False,2015,0,0.0
A0A7J8J8V6,False,2016,0,0.0
A0A7K9XZJ5,False,2017,0,0.0
F6REX3,False,2018,0,0.0
A0A914CS49,False,2019,0,0.0
A0A423TA27,False,2020,0,0.0
A0A8T2JNI8,False,2021,0,0.0
A0A3B5R9A9,False,2022,0,0.0
A0A7L1ZW57,False,2023,0,0.0
A0A7K9MVB4,False,2024,0,0.0
A0A3Q1M2B2,False,2025,0,0.0
A0A3Q0HI22,False,2026,0,0.0
A0A3P9AJL6,False,2027,0,0.0
A0A452ESQ6,False,2028,0,0.0
A0A5B1LWT4,False,2029,0,0.0
A0A975MSM2,False,2030,0,0.0
R5Y4Y9,False,2031,0,0.0
A0A7W6P1H3,False,2032,0,0.0
A0A1Q4WXI2,False,2033,0,0.0
A0A1M5XYG4,False,2034,0,0.0
A0A0A6UBS1,False,2035,0,0.0
A0A8H6W332,False,2036,0,0.0
A0A1W2END6,False,2037,0,0.0
A0A1H1W6E7,False,2038,0,0.0
A0A317CL44,False,2039,0,0.0
A0A7I8N1Z3,False,2040,0,0.0
A0A178XG46,False,2041,0,0.0
A0A326U9L6,False,2042,0,0.0
A0A939G159,False,2043,0,0.0
W6YJX3,False,2044,0,0.0
A0A484F8J6,False,2045,0,0.0
A0A2T2N3F4,False,2046,0,0.0
A0A8H5H8B3,False,2047,0,0.0
A0A165XQ95,False,2048,0,0.0
A0A093YE90,False,2049,0,0.0
A0A0G2FDQ5,False,2050,0,0.0
G1X7P9,False,2051,0,0.0
A0A0L6WMZ8,False,2052,0,0.0
A0A5C2RSF1,False,2053,0,0.0
A0A8H6AIK7,False,2054,0,0.0
A0A3M7M4W0,False,2055,0,0.0
A0A8H4LIF7,False,2056,0,0.0
G2QAB5,False,2057,0,0.0
A0A7C8I113,False,2058,0,0.0
A0A1Z5TQL1,False,2059,0,0.0
A0A1B8CV13,False,2060,0,0.0
A0A8H5FT55,False,2061,0,0.0
A0A067P559,False,2062,0,0.0
A0A395NMU0,False,2063,0,0.0
A0A8X8XNC6,False,2064,0,0.0
A0A1V4AD59,False,2065,0,0.0
A0A8H6NRB1,False,2066,0,0.0
A0A925F2J0,False,2067,0,0.0
A0A232M0C2,False,2068,0,0.0
A0A5A7T3P0,False,2069,0,0.0
A0A6P5RPS4,False,2070,0,0.0
A0A846QHV1,False,2071,0,0.0
G2GYU1,False,2072,0,0.0
A2Z416,False,2073,0,0.0
A0A2G9HGT6,False,2074,0,0.0
A0A1H2IDW8,False,2075,0,0.0
A0A8B7C8F6,False,2076,0,0.0
A0A6I4TQR8,False,2077,0,0.0
W9RIG5,False,2078,0,0.0
A0A5A7VGI6,False,2079,0,0.0
A0A814BMM9,False,2080,0,0.0
A0A093Y7D9,False,2081,0,0.0
A0A1S3XXM8,False,2082,0,0.0
C0ZG30,False,2083,0,0.0
A0A1I0BV11,False,2084,0,0.0
R9JSS4,False,2085,0,0.0
A0A437AGY0,False,2086,0,0.0
A0A3N2MF02,False,2087,0,0.0
A0A4R5P2U8,False,2088,0,0.0
A0A0U5AYA7,False,2089,0,0.0
N2ADR7,False,2090,0,0.0
A0A4R5P2Q6,False,2091,0,0.0
A0A426DMY5,False,2092,0,0.0
A0A7G1G5B8,False,2093,0,0.0
G5IHF9,False,2094,0,0.0
A0A317CPL0,False,2095,0,0.0
A0A1Y1WTJ8,False,2096,0,0.0
R7J787,False,2097,0,0.0
A0A0B7H0A8,False,2098,0,0.0
A0A1H8IQ55,False,2099,0,0.0
A0A1Y1VKB9,False,2100,0,0.0
A0A397TMB7,False,2101,0,0.0
Q8RIE6,False,2102,0,0.0
A0A231RGD2,False,2103,0,0.0
A0A512D9Z8,False,2104,0,0.0
A0A429B7N0,False,2105,0,0.0
A0A8J3CDS2,False,2106,0,0.0
A0A2M9IKY1,False,2107,0,0.0
A0A0M8QI44,False,2108,0,0.0
A0A5S9R1C5,False,2109,0,0.0
D3VGK3,False,2110,0,0.0
A0A5R8Q7A2,False,2111,0,0.0
A0A853BTL4,False,2112,0,0.0
A0A841DSU0,False,2113,0,0.0
A0A7W7QQK3,False,2114,0,0.0
A0A370HHB1,False,2115,0,0.0
A0A840IVU1,False,2116,0,0.0
A0A2K8UI29,False,2117,0,0.0
R5WH74,False,2118,0,0.0
A0A1H9TP53,False,2119,0,0.0
A0A7Y8X4D1,False,2108,0,0.0
A0A851EPV3,False,2120,0,0.0
A0A665UAF1,False,2121,0,0.0
A0A919IDH5,False,2122,0,0.0
A0A0D2RDE3,False,2123,0,0.0
R7PEN1,False,2124,0,0.0
A0A813EYT0,False,2125,0,0.0
A0A8H4IXX6,False,2126,0,0.0
A0A7K7DMD1,False,2127,0,0.0
A0A915UGR3,False,2128,0,0.0
A0A2G8S704,False,2129,0,0.0
A0A2G8LB58,False,2130,0,0.0
A0A6J0KYH5,False,2131,0,0.0
A0A6G0X7M3,False,2132,0,0.0
A0A1I4H6F9,False,2133,0,0.0
A0A323UZ27,False,2134,0,0.0
A0A8J2VYN2,False,2135,0,0.0
A0A151PFE5,False,2136,0,0.0
A0A830EJ25,False,2137,0,0.0
A0A9D3P379,False,2138,0,0.0
B6QQR8,False,2139,0,0.0
A0A8H4KIK1,False,2140,0,0.0
A0A8K0G1H3,False,2141,0,0.0
A0A1L9R5M2,False,2142,0,0.0
K6VEN5,False,2143,0,0.0
A0A8B6ZT29,False,2144,0,0.0
A0A7L2N3A1,False,2145,0,0.0
A0A851LB46,False,2146,0,0.0
A0A091G7Q8,False,2147,0,0.0
A0A819V1R8,False,2148,0,0.0
H2M3U9,False,2149,0,0.0
A0A1S3PJ14,False,2150,0,0.0
A0A7J8T5C3,False,2151,0,0.0
H8MIZ1,False,2152,0,0.0
A0A7K8CXI1,False,2153,0,0.0
A0A0U1RS25,False,2154,0,0.0
A0A4U0TMY9,False,2155,0,0.0
A0A1I0MA02,False,2156,0,0.0
A0A4Q2KBL6,False,2157,0,0.0
F6UMR7,False,2158,0,0.0
A0A0C5WVI1,False,2159,0,0.0
A0A1I7NFA2,False,2160,0,0.0
A0A327QBI8,False,2161,0,0.0
A0A1H3NYA1,False,2162,0,0.0
A0A0N7HYC8,False,2163,0,0.0
A0A410PU02,False,2164,0,0.0
A0A380NM56,False,2165,0,0.0
S9QA43,False,2166,0,0.0
A0A239QUF3,False,2167,0,0.0
A0A2K8UET9,False,2168,0,0.0
A0A0U1L0J8,False,2169,0,0.0
M5U1E0,False,2170,0,0.0
D4INY0,False,2171,0,0.0
A0A099GL67,False,2172,0,0.0
F0GXJ1,False,2173,0,0.0
A0A939JS19,False,2174,0,0.0
A0A1M7SZF5,False,2175,0,0.0
A0A222SJN5,False,2176,0,0.0
A1ZEM9,False,2177,0,0.0
A0A1E3XD48,False,2178,0,0.0
A0A949JY68,False,2179,0,0.0
A0A5K7Z3B2,False,2180,0,0.0
Q12SI3,False,2181,0,0.0
A0A1R3ST94,False,2182,0,0.0
A0A388TDE7,False,2183,0,0.0
A0A6N8J3S1,False,2184,0,0.0
A0A6B9TBB7,False,2185,0,0.0
A0A1G7IJT4,False,2186,0,0.0
A0A3N1XR67,False,2187,0,0.0
V7I5V8,False,2188,0,0.0
A0A162FBF2,False,2189,0,0.0
A0A286IKX1,False,2190,0,0.0
R6KLA4,False,2191,0,0.0
A0A317CBH3,False,2192,0,0.0
A0A8F3E0S1,False,2193,0,0.0
A0A1G6E4S6,False,2194,0,0.0
A0A1Y3VY82,False,2195,0,0.0
R7ZWR6,False,2196,0,0.0
A0A177IUY5,False,2197,0,0.0
A0A562IPR9,False,2198,0,0.0
A0A3B7MT30,False,2199,0,0.0
A0A410JWW1,False,2200,0,0.0
K9QPU1,False,2201,0,0.0
A0A6L9LXQ6,False,2202,0,0.0
K9E3Y9,False,2203,0,0.0
A0A191ZEC9,False,2204,0,0.0
A0A511V816,False,2205,0,0.0
Q9CC83,False,2206,0,0.0
S0JFI7,False,2207,0,0.0
A0A7I7SPW0,False,2208,0,0.0
A0A1S8SZC1,False,2209,0,0.0
A0A4R0XTT6,False,2210,0,0.0
A0A517Z7K6,False,2211,0,0.0
A0A2T6E8A4,False,2212,0,0.0
F4L2J6,False,2213,0,0.0
A0A0F2JBY2,False,2214,0,0.0
A0A3A9A6Q2,False,2215,0,0.0
A0A1Q8ZDC1,False,2216,0,0.0
A0A6N7KRS3,False,2217,0,0.0
A0A7W7VSG9,False,2218,0,0.0
A0A930T6R5,False,2219,0,0.0
A0A8J3XVG6,False,2220,0,0.0
A0A918DS75,False,2221,0,0.0
A0A4Q7ZUC7,False,2222,0,0.0
A0A1I3PZI3,False,2223,0,0.0
Q0KC53,False,2224,0,0.0
A0A5N7MNA1,False,2225,0,0.0
A0A8A4TGG3,False,2226,0,0.0
A0A2K8SUF7,False,2227,0,0.0
K1WZM1,False,2228,0,0.0
A0A0D2FXI6,False,2229,0,0.0
W1NNE1,False,2230,0,0.0
Q6CBJ7,False,2231,0,0.0
A0A1B9EP58,False,2232,0,0.0
A0A7Y9DXB6,False,2233,0,0.0
A0A7K2Z2X7,False,2234,0,0.0
A0A1Y2M6I1,False,2235,0,0.0
A0A974T4X9,False,2236,0,0.0
X0BG57,False,2237,0,0.0
A0A852PKG1,False,2238,0,0.0
B2IF58,False,2239,0,0.0
A0A4Z0R118,False,2240,0,0.0
A0A4Q4UZJ2,False,2241,0,0.0
H3SK89,False,2242,0,0.0
A0A4U7F0N7,False,2243,0,0.0
A0A5R9GVE3,False,2244,0,0.0
A0A0K3CB05,False,2245,0,0.0
S2E119,False,2246,0,0.0
A0A2P5HMM6,False,2247,0,0.0
A0A0F7FJ02,False,2248,0,0.0
F0TBJ1,False,2249,0,0.0
A0A218ZVV0,False,2250,0,0.0
M0CL37,False,2251,0,0.0
A0A2S7R4R0,False,2252,0,0.0
A0A1B8C7F3,False,2253,0,0.0
A0A151Z3L4,False,2254,0,0.0
A0A1J9RB95,False,2255,0,0.0
A0A7N8XLS8,False,2256,0,0.0
A0A3P9P2B8,False,2257,0,0.0
A0A3Q0FXL2,False,2258,0,0.0
A0A7L4MMS2,False,2259,0,0.0
F4GE64,False,2260,0,0.0
A0A8T0N4W9,False,2261,0,0.0
I1RQS9,False,2262,0,0.0
Q6L1A1,False,2263,0,0.0
A0A3N5A370,False,2264,0,0.0
A0A1B1MQ66,False,2265,0,0.0
A0A6P6HXT7,False,2266,0,0.0
A0A6N7I564,False,2267,0,0.0
A0A0P0ACV1,False,2268,0,0.0
A0A060JHN7,False,2269,0,0.0
A0A8C3B9J4,False,2270,0,0.0
N2J617,False,2271,0,0.0
A0A8H7FI23,False,2272,0,0.0
A0A2K5CA04,False,2273,0,0.0
U2EHP5,False,2274,0,0.0
A0A8D2N5G0,False,2275,0,0.0
F9WFG0,False,2276,0,0.0
A0A926SR90,False,2277,0,0.0
A0A1V9KA74,False,2278,0,0.0
A0A0X3VG75,False,2279,0,0.0
E9SXR6,False,2280,0,0.0
A0A8S4NHS4,False,2281,0,0.0
A0A6I2FUM6,False,2282,0,0.0
A0A149VVA1,False,2283,0,0.0
A0A370DRH9,False,2284,0,0.0
A0A4W4GNF0,False,2285,0,0.0
A0A2P6MFJ1,False,2286,0,0.0
A0A1S9CSF0,False,2287,0,0.0
A0A967B7C6,False,2288,0,0.0
A0A8X6SJV0,False,2289,0,0.0
A0A562UPX9,False,2290,0,0.0
A0A517NAI5,False,2291,0,0.0
A0A0C9VD46,False,2292,0,0.0
A0A926DRY5,False,2293,0,0.0
A0A6S6R166,False,2294,0,0.0
A0A4R3MBX6,False,2295,0,0.0
A0A5B8MWZ2,False,2296,0,0.0
A0A7W8DGX5,False,2297,0,0.0
A0A4S1ZGN2,False,2298,0,0.0
A0A923KUY8,False,2299,0,0.0
A0A0R0GIY4,False,2300,0,0.0
A0A4V2SK14,False,2301,0,0.0
A0A088QVT0,False,2302,0,0.0
A0A942LYH7,False,2303,0,0.0
A0A087MG72,False,2304,0,0.0
A0A1S2VJ57,False,2305,0,0.0
A0A8X7MX09,False,2306,0,0.0
A0A252F7T8,False,2307,0,0.0
B4WR01,False,2308,0,0.0
A0A1H9SVQ5,False,2309,0,0.0
A0A5C5XNG5,False,2310,0,0.0
D4GHK4,False,2311,0,0.0
A0A428UGA3,False,2312,0,0.0
A0A7X6HHB3,False,2313,0,0.0
A0A3N4Z6X0,False,2314,0,0.0
A0A1I0M663,False,2315,0,0.0
A0A1V1NZQ1,False,2316,0,0.0
A0A1E8EX59,False,2317,0,0.0
A0A2A9DTA5,False,2318,0,0.0
A0A4Y2M2R3,False,2319,0,0.0
A0A0X1T8V1,False,2320,0,0.0
A0A3B0B5Z6,False,2321,0,0.0
A0A927GIC9,False,2322,0,0.0
A0A919IR68,False,2323,0,0.0
A0A1C6S9T6,False,2324,0,0.0
A0A168MH23,False,2325,0,0.0
A0A2A6RKR1,False,2326,0,0.0
A0A0F0CK75,False,2327,0,0.0
A0A1U9JIB6,False,2328,0,0.0
A0A3S8ZR42,False,2329,0,0.0
W0DLR7,False,2330,0,0.0
A0A1I6J5T3,False,2331,0,0.0
A0A2P4UIG4,False,2332,0,0.0
A0A8J8H494,False,2333,0,0.0
A0A1Q8ZCU1,False,2334,0,0.0
A1WT86,False,2335,0,0.0
A0A1Y2CAF0,False,2336,0,0.0
M0C2Y0,False,2337,0,0.0
A0A067CRB4,False,2338,0,0.0
A0A366C1E2,False,2339,0,0.0
A0A7Y6NLU2,False,2340,0,0.0
A0A663DY78,False,2341,0,0.0
A0A6N1YC10,False,2342,0,0.0
A0A852HD94,False,2343,0,0.0
A0A7U8C4S9,False,2344,0,0.0
A0A1Y1SE87,False,2345,0,0.0
A0A1V9K855,False,2346,0,0.0
A0A8B8AL23,False,2347,0,0.0
A0A132PVC6,False,2348,0,0.0
A0A418WZ42,False,2349,0,0.0
A0A511ATT6,False,2350,0,0.0
A0A2U2YZ32,False,2351,0,0.0
A0A852UKJ7,False,2352,0,0.0
A0A662Z2V7,False,2353,0,0.0
A0A2N5M477,False,2354,0,0.0
J4TJ96,False,2355,0,0.0
A0A2S2FA19,False,2353,0,1.0
C0Z547,False,2356,0,0.0
A0A5E4PZT5,False,2357,0,0.0
A0A8J3ZMF4,False,2358,0,0.0
A0A914JD79,False,2359,0,0.0
A0A8C0LW35,False,2360,0,0.0
A0A7N4PJV4,False,2361,0,0.0
A0A8T3DK39,False,2362,0,0.0
A0A6C2YN00,False,2363,0,0.0
A0A2V3WKS9,False,2364,0,0.0
A0A5Q0BGH7,False,2365,0,0.0
V9G3F7,False,2366,0,0.0
A0A6M3YN94,False,2367,0,0.0
A0A261U5B8,False,2368,0,0.0
A0A2H5EUF3,False,2369,0,0.0
B6JD96,False,2370,0,0.0
A0A8J2LKA9,False,2371,0,0.0
A0A345ARL4,False,2372,0,0.0
A0A1Y2K9M3,False,2373,0,0.0
Q604A3,False,2374,0,0.0
A0A542Q2W9,False,2375,0,0.0
A0A6C0R0W4,False,2376,0,0.0
A0A0J1FS56,False,2377,0,0.0
A0A2P1CEX8,False,2378,0,0.0
A0A5J4IX58,False,2379,0,0.0
A0A0U3E9R5,False,2380,0,0.0
A0A8E5UWN6,False,2381,0,0.0
A0A4D6B609,False,2382,0,0.0
E8QXG6,False,2383,0,0.0
A0A6C2YLP1,False,2384,0,0.0
A0A1V3IEI6,False,2385,0,0.0
A0A926EJ01,False,2386,0,0.0
C7H3I1,False,2387,0,0.0
A0A6M0QCF5,False,2388,0,0.0
A0A072PGQ5,False,2389,0,0.0
A0A2S8WKF2,False,2390,0,0.0
A0A926I7X9,False,2391,0,0.0
A0A2S5XA59,False,2392,0,0.0
A0A384AJI7,False,2393,0,0.0
W9G1B4,False,2394,0,0.0
A0A918DR50,False,2395,0,0.0
A0A8C5K5T7,False,2396,0,0.0
A0A4Y1WQV4,False,2397,0,0.0
A0A8J7GKD9,False,2398,0,0.0
A0A1M4WED5,False,2399,0,0.0
W1N706,False,2400,0,0.0
A0A852VSJ4,False,2401,0,0.0
A0A3L9DT49,False,2402,0,0.0
D7UVR7,False,2403,0,0.0
A0A2H5ZU47,False,2404,0,0.0
A0A369QVC6,False,2405,0,0.0
C1E864,False,2406,0,0.0
A0A2V4XTC6,False,2407,0,0.0
A0A926VS40,False,2408,0,0.0
A0A3N0E6H6,False,2409,0,0.0
A0A6H1A719,False,2410,0,0.0
K9GFX1,False,2411,0,0.0
A0A1Y0KV13,False,2412,0,0.0
A0A5S9NP65,False,2413,0,0.0
A0A328PCM2,False,2414,0,0.0
A0A7V7FMK8,False,2415,0,0.0
A0A103E209,False,2416,0,0.0
A0A1E5CNV7,False,2417,0,0.0
A0A317NEF4,False,2418,0,0.0
A0A5N8YVD6,False,2419,0,0.0
D9QSE2,False,2420,0,0.0
A0A923SHD3,False,2421,0,0.0
A0A4V1VGK1,False,2422,0,0.0
A0A812WTB9,False,2423,0,0.0
A0A975HNR7,False,2424,0,0.0
A0A3S0ADP8,False,2425,0,0.0
A0A7W8HE37,False,2426,0,0.0
Q04FF2,False,2428,0,0.0
A0A1W2BQD2,False,2429,0,0.0
A0A1B8UM40,False,2430,0,0.0
A0A1U7MTR2,False,2431,0,0.0
E3DLQ2,False,2432,0,0.0
A0A662Z7L4,False,2428,0,2.0
Q5FS55,False,2433,0,0.0
H5UTC0,False,2434,0,0.0
G9YJY0,False,2435,0,0.0
A0A1M5LPK1,False,2436,0,0.0
A0A0F5QAS9,False,2437,0,0.0
A0A1K1M918,False,2438,0,0.0
A0A1M5BFP4,False,2439,0,0.0
A0A2C6MJ43,False,2440,0,0.0
A0A0V0ZA30,False,2441,0,0.0
A0A0A2FV55,False,2442,0,0.0
A0A1I5ZX34,False,2443,0,0.0
A0A0M2WMD0,False,2444,0,0.0
A0A397LGV6,False,2445,0,0.0
A0A844AN07,False,2446,0,0.0
A0A6L3ZJR9,False,2447,0,0.0
A0A2T8HU84,False,2448,0,0.0
A0A7W3TI17,False,2449,0,0.0
F5SX16,False,2450,0,0.0
A8DW17,False,2451,0,0.0
A0A7H5F3Q8,False,2452,0,0.0
A0A0N0V585,False,2453,0,0.0
A0A239FGI0,False,2454,0,0.0
A0A1M6KBF9,False,2455,0,0.0
A0A4Q2EDN2,False,2456,0,0.0
A0A401Y2A4,False,2457,0,0.0
A0A5P9HJT0,False,2458,0,0.0
W8QE13,False,2459,0,0.0
A0A432ZSU0,False,2460,0,0.0
F7Q1E6,False,2461,0,0.0
A0A174F9P1,False,2462,0,0.0
K0NPX0,False,2463,0,0.0
A0A1B2HN26,False,2464,0,0.0
A0A3P3VM98,False,2465,0,0.0
R7BLF0,False,2466,0,0.0
A0A7Y9E5F8,False,2467,0,0.0
A0A5S9IRK3,False,2468,0,0.0
A0A4S8FDU4,False,2469,0,0.0
A0A6I0FE55,False,2470,0,0.0
A0A5D8Q7M3,False,2471,0,0.0
A0A257LZN9,False,2472,0,0.0
A0A8J7KJS5,False,2473,0,0.0
D6YBE7,False,2474,0,0.0
I4EZR4,False,2475,0,0.0
A0A5C5X9B0,False,2476,0,0.0
A0A518IUE7,False,2477,0,0.0
A0A3N4N765,False,2478,0,0.0
A0A4D6HFY6,False,2479,0,0.0
A0A251WX72,False,2480,0,0.0
F3NRG1,False,2481,0,0.0
A0A1M4SKV5,False,2482,0,0.0
A0A2N5H3H0,False,2483,0,0.0
A0A176TAS4,False,2484,0,0.0
A0A556MTB3,False,2485,0,0.0
U4KHM1,False,2486,0,0.0
A0A7D3VQY9,False,2487,0,0.0
A0A925MKI9,False,2488,0,0.0
A0A7W8ILS1,False,2489,0,0.0
A0A0T0MKL8,False,2490,0,0.0
A0A432MQ15,False,2491,0,0.0
A0A7S8RG02,False,2492,0,0.0
A0A851P9I6,False,2493,0,0.0
A0A7D5MWZ5,False,2494,0,0.0
A0A8D5JT84,False,2495,0,0.0
A0A1H9XV32,False,2496,0,0.0
A0A364RFE5,False,2497,0,0.0
A0A101JI57,False,2498,0,0.0
A0A7T0JMA2,False,2499,0,0.0
A0A812PCL4,False,2500,0,0.0
A0A521CYC7,False,2501,0,0.0
Q7CW18,False,2502,0,0.0
A0A873W968,False,2503,0,0.0
A0A1Y5TNV4,False,2504,0,0.0
A0A0H2USH5,False,2505,0,0.0
A0A0N0NCT3,False,2506,0,0.0
A0A931GMY0,False,2507,0,0.0
A0A372FUT0,False,2508,0,0.0
U4K2B8,False,2509,0,0.0
Q725R6,False,2510,0,0.0
A0A8J6QSD5,False,2511,0,0.0
W9DN47,False,2512,0,0.0
G9PGH8,False,2513,0,0.0
A0A5A5TBC3,False,2514,0,0.0
A0A2R7LBG0,False,2515,0,0.0
A0A1D3TNW4,False,2516,0,0.0
A0A5C6CDX8,False,2517,0,0.0
A0A0F7KQC8,False,2518,0,0.0
A0A2A4FQN2,False,2519,0,0.0
A0A6P4JB62,False,2520,0,0.0
D3HNM3,False,2521,0,0.0
A0A0D7P1M7,False,2522,0,0.0
A0A5J5GRY1,False,2523,0,0.0
A0A1K2HQV2,False,2524,0,0.0
A0A0Q7L8Q8,False,2525,0,0.0
A0A975J905,False,2526,0,0.0
A0A0K2SPV5,False,2527,0,0.0
A0A0S4KM59,False,2528,0,0.0
B8GU75,False,2529,0,0.0
H1XPD6,False,2530,0,0.0
A0A081FVB6,False,2531,0,0.0
C6PPC3,False,2532,0,0.0
A0A553H2Y0,False,2533,0,0.0
A0A380BZB5,False,2534,0,0.0
M4RPI6,False,2535,0,0.0
F2NC72,False,2536,0,0.0
U3U891,False,2537,0,0.0
A0A0U5AT84,False,2538,0,0.0
I8U7E1,False,2539,0,0.0
I2BAL0,False,2540,0,0.0
C5WDM6,False,2541,0,0.0
A0A5B8FHN0,False,2542,0,0.0
A0A6J2N9M5,False,2543,0,0.0
A0A667H2A1,False,2544,0,0.0
A0A1Q9EJD8,False,2545,0,0.0
A0A848FBU9,False,2546,0,0.0
A0A9E7R005,False,2547,0,0.0
A0A8J3DRN9,False,2548,0,0.0
A0A143QE35,False,2549,0,0.0
A0A835NTV6,False,2550,0,0.0
A0A8C0VBH4,False,2551,0,0.0
A0A1C3EC45,False,2552,0,0.0
A0A8C7IQV2,False,2553,0,0.0
A0A840Y4A3,False,2554,0,0.0
A0A7K9KK34,False,2555,0,0.0
A0A1H7LQK5,False,2556,0,0.0
A0A7L5ZG67,False,2557,0,0.0
A0A6G4UWQ1,False,2558,0,0.0
A0A3Q4MAG3,False,2559,0,0.0
A0A941EWB3,False,2560,0,0.0
A0A8C2WCN4,False,2561,0,0.0
A0A8B8IVW0,False,2562,0,0.0
A0A2T7G2D5,False,2563,0,0.0
A0A7L2FGQ1,False,2564,0,0.0
I0YLR2,False,2565,0,0.0
A0A671REL5,False,2566,0,0.0
A0A3S3NIW9,False,2567,0,0.0
A0A1B6YQP2,False,2568,0,0.0
A0A8C4GYU0,False,2569,0,0.0
A0A8T2WBN9,False,2570,0,0.0
K0R9M3,False,2571,0,0.0
A0A852N4D9,False,2572,0,0.0
A0A0F7KSY6,False,2573,0,0.0
A0A8C3BIE6,False,2574,0,0.0
A0A091S0I3,False,2575,0,0.0
A0A452H5W0,False,2576,0,0.0
H3BCG8,False,2577,0,0.0
A0A8C9IIT8,False,2578,0,0.0
A0A7E6E8M2,False,2579,0,0.0
A0A259TUK1,False,2580,0,0.0
A0A951UD89,False,2581,0,0.0
A0A4Q7E1W7,False,2582,0,0.0
A0A0C1QM00,False,2583,0,0.0
A0YPZ1,False,2584,0,0.0
A0A2A2TIM4,False,2585,0,0.0
K9WTA7,False,2586,0,0.0
A0A2T1CLB1,False,2587,0,0.0
A0A0A6P4E9,False,2588,0,0.0
A0A251WJM8,False,2589,0,0.0
A0A930SSS4,False,2590,0,0.0
A0A6J4XTS4,False,2591,0,0.0
A0A1U7I8E5,False,2592,0,0.0
A0A0J9EYZ6,False,2593,0,0.0
A0A367PRL7,False,2594,0,0.0
Q54ZB2,False,2595,0,0.0
R5TJ45,False,2596,0,0.0
Q4C261,False,2597,0,0.0
A0A1Z4RDN9,False,2598,0,0.0
A0A4R3YC81,False,2599,0,0.0
A0A6G8Q2Y0,False,2600,0,0.0
A0A8C4UIW8,False,2601,0,0.0
A0A0J1G0W3,False,2602,0,0.0
A0A6I8P683,False,2603,0,0.0
A0A6J0M9I2,False,2604,0,0.0
A0A914TC98,False,2605,0,0.0
A0A0V1NAA0,False,2606,0,0.0
A0A0C7N5K9,False,2607,0,0.0
A0A7G9S5I9,False,2608,0,0.0
A0A8V5GH01,False,2609,0,0.0
A0A6P7TCC2,False,2610,0,0.0
A0A814QGH3,False,2611,0,0.0
A0A087GB38,False,2612,0,0.0
A0A518IVN8,False,2613,0,0.0
A0A0H3CCB1,False,2614,0,0.0
R4XGM4,False,2615,0,0.0
A0A8T2JHP0,False,2616,0,0.0
A0A8S9ZIC5,False,2617,0,0.0
A0A5F8H3Q8,False,2618,0,0.0
A0A1Y1X075,False,2619,0,0.0
A0A813PV26,False,2620,0,0.0
A0A6P7KRT7,False,2621,0,0.0
A0A8D0EW94,False,2622,0,0.0
A0A8B7IQP9,False,2623,0,0.0
A0A8C0A793,False,2624,0,0.0
A0A8I6RRZ2,False,2625,0,0.0
A0A1Y2DP60,False,2626,0,0.0
A0A672V2K0,False,2627,0,0.0
F0ZD36,False,2628,0,0.0
A0A1X7SHK2,False,2629,0,0.0
E9EDZ1,False,2630,0,0.0
A0A671VQH4,False,2631,0,0.0
A0A0J7P079,False,2632,0,0.0
A0A9L0SIS6,False,2633,0,0.0
Q7RTB6,False,2634,0,0.0
A0A5N4B6L3,False,2635,0,0.0
A0A3P9DEZ0,False,2636,0,0.0
A0A8C1ALY9,False,2637,0,0.0
A0A8U0SF80,False,2638,0,0.0
A0A7K9ZL80,False,2639,0,0.0
A0A7N6FAT7,False,2640,0,0.0
A0A452IS47,False,2641,0,0.0
A0A3Q1J7D9,False,2642,0,0.0
A0A8C7ITK8,False,2643,0,0.0
A0A8J2HR76,False,2644,0,0.0
A0A2T7NYR1,False,2645,0,0.0
A0A6J2VI79,False,2646,0,0.0
A0A7M7PPU6,False,2647,0,0.0
A0A819F1L6,False,2648,0,0.0
A0A1X0PA57,False,2649,0,0.0
A0A8J5XIX2,False,2650,0,0.0
A0A150GGF7,False,2651,0,0.0
A0A2I0LWQ7,False,2652,0,0.0
A0A8C4YDY0,False,2653,0,0.0
A0A903WVP5,False,2654,0,0.0
A0A6A5E1A8,False,2655,0,0.0
A0A8W8MPW2,False,2656,0,0.0
A0A2Y9T4H7,False,2657,0,0.0
A0A177WDZ9,False,2658,0,0.0
A0A226NE34,False,2659,0,0.0
A0A915M7J5,False,2660,0,0.0
A0A4W3K7X9,False,2661,0,0.0
A0A1S3SRJ6,False,2662,0,0.0
A0A812XP60,False,2663,0,0.0
A0A670K642,False,2664,0,0.0
A0A8S4RUP7,False,2665,0,0.0
G3VWL4,False,2666,0,0.0
A0A3M6VTG0,False,2667,0,0.0
A0A250X4L5,False,2668,0,0.0
A0A8C9MXY1,False,2669,0,0.0
A0A6P7HF58,False,2670,0,0.0
A0A8C8BIR5,False,2671,0,0.0
A0A7L0AK63,False,2672,0,0.0
A0A914BXJ1,False,2673,0,0.0
A0A5J5CMK0,False,2674,0,0.0
A0A8C0G9S0,False,2675,0,0.0
A0A6P8T4V5,False,2676,0,0.0
A0A671UL90,False,2677,0,0.0
A0A8D0BK35,False,2678,0,0.0
A0A7E6F4F0,False,2679,0,0.0
A0A7K4TK75,False,2680,0,0.0
A0A0G4J580,False,2681,0,0.0
A0A430QEI1,False,2682,0,0.0
A0A8I3RXS5,False,2683,0,0.0
L1JAW6,False,2684,0,0.0
A0A7L0QK29,False,2685,0,0.0
A0A670ZAC8,False,2686,0,0.0
A0A9J8BT77,False,2687,0,0.0
A0A9L0SA90,False,2688,0,0.0
A0A8B9BRC8,False,2689,0,0.0
A0A8R2NPJ6,False,2690,0,0.0
A0A8C4KX07,False,2691,0,0.0
A0A820E415,False,2692,0,0.0
A0A2J7QRR9,False,2693,0,0.0
A0A914AAV0,False,2694,0,0.0
A0A125YL16,False,2695,0,0.0
A0A6P4AUC9,False,2696,0,0.0
A0A6J0ZG98,False,2697,0,0.0
A0A565CWU3,False,2698,0,0.0
A0A7J7LII4,False,2699,0,0.0
A0A7I8L134,False,2700,0,0.0
A0A6A4M154,False,2701,0,0.0
A0A6J0LRX8,False,2702,0,0.0
D7M2I7,False,2703,0,0.0
A0A5D2UNC2,False,2704,0,0.0
A0A8T3BWY4,False,2705,0,0.0
A0A7J9L9P0,False,2706,0,0.0
A0A498HIQ3,False,2707,0,0.0
A0A8X7PAV4,False,2708,0,0.0
A0A1J7H0T1,False,2709,0,0.0
A0A540MUT0,False,2710,0,0.0
A0A7J0E1H0,False,2711,0,0.0
A0A103Y155,False,2712,0,0.0
A0A5D2X957,False,2713,0,0.0
A0A7S9C6Q0,False,2714,0,0.0
A0A4R8ZTK8,False,2715,0,0.0
A0A243WAJ1,False,2716,0,0.0
A0A2Z6SD98,False,2717,0,0.0
A0A7T5ERF1,False,2718,0,0.0
A0A0E3UZW3,False,2719,0,0.0
A0A1H9C6C6,False,2720,0,0.0
A0A1S3F685,False,2721,0,0.0
A0A8J3ESG2,False,2722,0,0.0
A0A0M6YIE0,False,2723,0,0.0
A0A967E8B2,False,2724,0,0.0
A0A2I1GPC1,False,2725,0,0.0
A0A3N4YSV3,False,2726,0,0.0
A0A109FB68,False,2727,0,0.0
A0A4Q9HVH2,False,2728,0,0.0
A0A126UWZ5,False,2729,0,0.0
A0A0X8GXX0,False,2730,0,0.0
A0A2A2I0S1,False,2731,0,0.0
A0A8B7E902,False,2732,0,0.0
A0A069Q450,False,2733,0,0.0
A0A1M5QY15,False,2734,0,0.0
I4N6S0,False,2736,0,0.0
A0A1M7ZFH7,False,2737,0,0.0
A0A839V2W3,False,2738,0,0.0
A0A918P0U4,False,2739,0,0.0
A0A2K8N5Y0,False,2740,0,0.0
A0A0N0GPN8,False,2741,0,0.0
A0A7Z2JBG1,False,2742,0,0.0
Q9HJ00,False,2743,0,0.0
A0A941EQR1,False,2744,0,0.0
D9Q2P0,False,2745,0,0.0
A0A6J4FWG0,False,2746,0,0.0
A0A2N7W0D2,False,2747,0,0.0
A0A7M6DM49,False,2748,0,0.0
A0A421GEV9,False,2749,0,0.0
A0A7L3T6J7,False,2750,0,0.0
A0A4W6G4C0,False,2751,0,0.0
G5C9V6,False,2752,0,0.0
A0A6P3IDT7,False,2753,0,0.0
A0A3Q3GLK8,False,2754,0,0.0
A0A2G8JU90,False,2755,0,0.0
A0A663MB08,False,2756,0,0.0
A0A6J1YEF5,False,2757,0,0.0
A0A8K1C5R7,False,2758,0,0.0
A0A1R2C3Q0,False,2759,0,0.0
A0A7K5S7R3,False,2760,0,0.0
A0A1D3TFX1,False,2761,0,0.0
L5M0M7,False,2762,0,0.0
A0A8U0V1X9,False,2763,0,0.0
A0A8C0EHP0,False,2764,0,0.0
A0A4W3HR58,False,2765,0,0.0
A0A6P4J6V4,False,2766,0,0.0
A0A6I8UVS3,False,2767,0,0.0
A0A1S3XEG2,False,2768,0,0.0
A0A9L0J8E7,False,2769,0,0.0
A0A7J6CZA2,False,2770,0,0.0
A0A671VSN0,False,2771,0,0.0
A0A0E0L8S6,False,2772,0,0.0
A0A7K9QZG7,False,2773,0,0.0
A0A7E5WVE7,False,2774,0,0.0
G5AUI4,False,2775,0,0.0
A0A672N946,False,2776,0,0.0
A0A084WE10,False,2777,0,0.0
A0A3P9AHH5,False,2778,0,0.0
A0A5N6SIH2,False,2779,0,0.0
A0A135LCW2,False,2780,0,0.0
A0A087V0G3,False,2781,0,0.0
A0A670I8D3,False,2782,0,0.0
A0A2Z7BKV4,False,2783,0,0.0
A0A7J5YT27,False,2784,0,0.0
J5RQ81,False,2785,0,0.0
A0A8C4PNN9,False,2786,0,0.0
A0A7L3N8L3,False,2787,0,0.0
Q29EA0,False,2788,0,0.0
A0A8S1JSN3,False,2789,0,0.0
A0A8C7EWW9,False,2790,0,0.0
A0A821PQ18,False,2791,0,0.0
B3MXV4,False,2792,0,0.0
A0A3P8XZZ2,False,2793,0,0.0
A0A7M7TAH6,False,2794,0,0.0
A0A8W8IF47,False,2795,0,0.0
A0A6P3X0M7,False,2796,0,0.0
A0A8S4RTC7,False,2797,0,0.0
A0A0G2JYL5,False,2798,0,0.0
A0A179UMX7,False,2799,0,0.0
A0A8C3FXI2,False,2800,0,0.0
A0A4E0RUG7,False,2801,0,0.0
A0A7K5GQ45,False,2802,0,0.0
A0A183LJN2,False,2803,0,0.0
A0A8B6H753,False,2804,0,0.0
Q9WZM9,False,2805,0,0.0
A0A8H7BDF1,False,2806,0,0.0
W9Y2R3,False,2807,0,0.0
A0A090D751,False,2808,0,0.0
A0A7J6J8L2,False,2809,0,0.0
A0A7R7WQ06,False,2810,0,0.0
U1GL99,False,2811,0,0.0
A0A8H5RAJ8,False,2812,0,0.0
A0A4Q4ZW34,False,2813,0,0.0
A0A1L7WG75,False,2814,0,0.0
A0A4V1XGI3,False,2815,0,0.0
A0A3M2S5V1,False,2816,0,0.0
A0A1B8CFX0,False,2817,0,0.0
A0A8H4JRK4,False,2818,0,0.0
A0A439CXB8,False,2819,0,0.0
A0A1L9U832,False,2820,0,0.0
A0A2V5I4I5,False,2821,0,0.0
A0A2J6R1R8,False,2822,0,0.0
A0A093ZLU5,False,2823,0,0.0
A0A0F0ILL2,False,2824,0,0.0
S3CR19,False,2825,0,0.0
A0A1D6GEW7,False,2826,0,0.0
I1YEY9,False,2827,0,0.0
A0A0N0K891,False,2828,0,0.0
A0A2H5EWJ2,False,2829,0,0.0
N6YG45,False,2830,0,0.0
A0A147GPW8,False,2831,0,0.0
A0A6P1T435,False,2832,0,0.0
A0A1Y1Z0N4,False,2833,0,0.0
A0A830GVL6,False,2834,0,0.0
D3RS39,False,2835,0,0.0
A0A849HPD2,False,2836,0,0.0
K9STE4,False,2837,0,0.0
A0A3N2DJU3,False,2838,0,0.0
A0A2A3AHW8,False,2839,0,0.0
A0A6M0H1X2,False,2840,0,0.0
A0A7L5Y891,False,2841,0,0.0
A0A089YVJ2,False,2842,0,0.0
A0A4P6X9T6,False,2843,0,0.0
A0A934VNX1,False,2844,0,0.0
A0A4S4HC46,False,2845,0,0.0
A0A9J6F992,False,2846,0,0.0
A0A6Q2YM46,False,2847,0,0.0
A0A6P6MWS0,False,2848,0,0.0
A0A7L0P002,False,2849,0,0.0
A0A4Y2LE60,False,2850,0,0.0
A0A3B6N0N2,False,2851,0,0.0
A0A251NUP0,False,2852,0,0.0
A0A2V3J256,False,2853,0,0.0
A0A5C3PNW3,False,2854,0,0.0
A0A6I9US08,False,2855,0,0.0
A0A1Y3NG53,False,2856,0,0.0
A0A4R4F767,False,2857,0,0.0
A0A137QYL9,False,2858,0,0.0
A0A010RDF4,False,2859,0,0.0
A0A4W4F7U7,False,2860,0,0.0
A0A4Y8CZ59,False,2861,0,0.0
A0A8C4V5T2,False,2862,0,0.0
A0A1V8SYY1,False,2863,0,0.0
A0A453EFQ1,False,2864,0,0.0
A0A1S3WLR7,False,2865,0,0.0
A0A0F4HAH6,False,2866,0,0.0
A0A132N8G6,False,2867,0,0.0
A0A4S3KRI6,False,2868,0,0.0
M9WD46,False,2869,0,0.0
A0A6M8JA95,False,2870,0,0.0
E3G3L4,False,2871,0,0.0
A0A1J1LUD3,False,2872,0,0.0
A0A6N7GL59,False,2873,0,0.0
A0A0W0Z0V2,False,2871,0,0.0
A0A0M2U0E8,False,2867,0,0.0
A0A1T4VJL3,False,2874,0,0.0
F5RGZ1,False,2875,0,0.0
A0A063XVY5,False,2876,0,0.0
A0A7J7N2F9,False,2877,0,0.0
A0A6P5WHC4,False,2878,0,0.0
A0A8B9G7C9,False,2879,0,0.0
G8JTI4,False,2880,0,0.0
A0A819UKU1,False,2881,0,0.0
A0A0K9NTZ5,False,2882,0,0.0
A0A0J8UXC3,False,2883,0,0.0
A0A0A0KCN0,False,2884,0,0.0
A0A452IL40,False,2885,0,0.0
A0A367LLU7,False,2886,0,0.0
A0A7K5S110,False,2887,0,0.0
A0A9J7DQX4,False,2888,0,0.0
A0A8H4M3H6,False,2889,0,0.0
A0A7R5L2V8,False,2890,0,0.0
A0A8R2C839,False,2891,0,0.0
A0A8B8JS13,False,2892,0,0.0
A0A0E0QZY3,False,2893,0,0.0
A0A7L3SZ41,False,2894,0,0.0
A0A1Y2HXV5,False,2895,0,0.0
A0A1C4SZ95,False,2896,0,0.0
A0A2T4ZAH6,False,2897,0,0.0
A0A3Q8W9L5,False,2898,0,0.0
A0A0W8I6E6,False,2899,0,0.0
A0A0F9WWD7,False,2900,0,0.0
V2X6F0,False,2901,0,0.0
A0A3D9SHG5,False,2902,0,0.0
L7LJX0,False,2903,0,0.0
I3CEQ6,False,2904,0,0.0
A0A387HJR3,False,2905,0,0.0
A0A8H5LGM6,False,2906,0,0.0
A0A973NXN9,False,2907,0,0.0
A0A810N1R6,False,2908,0,0.0
A0A1V2IKR5,False,2909,0,0.0
A0A643F9B2,False,2910,0,0.0
V6JQD7,False,2911,0,0.0
A0A433HI21,False,2912,0,0.0
A0A101QP83,False,2913,0,0.0
A0A6L9MEL9,False,2914,0,0.0
A0A8J5WLH5,False,2915,0,0.0
A0A7F5R934,False,2916,0,0.0
A0A8J5P6X9,False,2917,0,0.0
A0A4U6SXC3,False,2918,0,0.0
A0A8C8ZCD2,False,2919,0,0.0
A0A553HWU7,False,2920,0,0.0
A0A3F3PXN7,False,2921,0,0.0
G3SD94,False,2922,0,0.0
A0A8J4X1T8,False,2923,0,0.0
A0A1X7RNH8,False,2924,0,0.0
A0A367KSL9,False,2925,0,0.0
A0A1V8U9L5,False,2926,0,0.0
A0A090LY22,False,2927,0,0.0
A0A6P4IXT1,False,2928,0,0.0
A0A086TIC6,False,2929,0,0.0
A0A7L0NXU0,False,2930,0,0.0
A0A7K7F1X2,False,2931,0,0.0
A0A0D1YNX1,False,2932,0,0.0
A0A565CQM1,False,2933,0,0.0
A0A8J9RDH4,False,2934,0,0.0
L0DC72,False,2935,0,0.0
A0A7K3GKP7,False,2936,0,0.0
A0A085FZP4,False,2937,0,0.0
S3AYB8,False,2938,0,0.0
W1J798,False,2939,0,0.0
A0A835SZA8,False,2940,0,0.0
A0A0M9ECU6,False,2941,0,0.0
H2C359,False,2942,0,0.0
A0A5B9QQ77,False,2943,0,0.0
A0A494Z3F8,False,2944,0,0.0
D5U0Q1,False,2945,0,0.0
A0A172TR12,False,2946,0,0.0
A0A6N4TCM2,False,2947,0,0.0
K9U7Z4,False,2948,0,0.0
A0A1R1I5R9,False,2949,0,0.0
J7U7K6,False,2950,0,0.0
A7KV75,False,2951,0,0.0
Q7NUG0,False,2952,0,0.0
A0A090Q417,False,2953,0,0.0
A0A848DJR8,False,2954,0,0.0
A0A3N9TL51,False,2955,0,0.0
A0A2S1XQZ4,False,2956,0,0.0
A0A1T5NAK0,False,2957,0,0.0
A0A7C8M150,False,2958,0,0.0
A0A2D3WIF8,False,2959,0,0.0
A0A165SYF9,False,2960,0,0.0
V4ZGI0,False,2961,0,0.0
A0A3L6SYU6,False,2962,0,0.0
A0A4Q9LM60,False,2963,0,0.0
A0A6G7YMA2,False,2964,0,0.0
R6BRU3,False,2965,0,0.0
A0A8T2TXI0,False,2966,0,0.0
A0A1Z4JFG7,False,2967,0,0.0
A0A1Z9YV01,False,2968,0,0.0
A0A6B2GYG9,False,2969,0,0.0
A0A673B089,False,2970,0,0.0
A0A167QKP9,False,2971,0,0.0
A0A2V5HBT3,False,2972,0,0.0
A0A319CWS4,False,2973,0,0.0
A0A1M2VF10,False,2974,0,0.0
A0A383V6X2,False,2975,0,0.0
A0A2H3BKM3,False,2976,0,0.0
A0A851VAQ9,False,2977,0,0.0
A0A0K3CGN4,False,2978,0,0.0
A0A1W2TG13,False,2979,0,0.0
A0A8H7TFW5,False,2980,0,0.0
A0A1B8BXK3,False,2981,0,0.0
A0A7H8RBU5,False,2982,0,0.0
A0A2Y9R5L6,False,2983,0,0.0
A0A0H5C6B8,False,2984,0,0.0
A0A7C8MUY9,False,2985,0,0.0
J3PJH8,False,2986,0,0.0
A0A5E3XD93,False,2987,0,0.0
A0A8I6SKS4,False,2988,0,0.0
A0A8D2NE41,False,2989,0,0.0
A0A7K9PV05,False,2990,0,0.0
A0A8C0HS71,False,2991,0,0.0
A0A8B7XMR4,False,2992,0,0.0
A0A8C4SAD9,False,2993,0,0.0
A0A8C3V0U0,False,2994,0,0.0
A0A8C9HE42,False,2995,0,0.0
A0A812E1L8,False,2996,0,0.0
V9GXT3,False,2997,0,0.0
L9KXC3,False,2998,0,0.0
A0A813U4E2,False,2999,0,0.0
A0A915ML33,False,3000,0,0.0
A0A286Y4M2,False,3001,0,0.0
A0A6J3EQL0,False,3002,0,0.0
A0A7R5KDC6,False,3003,0,0.0
H2U283,False,3004,0,0.0
A0A452EBZ5,False,3005,0,0.0
A0A8B9M1N6,False,3006,0,0.0
A0A5B9DAY7,False,3007,0,0.0
A0A964DBB7,False,3008,0,0.0
A0A8T4EG32,False,3009,0,0.0
N0BJ83,False,3010,0,0.0
A0B714,False,3011,0,0.0
R9SMG7,False,3012,0,0.0
A0A062V9K7,False,3013,0,0.0
O28983,False,3014,0,0.0
D2RHN9,False,3015,0,0.0
F6BAK2,False,3016,0,0.0
E3GXP9,False,3017,0,0.0
A0A4E0QQV9,False,3018,0,0.0
A0A8T8K5F0,False,3019,0,0.0
D5E9H6,False,3020,0,0.0
F2KR94,False,3021,0,0.0
A0A328RZR0,False,3022,0,0.0
W5J6J7,False,3023,0,0.0
A0A2L2T7Z3,False,3024,0,0.0
A0A0M9F4V9,False,3025,0,0.0
G2RFX8,False,3026,0,0.0
A0A8C3U0J7,False,3027,0,0.0
A0A6J0ZFC7,False,3028,0,0.0
A0A2P5I2U1,False,3029,0,0.0
A0A6P6VR52,False,3030,0,0.0
A0A2N5SUR8,False,3031,0,0.0
A0A6J2L776,False,3032,0,0.0
A0A671E5N2,False,3033,0,0.0
A0A8C9MQY1,False,3034,0,0.0
W9ILC0,False,3035,0,0.0
M7NJV5,False,3036,0,0.0
A8Q4F7,False,3037,0,0.0
A0A671NW05,False,3038,0,0.0
A0A8J4RXB7,False,3039,0,0.0
A0A7K4V6D2,False,3040,0,0.0
A0A6J0BST5,False,3041,0,0.0
U5HDM7,False,3042,0,0.0
F8PNM4,False,3043,0,0.0
A0A1B6PLN1,False,3044,0,0.0
A0A6J0PMW8,False,3045,0,0.0
K5WJV7,False,3046,0,0.0
A0A7J7EFC9,False,3047,0,0.0
A0A7K8CUJ2,False,3040,0,0.0
A0A5N5KBS5,False,3048,0,0.0
A0A6D2J6X1,False,3049,0,0.0
A0A507BZU7,False,3050,0,0.0
A0A6P4CNF9,False,3051,0,0.0
A0A7L3DBN3,False,3040,0,0.0
A0A1C6MQY8,False,3052,0,0.0
A0A0A0DRE1,False,3053,0,0.0
A0A1U7EXC2,False,3054,0,0.0
Q92QD4,False,3055,0,0.0
A0A1H0QYW7,False,3056,0,0.0
Q9KQX5,False,3057,0,0.0
A0A2A8SBW5,False,3058,0,0.0
A0A6B0SLX3,False,3059,0,0.0
A0A924MT52,False,3053,0,0.0
A0A554MWJ2,False,3060,0,0.0
A0A1S8DH19,False,3053,0,0.0
A0A2I8VJX6,False,3061,0,0.0
A0A973UCQ5,False,3062,0,0.0
A0A5J6F3S7,False,3063,0,0.0
A0A8J3HXP6,False,3064,0,0.0
A1BBH0,False,3065,0,0.0
A0A1L9TXT9,False,3066,0,0.0
A0A1W2B0S5,False,3067,0,0.0
A0A3A9GKX0,False,3068,0,0.0
A0A494Z3K9,False,3069,0,0.0
A0A8J3VPE9,False,3070,0,0.0
A0A3A9TBB8,False,3071,0,0.0
A0A841KWC0,False,3072,0,0.0
A0A919K347,False,3073,0,0.0
A0A7J9W9J9,False,3074,0,0.0
Q836N3,False,3075,0,0.0
Q67QW6,False,3076,0,0.0
A6SYC5,False,3077,0,0.0
A0A974WQ16,False,3078,0,0.0
A0A556QK88,False,3080,0,0.0
A0A364RCQ0,False,3081,0,0.0
A0A0R1LYZ5,False,3082,0,0.0
A0A395RRL6,False,3083,0,0.0
A0A0M9DC79,False,3084,0,0.0
A0A6P4IMJ4,False,3085,0,0.0
A0A0D1XU05,False,3086,0,0.0
G0RN32,False,3087,0,0.0
S3C773,False,3088,0,0.0
A0A498H1J2,False,3089,0,0.0
A0A3G6J5N8,False,3090,0,0.0
A0A1Y0L392,False,3091,0,0.0
A0A0W0TM48,False,3092,0,0.0
W9IYX3,False,3093,0,0.0
A0A8H4FJI4,False,3094,0,0.0
A0A220VFX5,False,3095,0,0.0
A0A919VH44,False,3096,0,0.0
A0A1L7CKC4,False,3097,0,0.0
A0A2I1CML6,False,3098,0,0.0
A0A835J6R1,False,3099,0,0.0
A0A0E9NAY9,False,3100,0,0.0
A0A3N4L718,False,3101,0,0.0
A0A7L3YZN1,False,3102,0,0.0
A0A067BJC5,False,3103,0,0.0
A0A1V6NU25,False,3104,0,0.0
A0A8B8IIU0,False,3105,0,0.0
A0A445C679,False,3106,0,0.0
A0A812T3C6,False,3107,0,0.0
A0A8T1WR61,False,3108,0,0.0
A0A7K6PMX1,False,3109,0,0.0
M3AXA3,False,3110,0,0.0
A0A397IA66,False,3111,0,0.0
A0A5D2X5J8,False,3112,0,0.0
A0A914INU9,False,3113,0,0.0
A0A0R3UMJ2,False,3114,0,0.0
A7TDU3,False,3115,0,0.0
A0A058Z5H1,False,3116,0,0.0
A0A1S3UA79,False,3117,0,0.0
A0A0V0TEH3,False,3118,0,0.0
B7PMS5,False,3119,0,0.0
A0A199UP78,False,3120,0,0.0
A0A2G5B961,False,3121,0,0.0
A0A3D8SSR0,False,3122,0,0.0
A0A8E2EM41,False,3123,0,0.0
A0A8H4V8D3,False,3124,0,0.0
A0A8J6GR35,False,3125,0,0.0
A0A8X6XFS5,False,3126,0,0.0
A0A8B7NV76,False,3127,0,0.0
A0A452H6E2,False,3116,0,0.0
A0A0M9VVL2,False,3128,0,0.0
A0A8B8DFS3,False,3129,0,0.0
A0A1J7J423,False,3130,0,0.0
A0A5P1FVG3,False,3131,0,0.0
A0A0C2Y2Y0,False,3132,0,0.0
A0A7J7QNL0,False,3133,0,0.0
A0A165CVY6,False,3134,0,0.0
A0A6I8UE41,False,3135,0,0.0
A0A1X6NC37,False,3136,0,0.0
A0A851S0S9,False,3137,0,0.0
A0A0E0MEU1,False,3138,0,0.0
A0A8C2YB72,False,3139,0,0.0
A0A6P8HQ91,False,3140,0,0.0
A0A3D8SVD9,False,3141,0,0.0
A0A9L0TTQ6,False,3142,0,0.0
A0A6P7F9A4,False,3143,0,0.0
X0BSI0,False,3144,0,0.0
A0A0C3PIU8,False,3145,0,0.0
E3QGS4,False,3146,0,0.0
A0A2T2NVL5,False,3147,0,0.0
A0A086TEJ7,False,3148,0,0.0
A0A7K5U1F7,False,3149,0,0.0
A0A1E3PGB1,False,3150,0,0.0
A0A6P4BS77,False,3151,0,0.0
K2MMH4,False,3152,0,0.0
A0A0V1BLD4,False,3153,0,0.0
A0A663LRU1,False,3154,0,0.0
A0A067QCM5,False,3155,0,0.0
A0A7L1SS20,False,3156,0,0.0
A0A5J9UUW2,False,3157,0,0.0
E0NKA4,False,3158,0,0.0
A0A804IP06,False,3159,0,0.0
A0A0D3HR42,False,3160,0,0.0
A0A4R1HF75,False,3161,0,0.0
A0A2M9JHK0,False,3162,0,0.0
A0A6P3IN32,False,3163,0,0.0
A0A923HK74,False,3164,0,0.0
A0A433JHA1,False,3165,0,0.0
A0A427YQ41,False,3166,0,0.0
A0A8T0UFR4,False,3167,0,0.0
R7VKZ3,False,3168,0,0.0
A0A919FB56,False,3169,0,0.0
F6RL08,False,3170,0,0.0
A6H1T6,False,3171,0,0.0
A0A1N7GAR3,False,3172,0,0.0
A0A7W4J5F1,False,3173,0,0.0
I1S5L5,False,3174,0,0.0
A0A973REL8,False,3175,0,0.0
A0A931BN06,False,3176,0,0.0
A0A4Q5XLP7,False,3177,0,0.0
A0A2T4V7V6,False,3178,0,0.0
A0A7Y2SRF8,False,3179,0,0.0
A0A1H6JE18,False,3180,0,0.0
A0A975MYH8,False,3181,0,0.0
A0A8M8V1Y8,False,3182,0,0.0
A0A8K1FJV5,False,3183,0,0.0
A0A0A2USY9,False,3184,0,0.0
A0A150AP62,False,3185,0,0.0
A0A811PK58,False,3186,0,0.0
A0A167CP49,False,3187,0,0.0
A0A7M1Q6D5,False,3188,0,0.0
A0A818QBU3,False,3189,0,0.0
A0A8B7C8F5,False,3190,0,0.0
A0A7C8IB42,False,3191,0,0.0
K5WAF6,False,3192,0,0.0
A0A428NJA2,False,3193,0,0.0
D4AYL3,False,3194,0,0.0
A0A074VR68,False,3195,0,0.0
A0A8H6H619,False,3196,0,0.0
A0A4Q4TXE0,False,3197,0,0.0
G8BAJ0,False,3198,0,0.0
A0A4P6XPE2,False,3199,0,0.0
W9X2L4,False,3200,0,0.0
A0A1V6QDM3,False,3201,0,0.0
A0A1B7THN7,False,3202,0,0.0
Q8ETK9,False,3203,0,0.0
A0A4R0RS60,False,3204,0,0.0
A0A101MEK4,False,3205,0,0.0
A0A3N4LBJ0,False,3206,0,0.0
A0A369HDI3,False,3207,0,0.0
A0A8B6BQC9,False,3208,0,0.0
A0A5N6ZNL5,False,3209,0,0.0
S7QB82,False,3210,0,0.0
A0A3L6SLI1,False,3211,0,0.0
A0A9L0RFG2,False,3212,0,0.0
C4LW50,False,3213,0,0.0
A0A0V0WBG5,False,3214,0,0.0
E3SAM6,False,3215,0,0.0
A0A5N5HG65,False,3216,0,0.0
C4Y4R6,False,3217,0,0.0
A0A2S4U9D1,False,3218,0,0.0
A0A317XIR5,False,3219,0,0.0
A0A194QVJ3,False,3220,0,0.0
A0A8H5D8R5,False,3221,0,0.0
A0A5N5HGT7,False,3222,0,0.0
K2RF68,False,3223,0,0.0
A0A8C3FRS9,False,3224,0,0.0
A0A6P6K8Q8,False,3225,0,0.0
A0A072TWJ8,False,3226,0,0.0
A0A8J5JC10,False,3227,0,0.0
A0A8J5RI56,False,3228,0,0.0
A0A2P5VQJ3,False,3229,0,0.0
A0A218UUD0,False,3230,0,0.0
A0A5A9Z1K0,False,3231,0,0.0
A0A2D3WC85,False,3232,0,0.0
T2KJQ4,False,3233,0,0.0
A0A2I2KRY6,False,3234,0,0.0
A0A8J3AZ52,False,3235,0,0.0
A0A841RJN1,False,3236,0,0.0
A0A2T3N0J7,False,3237,0,0.0
A0A1M4WKC9,False,3238,0,0.0
M1FB60,False,3239,0,0.0
A0A975BTW2,False,3240,0,0.0
A0A4Q7MN16,False,3241,0,0.0
A0A0B7F512,False,3242,0,0.0
A0A0K2AVL7,False,3243,0,0.0
A0A430JF92,False,3244,0,0.0
R2PRV7,False,3245,0,0.0
A0A1I7F399,False,3246,0,0.0
A0A1W2CTA6,False,3247,0,0.0
A0A1H6Q6J1,False,3248,0,0.0
A0A8C3AB37,False,3249,0,0.0
A0A811LKZ8,False,3250,0,0.0
A0A672NBB2,False,3251,0,0.0
A0A2G9RE92,False,3252,0,0.0
A0A7L1PEH7,False,3253,0,0.0
A0A068RIK0,False,3254,0,0.0
B2VZN3,False,3255,0,0.0
A0A5A7WZI7,False,3256,0,0.0
A0A6J0AVE2,False,3257,0,0.0
A0K1H8,False,3258,0,0.0
A0A2H3J685,False,3259,0,0.0
A0A1U7T9E9,False,3260,0,0.0
A0A914BNB3,False,3261,0,0.0
A0A100Y2G4,False,3262,0,0.0
A8IF25,False,3263,0,0.0
A0A2K5IHJ3,False,3264,0,0.0
A0A1A6HBN2,False,3265,0,0.0
A0A5N5JBJ7,False,3266,0,0.0
A0A2T2NSN7,False,3267,0,0.0
U7Q5V6,False,3268,0,0.0
G9QHI6,False,3269,0,0.0
A0A8C0R4X0,False,3270,0,0.0
A0A674BZ13,False,3271,0,0.0
A0A6P8URR6,False,3272,0,0.0
A0A482VHR5,False,3273,0,0.0
A0A2H5WAF5,False,3274,0,0.0
A0A074KGN4,False,3275,0,0.0
A0A3A9B6I3,False,3276,0,0.0
A0A8J5VL26,False,3277,0,0.0
A0A5N6J225,False,3278,0,0.0
A0A667ZV59,False,3279,0,0.0
A0A673YFA4,False,3280,0,0.0
A0A1I3Z9B3,False,3281,0,0.0
A0A7J5Y556,False,3282,0,0.0
A0A0U5HGV8,False,3283,0,0.0
A0A1X7K605,False,3284,0,0.0
W2S9M6,False,3285,0,0.0
A0A914NEF3,False,3286,0,0.0
A0A139IIB9,False,3287,0,0.0
A0A835DF66,False,3288,0,0.0
A0A5D2WK19,False,3289,0,0.0
A0A8B7F2A3,False,3290,0,0.0
A0A5N5NFA5,False,3291,0,0.0
A0A673TDH2,False,3292,0,0.0
H8KY00,False,3293,0,0.0
A0A8J5KA39,False,3294,0,0.0
A0A7J9LQG5,False,3295,0,0.0
A0A6J0I9C6,False,3296,0,0.0
A0A835QLM2,False,3297,0,0.0
A0A484B8J8,False,3298,0,0.0
A0A6F8ZZV2,False,3299,0,0.0
A0A7K5AAE3,False,3300,0,0.0
A0A060WYS6,False,3301,0,0.0
A0A8C6E9H0,False,3302,0,0.0
A0A2U3Y1E3,False,3303,0,0.0
A0A7L3WAQ7,False,3304,0,0.0
A0A7K7PQH6,False,3305,0,0.0
A0A8X8CH37,False,3306,0,0.0
A0A5F5PNA1,False,3307,0,0.0
A0A8C4SKC8,False,3308,0,0.0
A0A7K9WW48,False,3309,0,0.0
A0A913XPY2,False,3310,0,0.0
A0A671TUH6,False,3311,0,0.0
A0A3Q0H2K3,False,3312,0,0.0
A0A674BQ24,False,3313,0,0.0
A0A7K7GIG1,False,3314,0,0.0
A0A672I404,False,3315,0,0.0
A0A3Q0E3Y1,False,3316,0,0.0
A0A834L052,False,3317,0,0.0
A0A7K4KGT0,False,3318,0,0.0
A0A8C4M812,False,3319,0,0.0
A0A8C7ZPI1,False,3320,0,0.0
A0A672NA33,False,3321,0,0.0
A0A8C7IL13,False,3322,0,0.0
A0A6J2NA39,False,3323,0,0.0
A0A8C0KKC1,False,3324,0,0.0
A0A292EDV1,False,3325,0,0.0
L1KLF3,False,3326,0,0.0
A0A2W7N9W9,False,3327,0,0.0
A0A327L1V6,False,3328,0,0.0
A0A4U0HBT7,False,3329,0,0.0
A0A3N0CBP9,False,3330,0,0.0
A0A208XX12,False,3331,0,0.0
A0A0K9GTR2,False,3332,0,0.0
A0A926Q151,False,3333,0,0.0
A0A4R3UNA4,False,3334,0,0.0
A0A973RKW6,False,3335,0,0.0
A0A4U6QCM9,False,3336,0,0.0
A0A843RH04,False,3337,0,0.0
A0A2I8DDL1,False,3338,0,0.0
Q57WK6,False,3339,0,0.0
A0A507QLJ6,False,3340,0,0.0
A0A1Z5JQ93,False,3341,0,0.0
A0A8H6IIK7,False,3342,0,0.0
A0A8H2VVU1,False,3343,0,0.0
A0A8S1DMY6,False,3344,0,0.0
A0A673XVT1,False,3345,0,0.0
A0A0E0GCF7,False,3346,0,0.0
A0A8C9E6K6,False,3347,0,0.0
A0A8B9RSQ9,False,3348,0,0.0
A0A1A0HDA4,False,3349,0,0.0
A0A7K5LUN2,False,3350,0,0.0
A0A9J5ZPZ6,False,3351,0,0.0
A0A7K7SLI8,False,3352,0,0.0
D0N593,False,3353,0,0.0
A0A8H8UHS0,False,3354,0,0.0
A0A0B0PBG3,False,3355,0,0.0
I1RR30,False,3356,0,0.0
A0A6P8ZDX6,False,3357,0,0.0
Q2U804,False,3358,0,0.0
A0A652JWE9,False,3359,0,0.0
A0A2P6VLU2,False,3360,0,0.0
A0A974WGC1,False,3361,0,0.0
A0A2K8SUM7,False,3362,0,0.0
S8CV68,False,3363,0,0.0
A0A1B2AGV4,False,3364,0,0.0
A0A1S4BVC3,False,3365,0,0.0
Q31RZ3,False,3366,0,0.0
A0A5D2WQK0,False,3367,0,0.0
B1X0R3,False,3368,0,0.0
A3W9P7,False,3369,0,0.0
A0A0M0LQ48,False,3370,0,0.0
A7NJ85,False,3371,0,0.0
A0A812N991,False,3372,0,0.0
A0A2R6W7G5,False,3373,0,0.0
A0A6A4L3L9,False,3374,0,0.0
A0A9D4Z0S7,False,3375,0,0.0
A0A9J7AHQ4,False,3376,0,0.0
A0A7V8SRE8,False,3377,0,0.0
A0A2B8ATP3,False,3378,0,0.0
A0A4P6Q271,False,3379,0,0.0
I4ERQ5,False,3380,0,0.0
A0A5D0NRH9,False,3381,0,0.0
A0A6B2SW67,False,3382,0,0.0
A0A1G9PXN7,False,3383,0,0.0
A0A0B5IKA2,False,3384,0,0.0
A0A1I6W8K3,False,3385,0,0.0
A0A7Y6IC22,False,3386,0,0.0
A0A4R2J7M4,False,3387,0,0.0
G7CKG2,False,3388,0,0.0
A0A925HPE7,False,3389,0,0.0
A0A2N8P7H0,False,3390,0,0.0
A0A7W3JBE2,False,3391,0,0.0
A0A1J4NYW0,False,3392,0,0.0
A0A5B0AU11,False,3393,0,0.0
A0A8J3VIL3,False,3394,0,0.0
A0A1R4LMV0,False,3395,0,0.0
A0A8S1Q5W8,False,3396,0,0.0
A0A0C7NDG1,False,3397,0,0.0
A0A429Z9N0,False,3398,0,0.0
A0A1X2HAG3,False,3399,0,0.0
C6A573,False,3400,0,0.0
A0A7J7V6D4,False,3401,0,0.0
A0A7L0VYJ7,False,3402,0,0.0
A0A7K4LC83,False,3403,0,0.0
A0A086PE42,False,1,0,0.0
A0A2A2J8W7,False,3404,0,0.0
A0A8H6RBE3,False,3405,0,0.0
A0A093GW50,False,3406,0,0.0
A0A2P7TGQ0,False,15,0,1.0
T0NBP7,False,3407,0,0.0
A0A1G6L8J9,False,3408,0,0.0
O29855,False,3409,0,0.0
T0LED0,False,3410,0,0.0
O29125,False,3411,0,0.0
A0A0C2H836,False,3412,0,0.0
F0LKG1,False,3413,0,0.0
Q97VM1,False,3414,0,0.0
F0LJB8,False,3415,0,0.0
A0A919PQB6,False,3416,0,0.0
A0A6J3KEH1,False,3417,0,0.0
A0A067F7J1,False,3418,0,0.0
A0A093NP14,False,3419,0,0.0
A0A7K7X9L2,False,3420,0,0.0
M5E5N7,False,3421,0,0.0
A0A2A4K754,False,3422,0,0.0
A0A8I3NMG3,False,49,0,0.0
E2A3I0,False,3423,0,0.0
A0A834FPK6,False,3424,0,0.0
A0A8H6CXT6,False,3425,0,0.0
A0A251UPV4,False,3426,0,0.0
A0A7J9DZT1,False,3427,0,0.0
A0A177AYE1,False,3428,0,0.0
A0A4Z0YZ50,False,3429,0,0.0
A0A0Q5ZAJ5,False,3430,0,0.0
A0A4Q7VGK7,False,3431,0,0.0
A0A0S3Q094,False,3432,0,0.0
A0A838BS50,False,3433,0,0.0
A0A7W6IF17,False,3434,0,0.0
A0A916TLK3,False,3435,0,0.0
A0A0Q5PG27,False,3436,0,0.0
A0A0Q5WCQ5,False,3437,0,0.0
A0A5C8WNY5,False,3438,0,0.0
A0A6M1SU78,False,3439,0,0.0
A0A562FLS4,False,3440,0,0.0
A0A7X3MTT9,False,3441,0,0.0
Q6N8I6,False,3442,0,0.0
A0A285U0C2,False,3443,0,0.0
A0A4Q2RDE5,False,3444,0,0.0
B9JSN2,False,3445,0,0.0
A0A1N6Y5G2,False,3446,0,0.0
D6SPB6,False,3447,0,0.0
A0A0W1A0I3,False,3448,0,0.0
A0A091LQ76,False,3449,0,0.0
A0A315AHJ7,False,3450,0,0.0
G5B146,False,3451,0,0.0
A0A926XIU3,False,3452,0,0.0
A0A942YWA2,False,3453,0,0.0
W5Q3P0,False,3454,0,0.0
A0A8C2W3X5,False,3455,0,0.0
A0A4X2KSB1,False,3456,0,0.0
A0A7L2HII2,False,3457,0,0.0
A0A080WI15,False,3458,0,0.0
A0A4Q4TQM0,False,3459,0,0.0
A0A7L4G8G9,False,3460,0,0.0
G8LWW9,False,3461,0,0.0
A0A3B0AWZ9,False,3462,0,0.0
A0A8X7C3C2,False,3463,0,0.0
A0A926E3F4,False,3464,0,0.0
A0A8H7N0W0,False,3465,0,0.0
A0A0M8MGL7,False,3466,0,0.0
A0A0F5R3P1,False,3467,0,0.0
H6NSU4,False,3468,0,0.0
U1GD07,False,3469,0,0.0
A0A2S3ZWR6,False,3470,0,0.0
G4ZEQ8,False,3471,0,0.0
A0A4R3HUF2,False,3472,0,0.0
A0A2U3P4H9,False,3473,0,0.0
A0A916YYW8,False,3474,0,0.0
A0A813XCR7,False,3475,0,0.0
R6TXM1,False,3476,0,0.0
A0A6I4I4F0,False,3477,0,0.0
A0A2Z6LYM1,False,3478,0,0.0
A0A017HH32,False,3479,0,0.0
W7T1C1,False,3480,0,0.0
A0A4Q3ZFR3,False,3481,0,0.0
B9JYR2,False,3482,0,0.0
A0A816ASP0,False,3483,0,0.0
A0A3Q3EXT7,False,3484,0,0.0
A0A964BTK2,False,3485,0,0.0
A0A1H1R430,False,3486,0,0.0
A0A7Y3RJS5,False,3487,0,0.0
A0A926DB40,False,3488,0,0.0
A0A4R1NQ76,False,3489,0,0.0
D2NSB7,False,3490,0,0.0
A0A562VKB3,False,3491,0,0.0
A0A0A3HTY4,False,3492,0,0.0
A0A7X6HCD1,False,3493,0,0.0
A5DJM5,False,3494,0,0.0
A0A7Y0J507,False,3495,0,0.0
A5EVJ1,False,3496,0,0.0
A0A4Q7XEB5,False,3497,0,0.0
A0A5Q2VYU0,False,3498,0,0.0
G1T9T5,False,3499,0,0.0
A0A939GC21,False,3500,0,0.0
A0A1I4HKT6,False,3501,0,0.0
A0A8S0QU77,False,3502,0,0.0
W5LK94,False,3503,0,0.0
A0A836ELD4,False,3504,0,0.0
A0A327JIH7,False,3505,0,0.0
A0A924NJC1,False,3506,0,0.0
A0A0L8LJA5,False,3507,0,0.0
A0A5E4Q6H1,False,3508,0,0.0
A0A2G5KFP2,False,172,0,0.0
A0A7W7RDF8,False,3509,0,0.0
T1JTB2,False,3510,0,0.0
A0A1P8UCN3,False,3511,0,0.0
A0A1E3NLY4,False,3512,0,0.0
A0A672QXK6,False,3513,0,0.0
A0A4W5L9F8,False,3514,0,0.0
A4YKC8,False,3515,0,0.0
A0A1C4M2Y8,False,3516,0,0.0
A0A078LM70,False,3517,0,0.0
F3ZWD4,False,3518,0,0.0
A0A0X1KPF2,False,3519,0,0.0
A0A0P0NKZ9,False,3520,0,0.0
A0A4R2IFS8,False,3521,0,0.0
A0A084J8Q7,False,3522,0,0.0
A0A7K1Y4Z9,False,3523,0,0.0
A0A918ZWY7,False,3524,0,0.0
A0A939HBH1,False,3525,0,0.0
A5I7S8,False,3526,0,0.0
A0A9E2S7K0,False,3527,0,0.0
A0A5C6A3H8,False,3528,0,0.0
A0A5B1CI79,False,3529,0,0.0
A0A0N7MVB5,False,193,0,0.0
A0A8J6PP58,False,3530,0,0.0
R7FQ07,False,3531,0,0.0
A0A388SM65,False,3532,0,0.0
A0A5M3Y5V5,False,3533,0,0.0
A0A4P6VUH0,False,3534,0,0.0
A0A8J3S802,False,3535,0,0.0
A0A2A8SGA6,False,3536,0,0.0
A0A089HM98,False,194,0,0.0
D1AK99,False,3537,0,0.0
V2Y9Z6,False,3538,0,0.0
A0A657ANM6,False,3539,0,0.0
A0A084JGQ2,False,3540,0,0.0
G1UPK9,False,3541,0,0.0
A0A8H2JLA5,False,3542,0,0.0
A0A3A9ATU9,False,3543,0,0.0
A0A0M5LL39,False,3544,0,0.0
A0A1I2ASB4,False,3545,0,0.0
A0A8B9WXV3,False,3546,0,0.0
A0A0A0AQ02,False,3547,0,0.0
A0A7K8KUW1,False,210,0,0.0
A0A8B9GGB0,False,3548,0,0.0
A0A8V0Z727,False,3549,0,0.0
A0A7F8K595,False,3550,0,0.0
A0A8C9N947,False,3551,0,0.0
A0A7N5KEV1,False,3552,0,0.0
A0A8C9BGL9,False,211,0,0.0
A0A5E4B2V1,False,3553,0,0.0
A0A8D0BTX0,False,3554,0,0.0
I3IP78,False,3555,0,0.0
A0A1L7I4H8,False,3556,0,0.0
A0A516GNJ5,False,3557,0,0.0
A0A5N1IJW6,False,222,0,0.0
R6J050,False,3558,0,0.0
A0A1H9FZC2,False,3559,0,0.0
A0A1Y1SA18,False,3560,0,0.0
K9XAP6,False,3561,0,0.0
A0A420DXJ4,False,3562,0,0.0
A0A923H8Z1,False,3563,0,0.0
A7HAR9,False,3564,0,0.0
A0A367Q4R9,False,3565,0,0.0
Q3SMF7,False,3566,0,0.0
A0A6L9Y6Q1,False,3567,0,0.0
A0A147H1A5,False,3568,0,0.0
A0A1G6X4E0,False,3569,0,0.0
A0A6I1E3L6,False,3570,0,0.0
A0A918JI23,False,3571,0,0.0
Q87NY3,False,3572,0,0.0
V4NL20,False,3573,0,0.0
A0A0P7IZT6,False,3574,0,0.0
A0A0X1T101,False,3575,0,0.0
A0A2S4M680,False,3576,0,0.0
A0A918NYY3,False,3577,0,0.0
A0A0Q7T134,False,3578,0,0.0
A0A0B3SLI4,False,3579,0,0.0
I4N0C4,False,3580,0,0.0
A0A068QLN5,False,3582,0,0.0
A0A7T3RIY8,False,3583,0,0.0
A0A6F8X2G5,False,3584,0,0.0
A0A068QKK2,False,3585,0,0.0
A0A397ICS7,False,3586,0,0.0
A0A2Z5UZF2,False,3587,0,0.0
A0A0D3R3U0,False,3588,0,0.0
A0A6F8X3G9,False,3589,0,0.0
B3SDT9,False,3590,0,0.0
A0A7G9TKV6,False,3591,0,0.0
A0A2V1CWR8,False,3592,0,0.0
A0A4Z1ING4,False,3593,0,0.0
A0A8T9B511,False,3594,0,0.0
A0A4Y8CYY9,False,3595,0,0.0
A0A8H8C3V3,False,3596,0,0.0
A0A8H7WWI7,False,3597,0,0.0
A0A8H4NK40,False,3598,0,0.0
A0A1L7X5C3,False,3599,0,0.0
A0A395RYB4,False,3600,0,0.0
A0A4Q4UKW0,False,3601,0,0.0
A0A4Q4ZUV5,False,3602,0,0.0
A0A2S7R484,False,3603,0,0.0
A0A8S9B7T7,False,3604,0,0.0
A0A1J7JCA6,False,3605,0,0.0
A0A8H5DHA2,False,3606,0,0.0
A0A8J5NR92,False,3607,0,0.0
A0A2N3N262,False,3608,0,0.0
A0A2S7PNN1,False,3609,0,0.0
F9XBB9,False,3610,0,0.0
A0A8H6KQP4,False,3611,0,0.0
A0A0L8V3W0,False,3612,0,0.0
Q3IYX2,False,3613,0,0.0
A0A6M4H926,False,3614,0,0.0
A0A067JF27,False,3615,0,0.0
A0A196MV28,False,3616,0,0.0
A0A944IGY3,False,3617,0,0.0
A0A1H6KU82,False,3618,0,0.0
A0A1G5QPW9,False,3619,0,0.0
M1E7J1,False,3620,0,0.0
A0A6B2M211,False,3621,0,0.0
A0A445AEI1,False,3622,0,0.0
A0A918BNS2,False,3623,0,0.0
R5B952,False,3624,0,0.0
K9T3M3,False,3625,0,0.0
A0A401IN86,False,3626,0,0.0
A0A257EZB0,False,3627,0,0.0
A0A8J1TQQ6,False,3628,0,0.0
A0A1H2VKH6,False,3629,0,0.0
A0A267GMZ7,False,3630,0,0.0
A0A0M1JZ22,False,3631,0,0.0
A0A2P7B1Z5,False,3632,0,0.0
A0A5N5PGP4,False,3633,0,0.0
A0A815GNM4,False,3634,0,0.0
A0A511BLB3,False,3635,0,0.0
A0A812GKB8,False,3636,0,0.0
M2MVQ8,False,3637,0,0.0
A0A2S0UNL8,False,3638,0,0.0
A0A1Y1Y1X8,False,3639,0,0.0
A0A8H3VVF5,False,3640,0,0.0
A0A8H4RN22,False,3641,0,0.0
A0A0H2ZMM7,False,329,0,1.0
A0A0D2I5D2,False,3642,0,0.0
A0A924YUA6,False,3643,0,0.0
A0A0C3M9Z5,False,3644,0,0.0
A0A8J9WQV8,False,3645,0,0.0
A0A0C9MLF8,False,3646,0,0.0
D5G625,False,3647,0,0.0
A0A8H7KWU1,False,3648,0,0.0
A0A942PMP5,False,3649,0,0.0
A0A8K1CQR6,False,3650,0,0.0
W2Y354,False,3651,0,0.0
A0A150GW09,False,3652,0,0.0
A0A812X925,False,3653,0,0.0
A0A8H7BL92,False,3654,0,0.0
A0A1X2G4R1,False,3655,0,0.0
A0A0W0TKU9,False,3656,0,0.0
A0A0C3CTN6,False,3657,0,0.0
K5WQV7,False,3658,0,0.0
A0A137PBR4,False,3659,0,0.0
A0A2P6NWX7,False,3660,0,0.0
A0A2J7ZI28,False,3661,0,0.0
A0A1X2J051,False,3662,0,0.0
A0A5R9LEI8,False,3663,0,0.0
A0A6P2E8Z6,False,3664,0,0.0
A0A1I0AKP4,False,3665,0,0.0
D4K2T0,False,3666,0,0.0
Q9KTU3,False,3667,0,0.0
A0A1I4V7X4,False,3668,0,0.0
A0A069RCD7,False,3669,0,0.0
A0A9K3WSB7,False,3670,0,0.0
A0A4P6MCA7,False,3671,0,0.0
A0A3R6VH88,False,3672,0,0.0
A0A1R4LGJ7,False,3673,0,0.0
S3LA96,False,3674,0,0.0
A0A0J1HCK4,False,3675,0,0.0
A0A4R2TNA5,False,3676,0,0.0
A0A0M2SWU5,False,3677,0,0.0
A0A0R2CM71,False,3678,0,0.0
A0A1X6WSL7,False,3679,0,0.0
A0A7V8T0Z7,False,3680,0,0.0
A0A3T0HSP8,False,3681,0,0.0
A0A1J7HHP6,False,3682,0,0.0
A0A6A2XKX3,False,3683,0,0.0
A0A830CFS9,False,3684,0,0.0
A0A2J6RQ80,False,3685,0,0.0
M5WGB8,False,3686,0,0.0
A0A251TLN0,False,3687,0,0.0
A0A8X7P850,False,3688,0,0.0
A0A022RBT4,False,3689,0,0.0
A0A8H4NKR1,False,3690,0,0.0
A0A444XJ38,False,3691,0,0.0
A0A1S3UBA6,False,3692,0,0.0
A0A6J1AL35,False,3693,0,0.0
A0A1E3HAF8,False,3694,0,0.0
A0A7J7NWN1,False,3695,0,0.0
A0A8B8M7X1,False,3696,0,0.0
C5YCV5,False,3697,0,0.0
A0A0C2AZC7,False,3698,0,0.0
A0A0D3DWW9,False,3699,0,0.0
A0A3L6SK73,False,3700,0,0.0
A0A8S0PU33,False,3701,0,0.0
A0A930SX91,False,3702,0,0.0
A0A3Q4H1Z6,False,3703,0,0.0
A0A1S2Z3S9,False,3704,0,0.0
A0A6G1FYJ0,False,3705,0,0.0
S3BWC2,False,3706,0,0.0
A0A1Y0CWY0,False,3707,0,0.0
A0A1C7MD85,False,3708,0,0.0
A0A8B9VX00,False,3709,0,0.0
A0A652KFK6,False,3710,0,0.0
A0A0C4DS29,False,3711,0,0.0
G0N5T3,False,3712,0,0.0
A0A8J1YVN1,False,3713,0,0.0
A0A7L4BU37,False,3714,0,0.0
A0A7L3BTJ0,False,3715,0,0.0
A0A914ETL4,False,3716,0,0.0
A0A1H6BJ33,False,3717,0,0.0
A0A163B275,False,3718,0,0.0
A0A7K6TD21,False,3719,0,0.0
A0A341AIP6,False,3720,0,0.0
A0A443Q890,False,3721,0,0.0
M7TU87,False,3722,0,0.0
A0A167DYE4,False,3723,0,0.0
R7U4V9,False,3724,0,0.0
A0A8J2SCZ7,False,3725,0,0.0
A0A369J5F4,False,3726,0,0.0
A0A1Z9Z2K5,False,3727,0,0.0
A0A8B9I4W6,False,3728,0,0.0
A0A0L0VTB8,False,3729,0,0.0
A0A0C9ZHV8,False,3730,0,0.0
A0A4W6EER4,False,3731,0,0.0
A0A175VQG4,False,3732,0,0.0
A8TKW7,False,3733,0,0.0
A0A8C8A0Y5,False,3734,0,0.0
A0A8D0B1B8,False,3735,0,0.0
W9CB19,False,3736,0,0.0
A0A1N7NB57,False,3737,0,0.0
A0A8H7FD37,False,3738,0,0.0
A0A7G5IEI9,False,3739,0,0.0
A0A8C5ZD03,False,3740,0,0.0
A0A1L9WNJ6,False,3741,0,0.0
A0A850TV09,False,3742,0,0.0
A0A915AS86,False,3743,0,0.0
A0A5C3L859,False,3744,0,0.0
A0A8J7NZ83,False,3745,0,0.0
A0A2K1QTY1,False,3746,0,0.0
A0A167FN43,False,3747,0,0.0
A0A1V1UX66,False,3748,0,0.0
A0A2H9TLE3,False,3749,0,0.0
A0A7Y0LHI8,False,3750,0,0.0
A0A369JE10,False,3751,0,0.0
A0A3R8S489,False,3752,0,0.0
N1PQD7,False,3753,0,0.0
A0A1Z4N2I1,False,3754,0,0.0
A0A0K6FVN9,False,3755,0,0.0
A0A512NN24,False,3756,0,0.0
A0A366FTV5,False,3757,0,0.0
A0A5S9N6F3,False,3758,0,0.0
A0A916B5J7,False,3759,0,0.0
Q1H1V9,False,3760,0,0.0
A0A974PWA0,False,3761,0,0.0
A0A8J1YU09,False,3762,0,0.0
A0A7W7XYC9,False,3763,0,0.0
A0A177Q914,False,3764,0,0.0
A0A1R1LYP0,False,3766,0,0.0
A0A812WJU6,False,3767,0,0.0
A0A1I4E1T1,False,3768,0,0.0
A0A812KR35,False,3769,0,0.0
A0A371RLG1,False,3770,0,0.0
F4RIW3,False,3771,0,0.0
A0A5B0MQ54,False,3772,0,0.0
A0A2N5UJ70,False,3773,0,0.0
A0A0C4F6D1,False,3774,0,0.0
A0A409VT14,False,3775,0,0.0
A0A5B0QW07,False,3776,0,0.0
A0A4R0RU82,False,3777,0,0.0
A0A0L0VNS7,False,3778,0,0.0
A0A0L6UFW4,False,3779,0,0.0
A0A2N5V6J5,False,3780,0,0.0
E3JY72,False,3781,0,0.0
A0A5B0PHB0,False,3782,0,0.0
A0A5J5ECJ2,False,3783,0,0.0
A0A0L6UCK9,False,3784,0,0.0
A0A2S4UX46,False,3785,0,0.0
F4SCV2,False,3786,0,0.0
E3KKU9,False,3787,0,0.0
H6QRE8,False,3788,0,0.0
F4S6S5,False,3789,0,0.0
A0A0L0V2K0,False,3790,0,0.0
A0A3M8QCQ4,False,3791,0,0.0
A0A7R6SVZ4,False,3792,0,0.0
A0A363RPB5,False,3793,0,0.0
A0A1B3MYW6,False,3794,0,0.0
N2JEF9,False,3795,0,0.0
A0A2T0XE82,False,3796,0,0.0
A0A179G3H7,False,3797,0,0.0
A0A8H7N467,False,3798,0,0.0
A0A257DCC4,False,3799,0,0.0
A0A7W8HJ33,False,3800,0,0.0
A0A344U7Y7,False,3801,0,0.0
A0A1M4VRZ2,False,3802,0,0.0
A0A7Z0WQY8,False,3803,0,0.0
A0A6I5YP26,False,3804,0,0.0
A0A218QQA2,False,504,0,0.0
A0A286D6T5,False,3805,0,0.0
A0A239DTU4,False,3806,0,0.0
A0A2A4GAQ1,False,3807,0,0.0
A0A975CRF5,False,3808,0,0.0
A0A1V6N4H0,False,3809,0,0.0
A0A0A2MNC4,False,3810,0,0.0
A0A972F878,False,3811,0,0.0
A0A8J8G935,False,3812,0,0.0
A0A1I2XNH1,False,3813,0,0.0
A0A4R7TEA6,False,3814,0,0.0
A0A941UF90,False,3815,0,0.0
A0A0Q9ZEP4,False,3816,0,0.0
A0A0N1LD87,False,3817,0,0.0
A0A2S7WZY8,False,3818,0,0.0
A0A839GYC6,False,3819,0,0.0
A0A964WXW5,False,3820,0,0.0
A0A926SN26,False,3821,0,0.0
A0A941GXI4,False,3822,0,0.0
M3B969,False,3823,0,0.0
H2AV10,False,3824,0,0.0
H2QFV7,False,3825,0,0.0
A0A7C8IRV1,False,3826,0,0.0
A0A3M2T059,False,3827,0,0.0
A0A9F2QAA0,False,3828,0,0.0
A0A2G9TRD2,False,3829,0,0.0
A0A851ZDK4,False,3830,0,0.0
A0A024G346,False,3831,0,0.0
A0A1R1WXQ7,False,3832,0,0.0
A0A3M7MZW1,False,3833,0,0.0
A0A9L0SE93,False,3834,0,0.0
A0A8W8KU01,False,3835,0,0.0
A0A667XLC9,False,3836,0,0.0
T1EFQ3,False,3837,0,0.0
A0A1S3T8X1,False,534,0,0.0
A0A919MES0,False,3838,0,0.0
A0A3N0CB16,False,3839,0,0.0
A0A6M1MP05,False,3840,0,0.0
N0AVR6,False,3841,0,0.0
A0A923JBV2,False,3842,0,0.0
A0A343TJU1,False,3843,0,0.0
A0A1E7N8T8,False,3844,0,0.0
A0A7W7Q912,False,3845,0,0.0
R5A6U7,False,3846,0,0.0
A0A428T1H4,False,3847,0,0.0
A0A1W6B1Z8,False,3848,0,0.0
U1MTF8,False,3849,0,0.0
A0A2T4UKH1,False,3850,0,0.0
I1CZD5,False,3851,0,0.0
A0A841IPB3,False,3852,0,0.0
A0A815KUE8,False,3853,0,0.0
A0A543HTH5,False,3854,0,0.0
W0DHL2,False,3855,0,0.0
A0A5N5H6Y5,False,3856,0,0.0
Q82XJ9,False,3857,0,0.0
A0A3D8YG82,False,3858,0,0.0
A0A2T1HP17,False,571,0,0.0
A0A419HFD2,False,3859,0,0.0
A0A841HUB6,False,3860,0,0.0
I2GHD4,False,3861,0,0.0
A0A934JBH6,False,3862,0,0.0
A0A7K1Y2I5,False,3863,0,0.0
A0A1V1PPI4,False,3864,0,0.0
A0A257LDN6,False,3865,0,0.0
A0A516GMA0,False,3866,0,0.0
A0A7J5C197,False,3867,0,0.0
A0A3A4KJ69,False,3868,0,0.0
A0A919I4Y9,False,3869,0,0.0
A0A7Y0Q668,False,3870,0,0.0
A0A2S4PQL5,False,593,0,0.0
A0A6P5CGF6,False,3871,0,0.0
A0A814SK20,False,3872,0,0.0
A0A1I5GNW0,False,3873,0,0.0
A0A1H7T088,False,3874,0,0.0
A0A5B0BHM5,False,3875,0,0.0
A0A8C6JTS9,False,592,0,0.0
A0A8B9YBZ7,False,3876,0,0.0
A0A452EJZ4,False,3877,0,0.0
A0A0N4WQ01,False,3878,0,0.0
A0A099YSJ8,False,3879,0,0.0
W5N894,False,3880,0,0.0
A0A8I3MLK9,False,3881,0,0.0
A0A556TLK9,False,3882,0,0.0
G3V810,False,3883,0,0.0
A0A669QK99,False,3884,0,0.0
A0A8C4H418,False,3885,0,0.0
A0A6Q2X3Y9,False,3886,0,0.0
A0A6P8YY48,False,3887,0,0.0
A0A7K8B7R5,False,603,0,0.0
A0A2U3W7N6,False,3888,0,0.0
A0A1V4L136,False,3889,0,0.0
A0A158NSP7,False,3890,0,0.0
A0A672TVR3,False,3891,0,0.0
Q5KU07,False,3892,0,0.0
C0MNB5,False,3893,0,0.0
Q84404,False,3894,0,0.0
A0A3S9JLR7,False,3895,0,0.0
M1JMH0,False,3896,0,0.0
K7XZL0,False,3897,0,0.0
V5LUG3,False,3898,0,0.0
A0A6H2MW43,False,3899,0,0.0
A0A411I687,False,3900,0,0.0
I7H7W8,False,3901,0,0.0
Q8B8Q9,False,3902,0,0.0
A0A5C1DB73,False,3903,0,0.0
A0A386QUM0,False,3904,0,0.0
A0A7J9GIM3,False,3905,0,0.0
A0A8K0H617,False,3906,0,0.0
A0A7L1Y507,False,3907,0,0.0
A0A8C3RYE9,False,3908,0,0.0
A0A1G4J2I6,False,3909,0,0.0
A0A671Y9V7,False,3910,0,0.0
A0A852CWX5,False,3911,0,0.0
A0A061F0E4,False,640,0,1.0
A0A7L1V2V8,False,3912,0,0.0
A0A8C5K783,False,3913,0,0.0
A0A239I129,False,3914,0,0.0
A0A2K1KJE3,False,3915,0,0.0
D2VA05,False,3916,0,0.0
A0A2R6RYV8,False,3917,0,0.0
A4HSS6,False,3918,0,0.0
A0A851LN36,False,3919,0,0.0
A0A0R0HC40,False,3920,0,0.0
A0A1I6T5H7,False,3921,0,0.0
A0A1I0DIJ4,False,3922,0,0.0
A0A1I3ZKX7,False,3923,0,0.0
A0A248THN3,False,3924,0,0.0
A0A369QC22,False,3925,0,0.0
U5QSC3,False,3926,0,0.0
A0A6J4FPU8,False,3927,0,0.0
A0A7X9R7K9,False,3928,0,0.0
A0A0Q7JCI6,False,3929,0,0.0
A0A559JFW6,False,3930,0,0.0
A0A4Y1WD28,False,3931,0,0.0
A0A0M4D022,False,3932,0,0.0
A0A7G9URS3,False,3933,0,0.0
A0A386TI44,False,3934,0,0.0
A0A1V1V336,False,3935,0,0.0
S0KTK1,False,3936,0,0.0
A0A924E6V3,False,3937,0,0.0
A0A942LZ12,False,3938,0,0.0
H2IWZ3,False,3939,0,0.0
A0A2U1S6N5,False,3940,0,0.0
A0A239TA05,False,3941,0,0.0
A0A099S3E2,False,677,0,0.0
A0A1I5YNB8,False,676,0,0.0
A0A845QU18,False,3942,0,0.0
A0A1G6K6V8,False,3943,0,0.0
A0A6B3TQH4,False,675,0,0.0
A0A4R2PDR6,False,3944,0,0.0
A0A8B9DMB8,False,3945,0,0.0
A0A2K6PS89,False,3946,0,0.0
A0A3Q7QZY7,False,3947,0,0.0
A0A8C3C9V7,False,3948,0,0.0
A0A3B3HG76,False,3949,0,0.0
A0A484GZ69,False,3950,0,0.0
A0A7J8I2G3,False,3951,0,0.0
A0A8S0WA00,False,3952,0,0.0
A0A8T0ALE4,False,3953,0,0.0
A0A8H6M6Y8,False,3954,0,0.0
A0A0D2PCE9,False,3955,0,0.0
A0A7K5G258,False,3956,0,0.0
A0A6P3RG71,False,3957,0,0.0
A0A8I3S3E5,False,3958,0,0.0
A0A151HYR5,False,3959,0,0.0
A8NT42,False,3960,0,0.0
A0A3B3IP02,False,3961,0,0.0
A0A7J7JXV2,False,3962,0,0.0
A0A7X0JVB9,False,3963,0,0.0
B2IFK3,False,3964,0,0.0
A0A1I4KIB2,False,3965,0,0.0
A0A0M2WSS7,False,3966,0,0.0
A0A345ZJ24,False,3967,0,0.0
A0A257LI84,False,3968,0,0.0
A0A6B3SME1,False,3969,0,0.0
A0A2M9E7V7,False,3970,0,0.0
A0A4R7VD25,False,3971,0,0.0
A0A398CIU9,False,3972,0,0.0
A0A4Q7W020,False,3973,0,0.0
A0A1H8IMA2,False,3974,0,0.0
A0A1K1M5R8,False,3975,0,0.0
A0A918HYT2,False,3976,0,0.0
A0A7C9PJZ5,False,3977,0,0.0
A0A4Y9PB11,False,3978,0,0.0
A0A3A3FX66,False,3979,0,0.0
A0A944PSL8,False,3980,0,0.0
A0A8C9Z082,False,3981,0,0.0
A0A7Y2WZ22,False,3982,0,0.0
A0A944ISL0,False,3983,0,0.0
A0A9D3TA14,False,3984,0,0.0
A0A0F0H5H8,False,3985,0,0.0
A0A1E8CMU0,False,3986,0,0.0
A9V5Z9,False,3987,0,0.0
A0A1K0FE52,False,3988,0,0.0
A0A4Q4WGY4,False,3989,0,0.0
A0A7J7Z193,False,3990,0,0.0
A0A3Q1DBZ4,False,3991,0,0.0
A0A2T5US62,False,3992,0,0.0
A0A7Y9R001,False,3993,0,0.0
A0A2K5QYW7,False,3994,0,0.0
A0A1B1NCC9,False,3995,0,0.0
A0A7Y9GPR9,False,3996,0,0.0
A0A437MDA7,False,3997,0,0.0
A0A1I0X9Q9,False,3998,0,0.0
A0A4R1QA97,False,3999,0,0.0
A0A7Y0J9A8,False,4000,0,0.0
A0A7L4ZDP0,False,4001,0,0.0
A0A3D9H970,False,4002,0,0.0
A0A916RY36,False,4003,0,0.0
A0A139ISR2,False,4004,0,0.0
A0A0F0H5Z6,False,4005,0,0.0
A4SW27,False,4006,0,0.0
A0A918EMH2,False,4007,0,0.0
A0A0X7BAY7,False,4008,0,0.0
A0A3B7A5M5,False,4009,0,0.0
A0A6M0QQT8,False,4010,0,0.0
A0A851FIT7,False,4011,0,0.0
A0A8G2EX33,False,4012,0,0.0
A0A7K9FCE8,False,4013,0,0.0
A0A0Q8PAN5,False,4014,0,0.0
A0A845HW71,False,4015,0,0.0
A0A3N4ZRI6,False,4016,0,0.0
A4BNX2,False,4017,0,0.0
A0A7L4Y1J8,False,4018,0,0.0
A0A7R6P6B8,False,4019,0,0.0
A0A7W9PVL5,False,766,0,0.0
A0A370B6N8,False,4020,0,0.0
A0A063BJ71,False,4021,0,0.0
A0A3F2UXK3,False,4022,0,0.0
A0A0C5FYQ9,False,766,0,0.0
A0A944DAX6,False,4023,0,0.0
A0A7C9TJY2,False,4024,0,0.0
E2PWP6,False,4025,0,0.0
A0A257M0M4,False,4026,0,0.0
G0IW59,False,4027,0,0.0
A0A495JLJ3,False,4028,0,0.0
A0A5C5Z0X4,False,4029,0,0.0
A0A1W6LQB3,False,4030,0,0.0
A0A7G6YMZ4,False,4031,0,0.0
A0A7K1T0N6,False,4032,0,0.0
A0A517TY25,False,4033,0,0.0
A0A7W9W8N5,False,4034,0,0.0
A0A6M1EBG2,False,4035,0,0.0
A0A7J5U541,False,4036,0,0.0
A0A4R4KGZ2,False,4037,0,0.0
A0A8J3HZP4,False,4038,0,0.0
A0A4Q2UQA4,False,4039,0,0.0
A0A1Y1T0I0,False,4040,0,0.0
A0A0E9MYI1,False,4041,0,0.0
A0A518DUE5,False,4042,0,0.0
A0A8H4CIX7,False,4043,0,0.0
A0A1D7QAJ0,False,4044,0,0.0
A0A369SGI6,False,4045,0,0.0
A0A437AQX0,False,4046,0,0.0
A0A6A6Y8T6,False,801,0,0.0
A0A445G8F7,False,4047,0,0.0
G8ZSM5,False,796,0,0.0
A0A7J9F983,False,4048,0,0.0
A0A835W3U8,False,796,0,0.0
A0A7K4R1L2,False,802,0,0.0
A0A914X8U2,False,4049,0,0.0
A0A8H8RVB0,False,4050,0,0.0
A0A2K5VBJ2,False,4051,0,0.0
A0A1X2I681,False,4052,0,0.0
G9NCW3,False,4053,0,0.0
A0A8C4QE61,False,4054,0,0.0
A0A2N3NI94,False,4055,0,0.0
A0A7L3MYY0,False,4056,0,0.0
H2MNP1,False,4057,0,0.0
C5K8U5,False,4058,0,0.0
A0A8B8V6Q1,False,4059,0,0.0
A0A8C8ANW0,False,814,0,0.0
A0A2Y9DMD7,False,811,0,0.0
A0A163JZR5,False,4060,0,0.0
A0A8J6KZI8,False,4061,0,0.0
A0A5N7DEB3,False,4062,0,0.0
A0A914CF13,False,4063,0,0.0
A0A4V6RQU3,False,4064,0,0.0
A0A317SHL3,False,4065,0,0.0
C5M8F6,False,4066,0,0.0
A0A1G4K4V9,False,823,0,0.0
A0A8H6RFY9,False,4067,0,0.0
A0A899GBH5,False,4068,0,0.0
A0A074YJQ8,False,4069,0,0.0
A0A5N6ZT15,False,4064,0,0.0
U7PZV1,False,4070,0,0.0
A0A848KJC2,False,4071,0,0.0
A0A4U0W4K2,False,4072,0,0.0
L0A1A5,False,4073,0,0.0
A0A2K8VH62,False,4074,0,0.0
A0A3D8HSP1,False,4075,0,0.0
A0A7K8YT19,False,4076,0,0.0
A0A7J8N016,False,4077,0,0.0
A0A974XZS8,False,4078,0,0.0
A0A0N7J9X2,False,4079,0,0.0
A0A1G9WU03,False,4080,0,0.0
A0A261D7M7,False,4081,0,0.0
A0A2G1UM00,False,4082,0,0.0
C1GY87,False,4083,0,0.0
A0A1V2THP1,False,4084,0,0.0
A0A178EXM5,False,4085,0,0.0
A0A640VV85,False,4086,0,0.0
A0A2V1IJH8,False,858,0,1.0
Q163K9,False,4087,0,0.0
A0A0Q8EGG8,False,4088,0,0.0
A0A1K1W6T4,False,4089,0,0.0
A0A562VAJ9,False,4090,0,0.0
A0A7G9S631,False,4091,0,0.0
A0A931H1R3,False,4092,0,0.0
A0A371QN98,False,4093,0,0.0
S0ETA8,False,4094,0,0.0
A0A285S7F1,False,4095,0,0.0
A0A8H7S2R7,False,4096,0,0.0
A0A371PVN9,False,4097,0,0.0
A0A017HN07,False,4098,0,0.0
A0A6A7M4J6,False,4099,0,0.0
A0A372IDW4,False,4100,0,0.0
A0A835FMN4,False,4101,0,0.0
A0A1R4FBT7,False,4102,0,0.0
A0A6N8UBM2,False,4103,0,0.0
A0A657AUH3,False,4104,0,0.0
A0A642UIH1,False,4105,0,0.0
A0A4P6AN14,False,4106,0,0.0
A0A317VDE2,False,4107,0,0.0
A0A165QKZ4,False,4108,0,0.0
A0A368W1M7,False,4109,0,0.0
A0A0Q6Z772,False,4110,0,0.0
A0A3S4RSY8,False,4104,0,2.0
A0A7W9B7W7,False,4111,0,0.0
A0A7W9HKM5,False,4112,0,0.0
A0A7I7JWG9,False,4113,0,0.0
A0A6V6ZJX7,False,4114,0,0.0
A0A562KV45,False,4115,0,0.0
A0A7I7XIH8,False,4116,0,0.0
A0A8H7QTQ8,False,4117,0,0.0
A0A7W9A4A6,False,4118,0,0.0
A0A2V5GWV0,False,4119,0,0.0
A0A0L0N3K6,False,4120,0,0.0
A0A1B1B293,False,4121,0,0.0
A0A4S5AU42,False,4122,0,0.0
A0A1A0TNG1,False,4123,0,0.0
H0VMA1,False,4124,0,0.0
A0A135TZD3,False,4125,0,0.0
A0A498NJV8,False,4126,0,0.0
A0A8C6LP17,False,4127,0,0.0
A0A6J1VQS5,False,4128,0,0.0
A0A1Y5SFG8,False,4129,0,0.0
A0A671FQ60,False,4130,0,0.0
A0A7R7ZTD5,False,4131,0,0.0
A0A2K0W9I7,False,4132,0,0.0
A0A096NX31,False,4133,0,0.0
N4TU41,False,4134,0,0.0
A0A7L1CUI8,False,4135,0,0.0
A0A6B2XGT6,False,4136,0,0.0
A0A168D3V7,False,4137,0,0.0
D1BV74,False,4138,0,0.0
A0A2Y9F692,False,4139,0,0.0
A0A452IN94,False,4140,0,0.0
A0A670IUN9,False,4141,0,0.0
A0A673CME7,False,4142,0,0.0
A0A4W4EBX1,False,4143,0,0.0
A0A672PIP2,False,4144,0,0.0
A0A6J3ADP7,False,4145,0,0.0
A0A7K6MFT6,False,4146,0,0.0
A0A498MK61,False,4147,0,0.0
A0A8B9FN45,False,4148,0,0.0
A0A5N3XUF4,False,4149,0,0.0
A0A8B9S3P7,False,4150,0,0.0
A0A5N4CIF3,False,4151,0,0.0
A0A8T2IZW0,False,4152,0,0.0
A0A2Y9GL92,False,4153,0,0.0
A0A444TZJ6,False,4154,0,0.0
A0A369ALP8,False,4155,0,0.0
A0A2S0PDB7,False,4156,0,0.0
A0A2G8T1I5,False,4157,0,0.0
H6SP12,False,4158,0,0.0
A0A2A7V090,False,4159,0,0.0
G7M6G4,False,4160,0,0.0
A0A254N3W7,False,4161,0,0.0
A0A290Q4Z1,False,4162,0,0.0
A0A410DSS5,False,4163,0,0.0
A0A919NS28,False,4164,0,0.0
A0A0D8IF42,False,4165,0,0.0
A0A069RFQ0,False,941,0,1.0
K6TD10,False,4166,0,0.0
M7PIU5,False,4167,0,0.0
A0A5B9MKX2,False,4168,0,0.0
A0A0Q5P5R2,False,957,0,0.0
A0A964DEB6,False,4169,0,0.0
A0A1I4SBK5,False,4170,0,0.0
A0A0Q6EAL1,False,4171,0,0.0
A0A2S9JQ26,False,4172,0,0.0
A0A918LF63,False,4173,0,0.0
A0A841CQE6,False,4174,0,0.0
A0A6A7Y571,False,4175,0,0.0
A0A512L615,False,957,0,0.0
A0A5C6E6C1,False,4176,0,0.0
A0A100YUP8,False,970,0,0.0
A0A099S4X2,False,4177,0,0.0
A0A140L3G2,False,972,0,0.0
F0SW34,False,4178,0,0.0
A0A267ME63,False,972,0,0.0
F0YVT8,False,969,0,0.0
A0A1H7TDC8,False,4179,0,0.0
Q7D6K3,False,4180,0,0.0
A0A7W4WCW5,False,4181,0,0.0
U2FWA8,False,4182,0,0.0
A0A1C4T0V7,False,4183,0,0.0
A0A931AAI8,False,976,0,0.0
A0A1S1Q2J9,False,4184,0,0.0
A0A2M9LXV0,False,4185,0,0.0
A0A919PVL6,False,4186,0,0.0
S3YC76,False,4187,0,0.0
A0A4Z1C336,False,4188,0,0.0
A0KJP5,False,4189,0,0.0
A0A8J1M560,False,4190,0,0.0
A0A851PFV0,False,4191,0,0.0
A0A1S3MLQ2,False,4192,0,0.0
A0A8B9YMU0,False,4193,0,0.0
A0A2U4BKZ6,False,4194,0,0.0
A0A8C5TND5,False,4195,0,0.0
A0A8B7SBU6,False,4196,0,0.0
A0A8C6MM27,False,4197,0,0.0
A0A852AWD0,False,4198,0,0.0
A0A1U8CLX4,False,4199,0,0.0
A0A6J2QMB9,False,4200,0,0.0
A0A3P8YXL4,False,4201,0,0.0
A0A6P3QEJ1,False,4202,0,0.0
A0A8C5WHF4,False,4203,0,0.0
A0A672Q4K8,False,4204,0,0.0
A0A4X2M8D1,False,4205,0,0.0
A0A9J7ZLN2,False,4206,0,0.0
A0A8C0LAD5,False,4207,0,0.0
A0A8U0TA94,False,4208,0,0.0
G2RDP8,False,4209,0,0.0
A0A1A9F417,False,4210,0,0.0
A0A7L5E3E8,False,4211,0,0.0
A0A6C2D4B5,False,4212,0,0.0
A0A167IXE2,False,4213,0,0.0
A0A2N6TZ51,False,4214,0,0.0
A0A917CIC5,False,4215,0,0.0
A0A7I7XRV1,False,4216,0,0.0
A0A3S8T2N1,False,4217,0,0.0
A0A1Y1SER7,False,4218,0,0.0
A0A4R3IFJ5,False,4219,0,0.0
A0A1G6GZ24,False,4220,0,0.0
A0A261T0K5,False,4221,0,0.0
A0A8J7F8Y5,False,4222,0,0.0
A0A421K9P5,False,4223,0,0.0
A0A2S0UG94,False,4224,0,0.0
F3AI97,False,4225,0,0.0
H2TWH2,False,4226,0,0.0
A0A811Z364,False,4227,0,0.0
A0A4W5Q426,False,4228,0,0.0
A0A0X8G2M8,False,4229,0,0.0
A0A674JKA8,False,4230,0,0.0
A0A7L1YS08,False,4231,0,0.0
A0A2I4BGL4,False,4232,0,0.0
A0A845UX66,False,4233,0,0.0
A0A087YKX2,False,4234,0,0.0
G1RMS4,False,4235,0,0.0
A0A918HIC1,False,4236,0,0.0
A0A849KKM5,False,4237,0,0.0
A0A093CX86,False,4238,0,0.0
A0A8C2VRU1,False,4239,0,0.0
A0A8B8WSB1,False,4240,0,0.0
A0A8C9UH96,False,4241,0,0.0
A0A6P3PXD5,False,4242,0,0.0
A0A8T0A838,False,4243,0,0.0
A0A7L3J463,False,4244,0,0.0
A0A1S3IVK4,False,4245,0,0.0
A0A8C6YCE3,False,4246,0,0.0
A0A8M6YZZ7,False,4247,0,0.0
A0A340Y2U0,False,4248,0,0.0
A0A2J7RIB1,False,4249,0,0.0
A0A8C3YDC5,False,4250,0,0.0
W5LFE7,False,4251,0,0.0
A0A151MKM4,False,4252,0,0.0
M7C697,False,4253,0,0.0
A0A8D2MN55,False,4254,0,0.0
A0A9D3S9D8,False,4255,0,0.0
A0A8B9EZC9,False,4256,0,0.0
A0A673KFP2,False,4257,0,0.0
A0A8J6XG19,False,4258,0,0.0
A0A5P8W856,False,1067,0,0.0
K9UY88,False,4259,0,0.0
A0A4Q2TZZ1,False,4260,0,0.0
A0A928ZDE5,False,4261,0,0.0
G5BVP8,False,4262,0,0.0
G1QCX0,False,4263,0,0.0
A0A7K8KY82,False,4264,0,0.0
A0A6P5DHD9,False,1080,0,0.0
A0A8D2PQR1,False,4265,0,0.0
A0A8C3M0R7,False,4266,0,0.0
A0A851A7E1,False,1079,0,0.0
A0A851WBR8,False,4267,0,0.0
A0A2K5W6C5,False,1080,0,0.0
I7KVG2,False,4268,0,0.0
A0A974NJJ6,False,1094,0,0.0
A0A4R2FMQ3,False,4269,0,0.0
A0A974NQZ2,False,4270,0,0.0
A0A2V5KAH3,False,4271,0,0.0
A0A162EZM0,False,4272,0,0.0
A0A7J0BV52,False,4273,0,0.0
A0A1H5WGI1,False,4274,0,0.0
A0A1B1Z0C9,False,4275,0,0.0
G2KRE3,False,4276,0,0.0
A0A0B4XEU3,False,4277,0,0.0
A0A7W5B1M9,False,4278,0,0.0
A0A090V001,False,4279,0,0.0
A0A3Q9QUS3,False,4280,0,0.0
A0A942I885,False,4281,0,0.0
A0A840QR47,False,4282,0,0.0
A0A401I3Z4,False,4283,0,0.0
U2L355,False,4284,0,0.0
A0A4R3LIG9,False,4285,0,0.0
A0A0A2M479,False,4286,0,0.0
A0A411HHC4,False,4287,0,0.0
A0A4Q1IE18,False,4288,0,0.0
Q89ZL3,False,4289,0,0.0
A0A432M8E2,False,4290,0,0.0
E6MM96,False,4291,0,0.0
A0A2W7NVT4,False,4292,0,0.0
A0A6N6MCC9,False,4293,0,0.0
A0A5R9AFE1,False,4294,0,0.0
A0A7X0DIF5,False,4295,0,0.0
A0A2K1DVM9,False,4296,0,0.0
A0A3N2NGM7,False,4297,0,0.0
R5KVA4,False,4298,0,0.0
A0A1P9WUN5,False,4299,0,0.0
A0A1I1WHY2,False,4300,0,0.0
A0A0A2EG45,False,4301,0,0.0
H8MTW9,False,4302,0,0.0
A0A6I1GCY5,False,4303,0,0.0
A0A0K1K345,False,4304,0,0.0
A0A0E9MXR2,False,4305,0,0.0
A0A840NHA2,False,4306,0,0.0
A0A5C0CFQ1,False,4307,0,0.0
A0A5P8N168,False,4308,0,0.0
D1BRL4,False,4309,0,0.0
A0A0C2B6I4,False,4310,0,0.0
A0A139SU72,False,4311,0,0.0
A0A931E773,False,4312,0,0.0
A0A0Q7D6Y0,False,4313,0,0.0
A0A1C5CGW8,False,4314,0,0.0
A0A1I5YQ56,False,4315,0,0.0
A0A6G9I8E8,False,4316,0,0.0
A0A2G8TH90,False,4317,0,0.0
A0A4P8KTM2,False,4318,0,0.0
A0A4P8R4K1,False,4319,0,0.0
N2BUQ8,False,4320,0,0.0
A0A4Q1CK26,False,4321,0,0.0
A0A7C9PHW8,False,4322,0,0.0
A0A1R4IR90,False,4323,0,0.0
A0A1H6LCP6,False,4324,0,0.0
A0A964T5W2,False,4325,0,0.0
A0A917Z4Z2,False,4326,0,0.0
A0A1C4DQY8,False,4327,0,0.0
A0A1I2H4Q4,False,4328,0,0.0
A0A087BQK3,False,4329,0,0.0
A0A6A3M7S1,False,4330,0,0.0
A0A4R3KJL1,False,4331,0,0.0
A0A0N0LWU6,False,4332,0,0.0
W5JSV7,False,4333,0,0.0
G3QWY4,False,4334,0,0.0
A0A8C4VLS1,False,4335,0,0.0
A0A091TF10,False,4336,0,0.0
A0A7K6EQG3,False,4337,0,0.0
A0A673GYC7,False,4338,0,0.0
A0A2A3EF98,False,4339,0,0.0
A0A3Q3CDD7,False,4340,0,0.0
A0A8C4NGV6,False,4341,0,0.0
A0A674JZI2,False,4342,0,0.0
A0A6J0XPQ5,False,4343,0,0.0
A0A6P6QAX4,False,4344,0,0.0
A0A0L1KZ72,False,4345,0,0.0
A0A8C7YNP6,False,4346,0,0.0
A0A6G0X4H0,False,4347,0,0.0
A0A0V0VF62,False,4348,0,0.0
A0A150GIR0,False,4349,0,0.0
E1BNI8,False,4350,0,0.0
A0A672NSU2,False,4351,0,0.0
A0A3B7RID6,False,4352,0,0.0
A0A8J7UHK6,False,4353,0,0.0
A0A291QAT5,False,4354,0,0.0
A0A7K8ZRN5,False,4355,0,0.0
A0A4Q4Z8J1,False,4356,0,0.0
A0A931BTY9,False,4357,0,0.0
A0A248JV31,False,4358,0,0.0
A0A0M0LHI9,False,4359,0,0.0
A0A480ANV8,False,4360,0,0.0
A0A927QP38,False,4361,0,0.0
A0A1H0H4U4,False,4362,0,0.0
A0A3A9KP72,False,4363,0,0.0
A0A0C1Y598,False,4364,0,0.0
A0A934TGB7,False,4365,0,0.0
A0A081NDQ0,False,4366,0,0.0
A0A848K0N9,False,4367,0,0.0
A0A973LUW6,False,4368,0,0.0
A0A8J7F779,False,4369,0,0.0
A0A1M4W959,False,4370,0,0.0
A0A257JW63,False,4371,0,0.0
A0A7N9AVW7,False,4372,0,0.0
A0A7W7VWI0,False,4373,0,0.0
A0A3L8PV35,False,4374,0,0.0
A0A101NKP6,False,4375,0,0.0
A0A0Q4R8S1,False,4376,0,0.0
H3KBD2,False,4377,0,0.0
A0A2K6MYY6,False,4378,0,0.0
A0A5E4GAM5,False,4379,0,0.0
D7B9L5,False,4380,0,0.0
A0A087MGZ1,False,4381,0,0.0
A0A923U0L1,False,4382,0,0.0
A0A7I8K0F8,False,4383,0,0.0
A0A1Q3BCN1,False,4384,0,0.0
A0A2S9JA53,False,4385,0,0.0
A0A484KQV4,False,4386,0,0.0
G3JP83,False,4387,0,0.0
A0A7L4YSZ7,False,4388,0,0.0
A0A395H238,False,4389,0,0.0
A0A2S1H6A2,False,4390,0,0.0
A0A1D2VIG1,False,4391,0,0.0
A0A669D8Q3,False,4392,0,0.0
A0A671MTN6,False,4393,0,0.0
G9NSL7,False,4394,0,0.0
A0A8C6LAF4,False,4395,0,0.0
A0A6P8V3G5,False,4396,0,0.0
A0A2K5NI85,False,4397,0,0.0
A0A3F2XWT5,False,4398,0,0.0
A0A7K4TP35,False,4399,0,0.0
A0A8I3MJK6,False,4400,0,0.0
A0A094CHM5,False,4401,0,0.0
A0A9L0SVC3,False,4402,0,0.0
A0A672IEF6,False,4403,0,0.0
A0A395NTQ0,False,4404,0,0.0
A0A8C7E963,False,4405,0,0.0
A0A1E4S8W1,False,4406,0,0.0
A0A8C1HN19,False,4407,0,0.0
A0A8C2XD55,False,4408,0,0.0
A0A453QE19,False,4409,0,0.0
M1VD71,False,4410,0,0.0
A0A429B242,False,4411,0,0.0
D4DUV3,False,4412,0,0.0
A0A3N2DBF3,False,4413,0,0.0
A0A0Q5MZK5,False,4414,0,0.0
A0A1K0H3A7,False,4415,0,0.0
A0A7J6I680,False,4416,0,0.0
A0A1A9T5C0,False,4417,0,0.0
A0A0T1WCZ4,False,4418,0,0.0
A0A8T3C423,False,4419,0,0.0
A0A4U6CFG3,False,4420,0,0.0
A0A8J2RTT2,False,4421,0,0.0
A0A7W7HXG6,False,4422,0,0.0
A0A918KW72,False,4423,0,0.0
A0A0G3HET9,False,4424,0,0.0
S5TLZ3,False,4425,0,0.0
A0A0G3HAG5,False,4426,0,0.0
A0A376CK30,False,4427,0,0.0
A0A1L7CP66,False,4428,0,0.0
U7LAP9,False,4429,0,0.0
K0YEH3,False,4430,0,0.0
A0A0B6TPC7,False,4431,0,0.0
A0A8H5DJY7,False,4432,0,0.0
A0A1V6RQD2,False,4433,0,0.0
A0A1R1Y255,False,4434,0,0.0
B8M758,False,4435,0,0.0
A0A7K4IV79,False,1273,0,0.0
A0A1Y2E6K0,False,4436,0,0.0
A0A439D1C3,False,4437,0,0.0
A0A0N8Q013,False,4438,0,0.0
A0A4U0V1R7,False,4439,0,0.0
A0A4Z1HGS3,False,4440,0,0.0
L8FTG2,False,4441,0,0.0
A0A3Q2KRV5,False,4442,0,0.0
A0A2I3HBM4,False,4443,0,0.0
A0A8H7AF87,False,4444,0,0.0
A0A1E4RK65,False,4445,0,0.0
A5DAL2,False,4446,0,0.0
A0A2K5F0T7,False,1293,0,0.0
A0A8J6H061,False,4447,0,0.0
A0A2C5WPH3,False,4448,0,0.0
A0A8C3MF71,False,4449,0,0.0
A0A1Q8RXB3,False,4450,0,0.0
F9XMA2,False,4451,0,0.0
A0A0J9WMH1,False,4452,0,0.0
A0A5C3P1F5,False,4453,0,0.0
A0A0K6GBH3,False,4454,0,0.0
R9ACR1,False,4455,0,0.0
K1VYC8,False,4456,0,0.0
A0A7K8S1J9,False,4457,0,0.0
A0A0K1PC61,False,4458,0,0.0
A0A290ZPK1,False,4459,0,0.0
A0A3M3EEI7,False,4460,0,0.0
H3NXL7,False,4461,0,0.0
A0A1G7CH63,False,4462,0,0.0
A0A2N7X7D5,False,4463,0,0.0
A0A840Z0N0,False,4464,0,0.0
A0A7W8JNI7,False,4465,0,0.0
A0A7R6PE28,False,4466,0,0.0
A0A1D8KAI3,False,4467,0,0.0
A0A1V3P102,False,4468,0,0.0
A0A0J9H4X6,False,4469,0,0.0
A0A316EU96,False,4470,0,0.0
A0A939DHU8,False,4471,0,0.0
A0A6M8MND1,False,4472,0,0.0
A0A1R1EUA8,False,4473,0,0.0
K8E0I3,False,4474,0,0.0
A0A1C7H5W9,False,4475,0,0.0
A0A3P2AKQ2,False,4476,0,0.0
A0A5B7TCL6,False,4477,0,0.0
U2H8R7,False,4478,0,0.0
A0A0G3WJF3,False,4479,0,0.0
A0A2N3HYW2,False,4480,0,0.0
A0A091FF51,False,4481,0,0.0
A0A0Q4B1V4,False,4482,0,0.0
A0A7W0C6D7,False,4483,0,0.0
A0A7W5E108,False,4484,0,0.0
A0A1M5NNS1,False,4485,0,0.0
A0A385BSA5,False,4486,0,0.0
A0A562VMX3,False,4487,0,0.0
A0A6B8RJZ3,False,4488,0,0.0
A0A1U7IPZ8,False,4489,0,0.0
A0A1I4YG22,False,4490,0,0.0
A0A8J3D2D2,False,4491,0,0.0
A0A257IYK3,False,1364,0,1.0
A0A125T2N0,False,4492,0,0.0
A0A8J3G4V5,False,4493,0,0.0
A0A923TYH0,False,4494,0,0.0
A0A1S2T6U9,False,4495,0,0.0
A0A6N9NPJ5,False,4496,0,0.0
A0A934WXY8,False,4497,0,0.0
A0A4Q1K3P4,False,4498,0,0.0
A0A5R9QAU2,False,4499,0,0.0
A0A1M5TUV7,False,4500,0,0.0
A0A2G1ULC2,False,4501,0,0.0
Q1MYJ5,False,4502,0,0.0
A0A172TT80,False,4503,0,0.0
A0A1I1I558,False,4504,0,0.0
A0A7Y6ZX79,False,4505,0,0.0
A0A6M4H176,False,4506,0,0.0
M7N7Q6,False,4507,0,0.0
A0A7L9S3P7,False,4508,0,0.0
A0A0N0VKG6,False,4509,0,0.0
A0A0U5AWC5,False,4510,0,0.0
A0A923HZU8,False,4511,0,0.0
A0A4U1CEY8,False,4512,0,0.0
A0A1Y5K351,False,4513,0,0.0
A9BS42,False,4514,0,0.0
A0A5C0B361,False,4515,0,0.0
A0A1I2H412,False,4516,0,0.0
A0A7X6DBR0,False,4517,0,0.0
A0A1X9NFM1,False,4518,0,0.0
A0A934J2W4,False,4519,0,0.0
V5WGH4,False,4520,0,0.0
A0A1W2E0R4,False,4521,0,0.0
A0A7C9FBD6,False,4522,0,0.0
A0A918K409,False,4523,0,0.0
A0A920CXJ1,False,4524,0,0.0
A0A0C5VNR9,False,4525,0,0.0
A0A4R3LUV7,False,4526,0,0.0
A0A840ELD8,False,4527,0,0.0
A0A940SHK2,False,4528,0,0.0
A0A162KSY0,False,4529,0,0.0
A0A4V2SCM8,False,4530,0,0.0
A0A6L5F554,False,4531,0,0.0
S0EYA6,False,4532,0,0.0
A0A0K9GX54,False,4533,0,0.0
A0A928YW03,False,4534,0,0.0
A0A8J3EMY3,False,4535,0,0.0
A0A1H8NS40,False,4536,0,0.0
E5CHW0,False,4537,0,0.0
A0A4Y9IYN5,False,4538,0,0.0
D7VRF8,False,4539,0,0.0
B1ZT16,False,4540,0,0.0
D0BJT9,False,4541,0,0.0
A0A372MFP9,False,4542,0,0.0
A0A2H5ZUH0,False,4543,0,0.0
A0A917HX96,False,4544,0,0.0
E8QWH8,False,4545,0,0.0
A0A2Y9M7N0,False,4546,0,0.0
A0A8T3DAG5,False,4547,0,0.0
A0A7K4QWA2,False,4548,0,0.0
A0A7J8GTH7,False,4549,0,0.0
A0A7K8K935,False,4550,0,0.0
A0A8B8VER3,False,4551,0,0.0
A0A087TU09,False,4552,0,0.0
A0A6J2S0G5,False,4553,0,0.0
A0A6A4VEC7,False,4554,0,0.0
A0A7K8WF14,False,4555,0,0.0
A0A7L2QTQ5,False,4556,0,0.0
A0A674IX37,False,4557,0,0.0
A0A7L3DTX3,False,4558,0,0.0
A0A7L2GRW3,False,4559,0,0.0
A0A7K9QGK4,False,4560,0,0.0
A0A6P9DS63,False,4561,0,0.0
A0A8C2SP44,False,4562,0,0.0
A0A8J2R1W7,False,4563,0,0.0
A0A452GQL9,False,4564,0,0.0
F7HVM7,False,4565,0,0.0
A0A7E5W2Q5,False,4566,0,0.0
A0A7N4NXP6,False,4567,0,0.0
A0A9D3Q9V4,False,4568,0,0.0
A0A6J3JBN4,False,4569,0,0.0
A0A8C7C0A2,False,4570,0,0.0
A0A7L2SXV2,False,4571,0,0.0
A0A3N0Z5B4,False,4572,0,0.0
A0A3P8S9Q7,False,4573,0,0.0
A0A8D0EX45,False,4574,0,0.0
A0A8W8M1B2,False,4575,0,0.0
A0A673YUQ6,False,4576,0,0.0
I3J534,False,4577,0,0.0
A0A482X5D1,False,4578,0,0.0
A0A7L4F7C8,False,4579,0,0.0
A0A8V1AD09,False,4580,0,0.0
C9SM76,False,4581,0,0.0
A0A6J2VY66,False,4582,0,0.0
A0A913YWF6,False,4583,0,0.0
A0A9J8ABB9,False,4584,0,0.0
A0A6J2PNW5,False,4585,0,0.0
A0A8J0TLG5,False,4586,0,0.0
Q80Z08,False,4587,0,0.0
A0A5C6PFT0,False,4588,0,0.0
A0A6P8SH65,False,4589,0,0.0
A0A3Q3GMX3,False,4590,0,0.0
A0A671TKB1,False,4591,0,0.0
H2MWQ0,False,4592,0,0.0
A0A3M6TEF1,False,4593,0,0.0
A0A8C6VDR7,False,4594,0,0.0
A0A9R1TD36,False,4595,0,0.0
A0A8X8BP93,False,4596,0,0.0
A0A2I3NHK8,False,4597,0,0.0
A0A8J6GZN8,False,4598,0,0.0
A0A7L1P8G2,False,4599,0,0.0
A0A4W2DH06,False,4600,0,0.0
A0A665XCJ1,False,4601,0,0.0
A0A674JU78,False,4602,0,0.0
A0A7K8EC61,False,4603,0,0.0
A0A665VAN5,False,4604,0,0.0
A0A8D2IUG5,False,4605,0,0.0
A0A8J4PA41,False,4606,0,0.0
A0A8C1E1F3,False,4607,0,0.0
A0A7K4KUI8,False,4608,0,0.0
A0A2K6PAG1,False,4609,0,0.0
A0A6P3RTJ2,False,4610,0,0.0
A0A2P4S761,False,4611,0,0.0
A0A8B9WT85,False,4612,0,0.0
A0A8C6DMG9,False,4613,0,0.0
A0A8C3STJ6,False,4614,0,0.0
A0A1U7R0A9,False,4615,0,0.0
A0A6P7HKQ7,False,4616,0,0.0
G1QA35,False,4617,0,0.0
A0A8J6GQW6,False,4618,0,0.0
A0A8J6GFS7,False,4619,0,0.0
A0A6J1RAF0,False,4620,0,0.0
A0A0J7L5U5,False,4621,0,0.0
A0A6J1R0L5,False,4622,0,0.0
A0A6J1RA09,False,4623,0,0.0
A0A835GKA8,False,4624,0,0.0
A0A6J1QZ58,False,4625,0,0.0
A0A0L0BPD7,False,4626,0,0.0
A0A0L0BPW6,False,4627,0,0.0
A0A834IKD9,False,4628,0,0.0
B4MM50,False,4629,0,0.0
A0A6V7H892,False,4630,0,0.0
B4QNG4,False,4631,0,0.0
W5JHK9,False,4632,0,0.0
A0A158P0F1,False,4633,0,0.0
A0A6I8WB28,False,4634,0,0.0
A0A836G1T2,False,4635,0,0.0
A0A8S9XJX9,False,4636,0,0.0
A0A8J2H5M4,False,4637,0,0.0
A0A5E4QAB4,False,4638,0,0.0
A0A2A4JBH1,False,4639,0,0.0
D6WBU1,False,4640,0,0.0
A0A1I8NHV2,False,4641,0,0.0
A0A834PAB5,False,4642,0,0.0
A0A7M6UVR0,False,4643,0,0.0
A0A4Y2FW76,False,4644,0,0.0
A0A182YRF0,False,4645,0,0.0
A0A482VHE8,False,4646,0,0.0
D2A2M6,False,4647,0,0.0
A0A9J6BI60,False,4648,0,0.0
A0A6P4E691,False,4649,0,0.0
A0A8J5JU27,False,4650,0,0.0
A0A7R9AF92,False,4651,0,0.0
A0A8S4RGV6,False,4652,0,0.0
A0A836FKL8,False,4653,0,0.0
A0A2J7PHW5,False,4654,0,0.0
A0A8J2LCE4,False,4655,0,0.0
A0A834Y233,False,4656,0,0.0
A0A195CLC4,False,4657,0,0.0
A0A0M5J0P5,False,4658,0,0.0
A0A8S1EZN8,False,4659,0,0.0
G0PCW3,False,4660,0,0.0
A0A261CA73,False,4661,0,0.0
Q22576,False,4662,0,0.0
G0N3V6,False,4663,0,0.0
G0N3W3,False,4664,0,0.0
A8XIM4,False,4665,0,0.0
A8WXA0,False,4666,0,0.0
A0A368F475,False,4667,0,0.0
E3M451,False,4668,0,0.0
A0A8S1EVF2,False,4669,0,0.0
W2T7B7,False,4670,0,0.0
A0A261CCT6,False,4671,0,0.0
E3MQ12,False,4672,0,0.0
A0A8S1H3P5,False,4673,0,0.0
A0A261CE48,False,4674,0,0.0
A0A2A6C4K0,False,4675,0,0.0
A0A6V7UZP6,False,4676,0,0.0
A0A0N4TRV4,False,4677,0,0.0
A0A914GSF7,False,4678,0,0.0
A0A6G0UIS3,False,4679,0,0.0
A0A914MPD9,False,4680,0,0.0
A0A261AWX1,False,4681,0,0.0
A0A915PLV1,False,4682,0,0.0
A0A0N4TPR6,False,4683,0,0.0
A0A0B1RZ98,False,4684,0,0.0
A0A2G5TY09,False,4685,0,0.0
A0A7I8XM31,False,4686,0,0.0
A0A8S1HET6,False,4687,0,0.0
A0A0B2UWX5,False,4688,0,0.0
A0A914XCW2,False,4689,0,0.0
A0A0N5CTX2,False,4690,0,0.0
A0A6V7XE24,False,4691,0,0.0
A0A915BX24,False,4692,0,0.0
A0A0K0EUL2,False,4693,0,0.0
A0A158QL45,False,4694,0,0.0
E3LWM5,False,4695,0,0.0
A0A2G5V590,False,4696,0,0.0
A0A8S1ETS1,False,4697,0,0.0
A8X6D3,False,4698,0,0.0
E3LSW6,False,4699,0,0.0
A0A2G5V530,False,4700,0,0.0
A0A261CCK9,False,4701,0,0.0
A0A8S1F163,False,4702,0,0.0
G0N5L6,False,4703,0,0.0
A0A2G5UFD5,False,4704,0,0.0
A8XJZ6,False,4705,0,0.0
A8WJ45,False,4706,0,0.0
G0NEF6,False,4707,0,0.0
A0A4U5LUN8,False,4708,0,0.0
A0A2G5T7U3,False,4709,0,0.0
G5EFL6,False,4710,0,0.0
Q9XV31,False,4711,0,0.0
E3LHG7,False,4712,0,0.0
A0A2G5TD15,False,4713,0,0.0
G7YGN6,False,4714,0,0.0
A0A2G5T7W1,False,4715,0,0.0
E3LL20,False,4716,0,0.0
A0A914P7Q9,False,4717,0,0.0
G0NEH3,False,4718,0,0.0
A0A914VY35,False,4719,0,0.0
A0A2G5TAM3,False,4720,0,0.0
A0A0L8GDN7,False,4721,0,0.0
A0A0R3Q2D5,False,4722,0,0.0
A0A914X9U4,False,4723,0,0.0
A0A2G5V7C6,False,4724,0,0.0
A0A914IQ72,False,4725,0,0.0
A0A915AAM5,False,4726,0,0.0
A0A811L8X9,False,4727,0,0.0
G0NA86,False,4728,0,0.0
A0A0B1SAN8,False,1607,0,1.0
A0A915DJZ8,False,4729,0,0.0
A0A6V7WJZ1,False,4730,0,0.0
A0A1I7RIY7,False,4731,0,0.0
A0A8S1EWC4,False,4732,0,0.0
A0A2A6C4H4,False,4733,0,0.0
A0A8R1E0P8,False,4734,0,0.0
A0A6V7W0W5,False,4735,0,0.0
A0A0N4X641,False,4736,0,0.0
A0A2A2L3V3,False,4737,0,0.0
A0A6V7URC6,False,4738,0,0.0
E3MWM6,False,4739,0,0.0
A0A8S4QD36,False,4740,0,0.0
E3NL06,False,4741,0,0.0
A0A3P8B8V8,False,4742,0,0.0
A0A2A6CP84,False,4743,0,0.0
A0A2A6CLF2,False,4744,0,0.0
A0A915CWM1,False,4745,0,0.0
A0A261CCJ4,False,4746,0,0.0
E3LIV5,False,4747,0,1.0
G0NSW8,False,4748,0,0.0
G0PL60,False,4749,0,0.0
A0A0C2G2L0,False,4750,0,0.0
A0A914Q7E0,False,4751,0,0.0
A0A8S1EGZ8,False,4752,0,0.0
A0A261C492,False,4753,0,0.0
A0A7E4V898,False,4754,0,0.0
A0A8S1HNG4,False,4755,0,0.0
A0A8S1ET49,False,4756,0,0.0
A0A8S1EII8,False,4757,0,0.0
G0NHL4,False,4758,0,0.0
E3LLG3,False,4759,0,0.0
H2KYH0,False,4760,0,0.0
A0A2A6CPI2,False,4761,0,0.0
A0A8S1EWF9,False,4762,0,0.0
A0A2A6CNP3,False,4763,0,0.0
A0A8S4SRB2,False,4764,0,0.0
A0A2A6CPG3,False,4765,0,0.0
Q9XW32,False,4766,0,0.0
G0NL55,False,4767,0,0.0
A0A2A6CLN7,False,1646,0,1.0
E3NRG8,False,4768,0,0.0
G0MTZ5,False,4769,0,0.0
A0A3P7J546,False,4770,0,0.0
A0A8R1V101,False,4771,0,0.0
A0A2A6B2T3,False,4772,0,0.0
A0A2A6CJX6,False,4773,0,0.0
P91551,False,4774,0,0.0
A0A8S1E8Y5,False,4775,0,0.0
A0A261AH91,False,4776,0,0.0
A0A2A6BJ45,False,4777,0,0.0
A8Y280,False,4778,0,0.0
E3LQ10,False,4779,0,0.0
A0A261BTJ3,False,4780,0,0.0
A0A2A6BW72,False,4781,0,0.0
A0A2G5TD84,False,4782,0,0.0
A0A261BRR1,False,4783,0,0.0
A0A2G5T8G9,False,4784,0,0.0
A0A261BRF7,False,4785,0,0.0
G0MTA5,False,4786,0,0.0
A0A8S1H8H9,False,4787,0,0.0
A0A8S1HB13,False,4788,0,0.0
B6IET6,False,4789,0,0.0
E3ND54,False,4790,0,0.0
E3NP41,False,4791,0,0.0
A0A0N4WLK3,False,4792,0,0.0
A0A915CRG3,False,4793,0,0.0
A8Y4L1,False,4794,0,0.0
A0A914MP66,False,1670,0,1.0
A0A811LMJ2,False,4795,0,0.0
A0A915DR89,False,4796,0,0.0
A0A8S9ZI48,False,4797,0,0.0
A0A2A2JXV0,False,4798,0,0.0
A0A4V6A6L3,False,4799,0,0.0
A0A811LSI4,False,4800,0,0.0
A0A2G5TJP3,False,4801,0,0.0
A0A016W2E4,False,4802,0,0.0
A0A915MME4,False,4803,0,0.0
A0A7E4W0D1,False,4804,0,0.0
Q10054,False,4805,0,0.0
A0A914N8J9,False,4806,0,0.0
A0A815MLE9,False,4807,0,0.0
A0A261BSI4,False,4808,0,0.0
A0A2A6CMD5,False,4809,0,0.0
A0A6V7UNY5,False,4810,0,0.0
A0A914HMZ6,False,4811,0,0.0
A0A914NCS4,False,4812,0,0.0
A0A914E3T7,False,4813,0,0.0
A0A0B2VE85,False,4814,0,0.0
A0A2A6C5C9,False,4815,0,0.0
A0A6V7XVC1,False,4816,0,0.0
A0A914ELJ6,False,4817,0,0.0
A0A016V7C0,False,4818,0,0.0
A0A016UKM5,False,4819,0,0.0
A0A915E2Z9,False,4820,0,0.0
A0A6V7V9K1,False,4821,0,0.0
A0A0N4W1B9,False,4822,0,0.0
A0A811LKP2,False,4823,0,0.0
A0A915DTZ8,False,4824,0,0.0
A0A2G5VMZ4,False,4825,0,0.0
A0A914VRA0,False,4826,0,0.0
A0A7I8XG19,False,4827,0,0.0
A8WQD5,False,4828,0,0.0
A0A2A6BJF3,False,4829,0,0.0
G0PC71,False,4830,0,0.0
E3ND78,False,4831,0,0.0
G0PLQ7,False,4832,0,0.0
E3NTB3,False,4833,0,0.0
O18020,False,4834,0,0.0
E3MMB5,False,4835,0,0.0
A0A261CED6,False,4836,0,0.0
A0A2G5TM74,False,4837,0,0.0
E3MWR3,False,4838,0,0.0
A0A2G5UFC8,False,4839,0,0.0
A0A2G5TNT6,False,4840,0,0.0
G0NF06,False,4841,0,0.0
E3NB00,False,4842,0,0.0
A0A016TUX5,False,4843,0,0.0
E3NB06,False,4844,0,0.0
A0A261BR84,False,4845,0,0.0
A0A2G5TNU9,False,4846,0,0.0
A0A261BRR3,False,4847,0,0.0
A0A2G5ST54,False,4848,0,0.0
A0A2A6C3F9,False,4849,0,0.0
A0A914PSD2,False,4850,0,0.0
A0A814F0H7,False,4851,0,0.0
A0A016UWQ1,False,4852,0,0.0
E3MKK9,False,4853,0,0.0
A0A814NEZ7,False,4854,0,0.0
A0A0K0E446,False,4855,0,0.0
A0A914X5L8,False,4856,0,0.0
A0A914XI33,False,4857,0,0.0
A0A914D458,False,4858,0,0.0
A0A7E4W7X9,False,4859,0,0.0
A0A090N0X0,False,4860,0,0.0
A0A3P7YV87,False,4861,0,0.0
A0A8R1ESQ4,False,4862,0,0.0
A0A158PBM0,False,4863,0,0.0
A0A016VP41,False,4864,0,0.0
A0A2A6CTL4,False,4865,0,0.0
A0A0R3PYS8,False,4866,0,0.0
A0A914X6T1,False,4867,0,0.0
N6TBG9,False,4868,0,0.0
A0A182EST9,False,4869,0,0.0
A0A482VG51,False,4870,0,0.0
E3LHK0,False,4871,0,0.0
A0A2G5TKI2,False,4872,0,0.0
A0A8X6KV34,False,4873,0,0.0
A0A0N5DBV9,False,4874,0,0.0
A0A2A6CNE5,False,4875,0,0.0
W2SMC0,False,4876,0,0.0
A0A261CL58,False,4877,0,0.0
A0A261BRJ5,False,4878,0,0.0
A0A4Z2DWN7,False,4879,0,0.0
A0A238BZY6,False,4880,0,0.0
A0A553PN95,False,4881,0,0.0
A0A260ZSS5,False,4882,0,0.0
A0A3P7FNI8,False,4883,0,0.0
A0A2G5T643,False,4884,0,0.0
A0A8S9ZBV0,False,4885,0,0.0
T1IKP2,False,4886,0,0.0
A0A183PXG5,False,4887,0,0.0
W2SXR5,False,4888,0,0.0
E3MHJ4,False,4889,0,0.0
E3N1W7,False,4890,0,0.0
A0A4U5MUV6,False,4891,0,0.0
A0A2G5TGR0,False,4892,0,0.0
A0A368F4H9,False,4893,0,0.0
G0P9Q6,False,4894,0,0.0
O44646,False,4895,0,0.0
A8WNX7,False,4896,0,0.0
A0A368H2W8,False,4897,0,0.0
A0A0N4T6J5,False,4898,0,0.0
A0A914Z015,False,4899,0,0.0
Q7KPX1,False,4900,0,0.0
A0A261BHH5,False,4901,0,0.0
A0A8R1XNL9,False,4902,0,0.0
A0A8R1HRP0,False,4903,0,0.0
A0A914KEW1,False,4904,0,0.0
A0A0K0F3Y7,False,4905,0,0.0
A0A0V1PNC9,False,4906,0,0.0
A0A261CJ92,False,4907,0,0.0
A0A2G5TS13,False,4908,0,0.0
E3MTN7,False,4909,0,0.0
E3MZ15,False,4910,0,0.0
Q9XU33,False,4911,0,0.0
G0P2K7,False,4912,0,0.0
A0A261CKM8,False,4913,0,0.0
E3N7B3,False,4914,0,0.0
A0A261C7Q1,False,4915,0,0.0
E9P850,False,4916,0,0.0
A0A2G5TQ89,False,4917,0,0.0
A0A2G5TTA7,False,4918,0,0.0
Q9XUC5,False,4919,0,0.0
G0NTL6,False,4920,0,0.0
A8XN28,False,4921,0,0.0
A0A2G5VAI6,False,4922,0,0.0
U4PCJ9,False,4923,0,0.0
Q9XX69,False,4924,0,0.0
G0P2K6,False,4925,0,0.0
E3N2D5,False,4926,0,0.0
A0A261BJJ5,False,4927,0,0.0
A0A3P7J2C9,False,4928,0,0.0
A0A914SHH1,False,4929,0,0.0
E3N8U4,False,4930,0,0.0
A0A914GM37,False,4931,0,0.0
A0A8S1F7R0,False,4932,0,0.0
A0A7I8XQI0,False,4933,0,0.0
A0A8S1EHS6,False,4934,0,0.0
A0A2A6C2P7,False,4935,0,0.0
A0A2G5TZ75,False,4936,0,0.0
E3N8V4,False,4937,0,0.0
A0A2G5T5E4,False,4938,0,0.0
A0A914SWP6,False,4939,0,0.0
A0A8S1E9R0,False,4940,0,0.0
A0A2A6CJG2,False,4941,0,0.0
A0A158PBE9,False,4942,0,0.0
A0A0K3AS96,False,4943,0,0.0
G0PEJ6,False,4944,0,0.0
A0A2G5TBY6,False,4945,0,0.0
A0A0R3Q127,False,4946,0,0.0
B6IEV1,False,4947,0,0.0
A0A1G9YQH8,False,4948,0,0.0
A0A657AXN1,False,4949,0,0.0
A0A1M5N0B7,False,4950,0,0.0
A0A2V3JMF7,False,4951,0,0.0
A0A1B9R0C4,False,1829,0,0.0
A0A1H3CSX8,False,4952,0,0.0
A0A918XDI3,False,4953,0,0.0
F9ZHT0,False,4954,0,0.0
A0A937D6M4,False,4955,0,0.0
A0A918WIK2,False,4956,0,0.0
A9UZI1,False,4957,0,0.0
A0A1W0E3T4,False,4958,0,0.0
A0A437ALK3,False,4959,0,0.0
A0A2C8FDA5,False,4960,0,0.0
A0A1V1P385,False,4961,0,0.0
A0A1Q5PS96,False,4962,0,0.0
A0A1I4SKP3,False,4963,0,0.0
A0A8T4IYA1,False,4964,0,0.0
A0A086XSR9,False,4965,0,0.0
D2RFB9,False,4966,0,0.0
A0A2X4UZV9,False,4967,0,0.0
A0A553GMQ5,False,4968,0,0.0
Q9KM98,False,4969,0,0.0
A0A646KDZ0,False,4970,0,0.0
A0A255R322,False,4971,0,0.0
A0A2M8QN01,False,4972,0,0.0
A0A4Q2SAQ7,False,4973,0,0.0
A0A0D6TI05,False,4974,0,0.0
A0A0M8XR22,False,4975,0,0.0
F2NTP3,False,4976,0,0.0
A0A085GA07,False,4977,0,0.0
Q5NIA0,False,4978,0,0.0
A0A0B5IEY5,False,4979,0,0.0
A0A7H8N7H7,False,4980,0,0.0
A1K7X9,False,4981,0,0.0
A0A3N6G5A5,False,4982,0,0.0
A0A239GAY5,False,4983,0,0.0
A0A4P8RLJ0,False,4984,0,0.0
A0A0B5EQU8,False,4985,0,0.0
A0A169P663,False,4986,0,0.0
A0A1S2KEC4,False,4987,0,0.0
A0A2J7ZCJ9,False,4988,0,0.0
A0A1Y4FAX2,False,4989,0,0.0
A0A2S9AD26,False,4990,0,0.0
A0A494UWU3,False,1884,0,0.0
A0A2S4YZT7,False,4991,0,0.0
A0A8J4XQG1,False,4992,0,0.0
A0A8C8Y627,False,4993,0,0.0
A0A2K5QME7,False,4994,0,0.0
A0A1L9UI28,False,4995,0,0.0
A0A6Q2Y203,False,4996,0,0.0
A0A8C2YYK5,False,4997,0,0.0
A0A7D8Z2T8,False,4998,0,0.0
A0A6P4I3Q9,False,4999,0,0.0
A0A8C9UE48,False,5000,0,0.0
A0A836KBE1,False,5001,0,0.0
G8Y4D8,False,5002,0,0.0
A0A835EV35,False,5003,0,0.0
A0A4P9W4N8,False,5004,0,0.0
A0A8J4W5C7,False,5005,0,0.0
A0A8D0GT96,False,5006,0,0.0
A0A7J8IIM7,False,5007,0,0.0
A0A6J0Z7F7,False,5008,0,0.0
A0A4W6DMF5,False,5009,0,0.0
A0A7M4E5T0,False,1922,0,0.0
A0A8B9XZF6,False,5010,0,0.0
A0A8B9NV92,False,5011,0,0.0
A0A811YUH9,False,5012,0,0.0
A0A7K5MP20,False,5013,0,0.0
A0A8D0ADM3,False,5014,0,0.0
A0A2Y9GWQ9,False,5015,0,0.0
A0A8C9JIF4,False,1922,0,0.0
A0A7N8WJ40,False,5016,0,0.0
A0A674IHE2,False,5017,0,0.0
A0A851CIA9,False,1915,0,0.0
A0A4U8VDI1,False,5018,0,0.0
A0A4V3IDR6,False,5019,0,0.0
A0A011QD83,False,5020,0,0.0
S0KCF1,False,5021,0,0.0
A0A257LR49,False,5022,0,0.0
A0A410UQB3,False,5023,0,0.0
A0A1U7CWS3,False,5024,0,0.0
A0A1I4BGJ2,False,5025,0,0.0
A0A517PAF8,False,5026,0,0.0
A0A150LFQ5,False,5027,0,0.0
A0A1M4U3M1,False,5028,0,0.0
A0A345ZB71,False,5029,0,0.0
A0A1V0S838,False,1946,0,0.0
A0A223FNE9,False,1945,0,0.0
A0A3F2YKP8,False,5030,0,0.0
Q98271,False,5031,0,0.0
A0A0R0L3D7,False,5032,0,0.0
K7YGX8,False,5033,0,0.0
D8LPD2,False,1948,0,1.0
H6TA81,False,1945,0,0.0
Q6VZA9,False,1946,0,0.0
A0A135W9T5,False,5034,0,0.0
A0A445LVZ0,False,5035,0,0.0
S8C162,False,5036,0,0.0
A0A498MCZ8,False,5037,0,0.0
A0A7L3Z5V7,False,5038,0,0.0
A0A669AZC0,False,5039,0,0.0
A0A452H7B2,False,5040,0,0.0
A0A9D4BBV5,False,5041,0,0.0
A0A6P8S280,False,5042,0,0.0
B4G8D4,False,5043,0,0.0
A0A7K8LUZ2,False,5044,0,0.0
A0A667YWP9,False,5045,0,0.0
A0A8C9L1L0,False,5046,0,0.0
A0A6P6LF88,False,5047,0,0.0
A0A160FV83,False,5048,0,0.0
A0A7K8HS06,False,5049,0,0.0
A0A4W4GVG5,False,5050,0,0.0
A0A7K9YTI2,False,5051,0,0.0
A0A671NRL7,False,5052,0,0.0
A0A8D2M0I6,False,5053,0,0.0
A0A452SG36,False,5054,0,0.0
A0A4W6DQY4,False,5055,0,0.0
A0A8V0ZS34,False,5056,0,0.0
A0A2X4TIU5,False,5057,0,0.0
L0H1B6,False,5058,0,0.0
A0A6M0JWR6,False,5059,0,0.0
A0A099F544,False,5060,0,0.0
A0A0J9E870,False,5061,0,0.0
A0A1X7PI50,False,5062,0,0.0
A0A1I1NTG6,False,5063,0,0.0
A0A7C9UXB2,False,5064,0,0.0
A4BGU9,False,5065,0,0.0
Q7VI74,False,5066,0,0.0
A0A126NWS1,False,5067,0,0.0
A0A7G9SUY8,False,5068,0,0.0
A0A0A1PCQ0,False,5069,0,0.0
A0A1I0RVR9,False,5070,0,0.0
A0A1Y5S619,False,5071,0,0.0
A0A1D9MES2,False,5072,0,0.0
A0A2V3U2R2,False,5073,0,0.0
A0A8C6XEK1,False,5074,0,0.0
A0A8B6CCQ6,False,5075,0,0.0
A0A7L1SRZ1,False,5076,0,0.0
A0A8C5L2V6,False,5077,0,0.0
A0A0L0BSF6,False,5078,0,0.0
A0A7L2J583,False,5079,0,0.0
A0A285CQ45,False,5080,0,0.0
A0A915YM16,False,5081,0,0.0
A0A8C2VU73,False,5082,0,0.0
G3VVL7,False,5083,0,0.0
A0A8C2YZB7,False,5084,0,0.0
A0A091S281,False,5085,0,0.0
A0A553QI27,False,5086,0,0.0
A0A7L2HIW9,False,5087,0,0.0
A0A840F2S9,False,5088,0,0.0
T1IX39,False,5089,0,0.0
A0A915PNP5,False,5090,0,0.0
A0A8C9N8B3,False,5091,0,0.0
A0A3P8YIM1,False,5092,0,0.0
A0A673L2H7,False,5093,0,0.0
A0A2I0THV4,False,5094,0,0.0
A0A669CBH2,False,5095,0,0.0
A0A452QL39,False,5096,0,0.0
A0A8C7CSD5,False,5097,0,0.0
A0A8B9U1F2,False,5098,0,0.0
A0A8C7L3S7,False,5099,0,0.0
A0A5A9PIY4,False,5100,0,0.0
A0A8C3U1U4,False,5101,0,0.0
A0A7F8RUK8,False,5102,0,0.0
A0A3Q1IRD2,False,5103,0,0.0
A0A8C1FHC8,False,5104,0,0.0
A0A3Q3B5Z2,False,5105,0,0.0
A0A267EC80,False,5106,0,0.0
A0A673HWH9,False,5107,0,0.0
A0A8B9Z9X7,False,5108,0,0.0
B4I5X9,False,5109,0,0.0
A0A3B3HRD8,False,5110,0,0.0
A0A2I3GK55,False,5111,0,0.0
A0A8D0BPD6,False,5112,0,0.0
A0A0M4G1E6,False,2038,0,0.0
A0A5J4YT72,False,5113,0,0.0
A0A5N6MSR8,False,5114,0,0.0
F5XS54,False,5115,0,0.0
A0A1Y2QS54,False,5116,0,0.0
A0A927M5W0,False,2035,0,0.0
A0A839S156,False,2030,0,0.0
A0A974X3M6,False,5117,0,0.0
A0A5J4KQQ7,False,5118,0,0.0
A0A6G7XPY3,False,5119,0,0.0
A0A395T3Z0,False,5120,0,0.0
A0A165FK13,False,5121,0,0.0
A0A0W0FGZ4,False,5122,0,0.0
A0A086TDM7,False,5123,0,0.0
A0A2B7XGR2,False,5124,0,0.0
A0A4Y7THP8,False,5125,0,0.0
A0A4T0WIW8,False,5126,0,0.0
A0A8H7JET2,False,5127,0,0.0
A0A423WV73,False,5128,0,0.0
A0A1Y2V0C9,False,5129,0,0.0
A0A094C3D2,False,5130,0,0.0
A0A5N5NZI6,False,5131,0,0.0
A0A4V3SHZ0,False,5132,0,0.0
A0A8S0VVD9,False,5133,0,0.0
A0A4Q4SZD2,False,5134,0,0.0
A0A2B7WXW8,False,5135,0,0.0
A0A0Q6KJ62,False,5136,0,0.0
K5YFN0,False,5137,0,0.0
A0A6J3DI47,False,5138,0,0.0
A0A6G1D7V9,False,5139,0,0.0
A0A7K3DWU3,False,5140,0,0.0
A0A8C5KNF6,False,5141,0,0.0
A0A0V0TZI3,False,5142,0,0.0
V4A654,False,5143,0,0.0
A0A672GJ80,False,5144,0,0.0
A0A5J4J3T7,False,5145,0,0.0
A0A9J8CQT5,False,5146,0,0.0
A0A059AGT6,False,5147,0,0.0
A0A8C4FGD1,False,5148,0,0.0
A0A2G5USW9,False,5149,0,0.0
A0A182XVN7,False,5150,0,0.0
A0A6P4IUG6,False,5151,0,0.0
A0A8B8ZH03,False,5152,0,0.0
A0A9F2KVX6,False,5153,0,0.0
A0A4Y9PP47,False,5154,0,0.0
A0A0S2TBX4,False,5155,0,0.0
E5C466,False,5156,0,0.0
R9IUE1,False,5157,0,0.0
A0A1Y3ZQI1,False,5158,0,0.0
A0A1Y3NJA1,False,5159,0,0.0
F7V2M9,False,5160,0,0.0
A0A417D2Q6,False,5161,0,0.0
A0A7G1G230,False,5162,0,0.0
A0A1Y1Z394,False,5163,0,0.0
E5BDY5,False,5164,0,0.0
R9JDM0,False,5165,0,0.0
S5ZXF9,False,5166,0,0.0
A0A1Y1VRP7,False,5167,0,0.0
A0A166CMB8,False,5168,0,0.0
A0A5C1QG59,False,5169,0,0.0
A0A1Y3Y2V0,False,5170,0,0.0
A0A942QYI8,False,5171,0,0.0
A0A4R5P101,False,5172,0,0.0
A0A2U1E5E8,False,5173,0,0.0
A0A1H3H9P2,False,5174,0,0.0
A0A1Q8BY84,False,5175,0,0.0
A0A426K1V9,False,5176,0,0.0
A0A850JQM7,False,5177,0,0.0
A0A7J9YZV0,False,5178,0,0.0
A0A895YBU7,False,5179,0,0.0
A0A1C0BUQ3,False,5173,0,0.0
R1CLQ4,False,5180,0,0.0
A0A4S2RAE3,False,5181,0,0.0
A0A5J5IXL0,False,5182,0,0.0
A0A5J5H688,False,5183,0,0.0
Q9AD04,False,5184,0,0.0
A0A2B8B5K3,False,5185,0,0.0
A0A841CC33,False,5186,0,0.0
A0A0L6X4A3,False,5187,0,0.0
A0A8T2QHT5,False,5188,0,0.0
A0A8S1AUE1,False,5189,0,0.0
A0A8C6QES6,False,5190,0,0.0
A9C0I0,False,5191,0,0.0
A0A151T9G4,False,5192,0,0.0
A0A814HRL5,False,5193,0,0.0
A0A5N6V840,False,5194,0,0.0
Q2IHB9,False,5195,0,0.0
A0A074Y580,False,5196,0,0.0
A0A926LH21,False,5197,0,0.0
A0A3Q0EYP4,False,5198,0,0.0
A0A8D2M9X1,False,5199,0,0.0
L5M0Z6,False,5200,0,0.0
A0A7N6FJG6,False,5201,0,0.0
A0A8H7DMT0,False,5202,0,0.0
A0A3P6T3A8,False,5203,0,0.0
A0A8B8PNK8,False,5204,0,0.0
A0A8C8R7D6,False,5205,0,0.0
A0A2I3MB73,False,5206,0,0.0
A0A1H5TED5,False,5207,0,0.0
A0A2G5CIE8,False,5208,0,0.0
C4YBW2,False,5209,0,0.0
A0A813F1B5,False,5210,0,0.0
A0A1B7P990,False,5211,0,0.0
A0A8D2GCX5,False,5212,0,0.0
A0A7L2HXW5,False,5213,0,0.0
A0A6I9YCG9,False,5214,0,0.0
A0A091DDI0,False,5215,0,0.0
A0A437ALZ2,False,5216,0,0.0
I7M177,False,5217,0,0.0
A0A8T2PKC2,False,5218,0,0.0
A0A7J7XLK5,False,5219,0,0.0
A0A091Q5S5,False,5220,0,0.0
A0A179HQI2,False,5221,0,0.0
A0A6J0I1S9,False,5222,0,0.0
A0A7M4EEV1,False,5223,0,0.0
A0A1B8E0L1,False,5224,0,0.0
A0A8J5P3Z7,False,5225,0,0.0
A0A5F8AT44,False,5226,0,0.0
A0A077PHK6,False,5227,0,0.0
A0A1J1E4L1,False,5228,0,0.0
A0A094JKJ8,False,5229,0,0.0
A0A662Z3U5,False,5230,0,0.0
A0A4R0NM94,False,5231,0,0.0
A0A0N0D7K5,False,5232,0,0.0
A0A075JJT3,False,5233,0,0.0
A0A366C3C1,False,5234,0,0.0
A0A2K9EL80,False,5235,0,0.0
A0A374W5Q7,False,5236,0,0.0
A0A6N8JLT2,False,5237,0,0.0
A0A6G7WX62,False,5238,0,0.0
A0A1U9KHJ5,False,5239,0,0.0
A0A560WE29,False,5240,0,0.0
A0A939HQ96,False,5241,0,0.0
A0A084UC05,False,5242,0,0.0
A0A1V4B2A9,False,5243,0,0.0
U7D8D5,False,5244,0,0.0
A9NFR1,False,5245,0,0.0
A0A927PXN9,False,5246,0,0.0
A0A0A2TR12,False,5247,0,0.0
A0A850SZ15,False,5248,0,0.0
A0A2U2N3A2,False,5249,0,0.0
A0A430FMT2,False,5250,0,0.0
A0A949NB86,False,5251,0,0.0
A0A852UY31,False,5252,0,0.0
A0A3D8YDM5,False,5253,0,0.0
R9K109,False,5254,0,0.0
Q7D5Z7,False,5255,0,0.0
U2TE76,False,5256,0,0.0
A0A120IE84,False,5257,0,0.0
A0A2M9HSW4,False,5258,0,0.0
A0A087DN22,False,5259,0,0.0
C6A0E7,False,5260,0,0.0
H3NQZ8,False,5261,0,0.0
A0A5C0AZE0,False,5262,0,0.0
A0A9J7ABQ0,False,5263,0,0.0
A0A949JVW9,False,5264,0,0.0
U7VAL3,False,5265,0,0.0
A0A1C5CYY8,False,5266,0,0.0
M4VQG1,False,5267,0,0.0
K9RUM8,False,5268,0,0.0
A0A261Q8F5,False,5269,0,0.0
A0A6M8I0Q3,False,5270,0,0.0
A0A978S4X0,False,5271,0,0.0
A0A2S2DSC6,False,5272,0,0.0
A0A225E6E0,False,5273,0,0.0
A0A5J6Q9I1,False,5274,0,0.0
A0A254RNQ3,False,5275,0,0.0
A0A1Y0RIU1,False,5276,0,0.0
A0A4S3KP67,False,5277,0,0.0
A0A833HL70,False,5278,0,0.0
A0A7X0KTL3,False,5279,0,0.0
A0A1H9MGA8,False,5280,0,0.0
A0A1M6DU18,False,5281,0,0.0
K9TS93,False,5282,0,0.0
A0A507BC54,False,5283,0,0.0
A0A239EVN7,False,5284,0,0.0
D0LHZ1,False,5285,0,0.0
A0A8J7QIE2,False,5286,0,0.0
A0A0P6XFA2,False,5287,0,0.0
A0A494UXC5,False,5288,0,0.0
A0A7Y0PT68,False,5289,0,0.0
A0A1P8UGA4,False,5290,0,0.0
A0A010Z4J5,False,5291,0,0.0
D0LJ96,False,5292,0,0.0
G4MSZ1,False,5293,0,0.0
A0A1I3XHD6,False,5294,0,0.0
A0A0B2B704,False,5295,0,0.0
A0A2G2YXS3,False,5296,0,0.0
A0A3A9ZI76,False,5297,0,0.0
A0A1W2EX71,False,5298,0,0.0
A0A6A5EKN4,False,5299,0,0.0
A0A0B8NGX3,False,5300,0,0.0
A0A8C0BV42,False,5301,0,0.0
A0A1H6IRM1,False,5302,0,0.0
A0A3F3PHT8,False,5303,0,0.0
T0LJG8,False,5304,0,0.0
A0A939C5Z6,False,5305,0,0.0
A0A812Y616,False,5306,0,0.0
A0A7K8RJ04,False,5307,0,0.0
M1C8Q3,False,5308,0,0.0
A0A366ZYU7,False,5309,0,0.0
K9XD29,False,5310,0,0.0
A0A5R9L2H8,False,5311,0,0.0
A0A443HUE2,False,5312,0,0.0
A0A0M8MZ85,False,5313,0,0.0
A0A0A2V9Z0,False,5314,0,0.0
J3NJZ9,False,5315,0,0.0
A0A8R2AS97,False,5316,0,0.0
A0A5P1EAH5,False,5317,0,0.0
A3I297,False,5318,0,0.0
C6A336,False,5319,0,0.0
A0A9D3SDP0,False,5320,0,0.0
A0A7K8QB91,False,5321,0,0.0
A0A7I0NPE4,False,5322,0,0.0
F0XIF7,False,5323,0,0.0
A0A0R3PK98,False,5324,0,0.0
A0A7J9VTF2,False,5325,0,0.0
A0A7L0YWZ5,False,5326,0,0.0
A0A0E3D9D2,False,5327,0,0.0
A0A093JF99,False,5328,0,0.0
A0A852K3B1,False,5329,0,0.0
A0A8B8WYE0,False,5330,0,0.0
A0A8X7CA62,False,5331,0,0.0
A0A930X1W9,False,5332,0,0.0
A0A6P1J1U3,False,5333,0,0.0
A0A1Y2X8W9,False,5334,0,0.0
A0A1M5GGW0,False,5335,0,0.0
A0A8H8CBV4,False,5336,0,0.0
A0A925ENM6,False,5337,0,0.0
A0A0H3D742,False,5338,0,0.0
A0A5C5TD01,False,5339,0,0.0
A0A5C8JT00,False,5340,0,0.0
A0A0E3NW48,False,5341,0,0.0
A0A1I7BPI1,False,5342,0,0.0
A0A6M0H5W9,False,5343,0,0.0
A0A6G7RXF0,False,5344,0,0.0
A0A1H7K5F6,False,5345,0,0.0
A0A069RII3,False,5346,0,0.0
A0A4R7HWK7,False,5347,0,0.0
A0A240CBJ5,False,5348,0,0.0
A0A256BAP6,False,5349,0,0.0
A0A5C5UYG5,False,5350,0,0.0
B6VDX7,False,5351,0,0.0
A0A316AA32,False,5352,0,0.0
A0A7X5HUU6,False,5353,0,0.0
A0A3N7CSZ2,False,5354,0,0.0
A0A1H4CQH9,False,5355,0,0.0
A0A127AYH2,False,5356,0,0.0
A0A1V8TZ56,False,5357,0,0.0
A8F5C1,False,5358,0,0.0
B4S816,False,5359,0,0.0
B0CAW9,False,5360,0,0.0
F3NM51,False,5361,0,0.0
A0A2H3BZ06,False,5362,0,0.0
A0A1X4J1F7,False,5363,0,0.0
A0A2M8QR37,False,5364,0,0.0
A0A927IH19,False,5365,0,0.0
A0A841E4M0,False,5366,0,0.0
A0A1Z5R3M0,False,5367,0,0.0
A0A2P4SX07,False,5368,0,0.0
A0A542Z7X8,False,5369,0,0.0
A0A1Y5SNY8,False,5370,0,0.0
A0A3A8Z781,False,5371,0,0.0
G2KUI5,False,5372,0,0.0
A0A923URY5,False,5373,0,0.0
A0A074LVM2,False,5374,0,0.0
E0RXU0,False,5375,0,0.0
K5ZRG0,False,5376,0,0.0
D4Z4D9,False,5377,0,0.0
A0A0F5LD42,False,5378,0,0.0
A0A371XJS0,False,5379,0,0.0
A0A0M9DTE6,False,5380,0,0.0
A0A126YZM5,False,5381,0,0.0
A0A926T0H2,False,5382,0,0.0
A0A1B1S8D3,False,5383,0,0.0
A0A2P4URN6,False,5384,0,0.0
A0A5B9QKQ5,False,5385,0,0.0
A0A3R8TGN7,False,5386,0,0.0
U2ZVT2,False,5387,0,0.0
A0A1B4V7V7,False,5388,0,0.0
A0A7Z2G3S6,False,5389,0,0.0
D9X410,False,5390,0,0.0
A8ULX3,False,5391,0,0.0
L1P6K8,False,5392,0,0.0
A0A6G3Q9T6,False,5393,0,0.0
A0A098G4P1,False,5394,0,0.0
A0A087BCW4,False,5395,0,0.0
A0A3N4ZR07,False,5396,0,0.0
E0VRA6,False,5397,0,0.0
A0A1A7KFG1,False,5398,0,0.0
A0A0P7BRG1,False,5399,0,0.0
T2G795,False,5400,0,0.0
A0A4S5BPN9,False,5401,0,0.0
A0A173WWI9,False,5402,0,0.0
A0A2T5MCK5,False,5403,0,0.0
A0A7L0HBQ1,False,5404,0,0.0
A0A5N5JSF2,False,5405,0,0.0
A0A0C3D1P2,False,5406,0,0.0
A0A1G6ZPP3,False,5407,0,0.0
A0A4Q7L812,False,5408,0,0.0
A0A117RTJ4,False,5409,0,0.0
A0A071LT84,False,5410,0,0.0
A0A934QC58,False,5411,0,0.0
A0A0F5W1F6,False,5412,0,0.0
A0A0C7N8Z0,False,5413,0,0.0
A0A8S1LCW5,False,5414,0,0.0
A0A8R2JQB2,False,5415,0,0.0
A0A5Q0P1B4,False,5416,0,0.0
A0A2P7EEE4,False,5417,0,0.0
A0A143H9K4,False,5418,0,0.0
A0A845MBX3,False,5419,0,0.0
A0A7K9ZI65,False,5420,0,0.0
A0A6J3J506,False,5421,0,0.0
W8BLT3,False,5422,0,0.0
A0A0B5DH04,False,5423,0,0.0
F0LKK5,False,5424,0,0.0
A0A8J4H2B6,False,5425,0,0.0
A0A8J5NBN1,False,5426,0,0.0
A0A934NTN4,False,5427,0,0.0
A0A8T4JXT0,False,5428,0,0.0
A0A1G7Z8D0,False,5429,0,0.0
A0A3G8F8Q0,False,5430,0,0.0
F9UQX9,False,5431,0,0.0
A0A3A9T4W9,False,5432,0,0.0
A0A1M5XJJ1,False,5433,0,0.0
A0A858NQI7,False,5434,0,0.0
A0A317F5C2,False,5435,0,0.0
A0A2I6QQZ3,False,5436,0,0.0
A0A257JIC5,False,5437,0,0.0
A0A2Z2KFD6,False,5438,0,0.0
A0A222ZI59,False,5439,0,0.0
A0A2Z3HAK5,False,5440,0,0.0
A0A1W6JQH5,False,5441,0,0.0
A0A0N9SJD0,False,5442,0,0.0
F3BAF8,False,5443,0,0.0
V6SD16,False,5444,0,0.0
A0A8F3EA82,False,5445,0,0.0
A0A0K1LL44,False,5446,0,0.0
A0A1S2T4K9,False,5447,0,0.0
G1RXP1,False,5448,0,0.0
A0A411AWB4,False,5449,0,0.0
A0A238JZQ5,False,5450,0,0.0
A0A6I4UYJ0,False,5451,0,0.0
A0A8J2VQZ7,False,5452,0,0.0
A0A1G5H6S9,False,5453,0,0.0
D8EYS0,False,5454,0,0.0
A0A1G5J9J4,False,5455,0,0.0
A0A1G7ZJ73,False,5456,0,0.0
A0A416JFA0,False,5457,0,0.0
S4SI97,False,5458,0,0.0
Q890L7,False,5459,0,0.0
A0A2I0FUU5,False,5460,0,0.0
A0A7H5F290,False,5461,0,0.0
A0A4R7TFH8,False,5462,0,0.0
A0A091G2W0,False,5463,0,0.0
A0A4R9EWU5,False,5464,0,0.0
E9T1G8,False,5465,0,0.0
A0A1X3D4Z3,False,5466,0,0.0
A0A7G9GX98,False,5467,0,0.0
A0A6P4BYY2,False,5468,0,0.0
M0LFE4,False,5469,0,0.0
A0A2Z6B094,False,5470,0,0.0
A0A8J6WQA3,False,5471,0,0.0
A0A8J3BVD4,False,5472,0,0.0
A0A1W6MKH7,False,5473,0,0.0
A0A6I4LYG1,False,5474,0,0.0
W0V019,False,5475,0,0.0
A0A066YHW4,False,5476,0,0.0
A0A165FMJ2,False,5477,0,0.0
A0A1C6M4V2,False,5478,0,0.0
A0A0H2MED2,False,5479,0,0.0
K0RSP7,False,5480,0,0.0
A0A5J6V3S9,False,5481,0,0.0
C5ZYM6,False,5482,0,0.0
A0A369WX21,False,5483,0,0.0
Z9JV51,False,5484,0,0.0
A0A0M4G6R0,False,5485,0,0.0
A0A5B9QWG4,False,2433,0,2.0
A0A235F6G1,False,5486,0,0.0
A6NQM5,False,5487,0,0.0
F4KYG0,False,5488,0,0.0
A0A433XKZ3,False,5489,0,0.0
A0A2P6MFC2,False,5490,0,0.0
A0A2C7AAH8,False,5491,0,0.0
A0A4D7CYS1,False,2427,0,2.0
A0A2Z4UE50,False,2437,0,1.0
A0A212TD48,False,5492,0,0.0
A0A839JUN5,False,5493,0,0.0
A0A323TG44,False,2427,0,0.0
A0A6M0L516,False,5494,0,0.0
A0A1I1EER9,False,5495,0,0.0
A4FEW6,False,5496,0,0.0
A0A2T4VQ46,False,5497,0,0.0
A0A913WSM2,False,5498,0,0.0
A0A5S9IQ05,False,5499,0,0.0
A0A1P8UU72,False,2439,0,0.0
W7TYQ6,False,5500,0,0.0
A0A1K1M685,False,5501,0,0.0
A0A7R9MPC5,False,5502,0,0.0
A0A7W7B3I9,False,5503,0,0.0
A0A7G5ZG10,False,5504,0,0.0
A0A1X7HFQ9,False,5505,0,0.0
V9EGE8,False,5506,0,0.0
A0A419R4F0,False,5507,0,0.0
A0A3Q8HXD4,False,5508,0,0.0
A0A1V4I7U7,False,5509,0,0.0
A0A1V1ZKB3,False,5510,0,0.0
A0A7H9BJV7,False,5511,0,0.0
A0A062UYM8,False,5512,0,0.0
A0A7J5BNZ0,False,5513,0,0.0
A0A0P6YD40,False,2471,0,1.0
G7M5T3,False,5515,0,0.0
A0A841EM60,False,5516,0,0.0
A0A1I4R8S0,False,5517,0,0.0
A0A0V8I7M6,False,5514,0,1.0
A0A928V2E5,False,5518,0,0.0
A0A4D7AQJ9,False,5519,0,0.0
A0A1Y4A192,False,5520,0,0.0
A0A022KVZ1,False,5521,0,0.0
E6WWA8,False,2455,0,0.0
A0A2M9HDU4,False,5522,0,0.0
A0A839QYZ6,False,5523,0,0.0
A0A7Z0C480,False,5524,0,0.0
A0A1V9ET47,False,5525,0,0.0
A0A6L5Z715,False,5526,0,0.0
Y0KEP6,False,5527,0,0.0
B3QSJ1,False,5528,0,0.0
A0A5C7GJG5,False,5529,0,0.0
A0A543I4K0,False,2482,0,0.0
A0A1E5E2D5,False,5530,0,0.0
A0A1Y0C4Z5,False,5531,0,0.0
A0A3L7AW36,False,5532,0,0.0
A0A5J6KWM5,False,5533,0,0.0
A0A285NAU5,False,5534,0,0.0
A0A556QS60,False,5535,0,0.0
A0A6I1G190,False,5536,0,0.0
A0A7W6RDG9,False,5537,0,0.0
A0A3A5J9K9,False,5538,0,0.0
A0A973P4F3,False,5539,0,0.0
A0A3P1Z0P9,False,5540,0,0.0
A0A550BZQ0,False,5541,0,0.0
A0A3A9ZQB4,False,5542,0,0.0
A0A1S1RM98,False,5543,0,0.0
B2JAG8,False,5544,0,0.0
A0A2Z6RE28,False,5545,0,0.0
A0A7J9UXE6,False,5546,0,0.0
A0A069CXD8,False,5547,0,0.0
A0A1X6P3J1,False,5548,0,0.0
A0A7L5SMA2,False,5549,0,0.0
A0A4Y3VY82,False,5550,0,0.0
R7IZ70,False,5551,0,0.0
J7HXT5,False,5552,0,0.0
A0A6M5J9N1,False,5553,0,0.0
A0A081XU52,False,5554,0,0.0
A0A088FVJ1,False,5555,0,0.0
A0A2T1LVM2,False,5556,0,0.0
A0A0V8TC60,False,5557,0,0.0
A0A327YTG3,False,5558,0,0.0
A0A916TQH7,False,5559,0,0.0
A0A1B1ZSV1,False,5560,0,0.0
A0A1Q5DUM3,False,5561,0,0.0
A0A930XVB8,False,5562,0,0.0
A0A0X7BFQ8,False,2516,0,0.0
A0A967B9R4,False,5563,0,0.0
F0ST93,False,5564,0,0.0
A0A1I2PY01,False,5565,0,0.0
A0A4R6GGS5,False,5566,0,0.0
A0A4S3MN80,False,5567,0,0.0
A0A7X0H5K8,False,5568,0,0.0
A0A926TR33,False,5569,0,0.0
R5KVV7,False,5570,0,0.0
A0A3N6H301,False,5571,0,0.0
A0A2U2ZJV0,False,5572,0,0.0
A0A3A1XEJ0,False,5573,0,0.0
U7D7Q6,False,5574,0,0.0
A0A4Q0XYR0,False,5575,0,0.0
A0A2H6AL43,False,5576,0,0.0
A0A316TVI6,False,5577,0,0.0
A0A1D8GN59,False,5578,0,0.0
A0A1U7M4Y9,False,5579,0,0.0
A0A1J7D499,False,5580,0,0.0
W6N1Q0,False,5581,0,0.0
A0A8D4IWP3,False,5582,0,0.0
A0A396U4A1,False,5583,0,0.0
A0A845SF09,False,5584,0,0.0
A0A0U5B035,False,5585,0,0.0
A0A0R0MEJ7,False,2527,0,0.0
A0A7J0BPA8,False,5586,0,0.0
B7MHQ7,False,5587,0,0.0
A0A7L0AD29,False,5588,0,0.0
A0A6J2WV00,False,5589,0,0.0
A0A1M5MYD5,False,5590,0,0.0
A0A8C7YE60,False,5591,0,0.0
A0A9D5CVD3,False,5592,0,0.0
A0A7N4P424,False,5593,0,0.0
A0A944HSE8,False,5594,0,0.0
A0A972JH49,False,5595,0,0.0
A0A0P7V0Y6,False,5596,0,0.0
A0A8J4VAN9,False,5597,0,0.0
A0A3D8L6B2,False,5598,0,0.0
A0A326U554,False,5599,0,0.0
K2JW41,False,5600,0,0.0
A0A480ALB1,False,5601,0,0.0
A0A1E3VUU0,False,5602,0,0.0
A0A917PYG1,False,5603,0,0.0
A0A9E7AE74,False,5604,0,0.0
A0A093GC68,False,5605,0,0.0
A0A4Z0FWE9,False,5606,0,0.0
A0A2U4BGI9,False,5607,0,0.0
A0A4W5QPX7,False,5608,0,0.0
A0A8B8X055,False,5609,0,0.0
A0A1S3KVY2,False,5610,0,0.0
A0A8T2KJC0,False,5611,0,0.0
T1H4Y3,False,5612,0,0.0
A0A841J7Y8,False,5613,0,0.0
A0A9J8C4P6,False,5614,0,0.0
A0A8T0QX26,False,5615,0,0.0
A0A6P6M522,False,5616,0,0.0
D8UDX8,False,5617,0,0.0
A0A6I8THH4,False,5618,0,0.0
A0A5C5W0C5,False,5619,0,0.0
A0A8C6LA32,False,5620,0,0.0
A0A9F5MWF5,False,5621,0,0.0
A0A8C4GYZ6,False,5622,0,0.0
A0A674AAC4,False,5623,0,0.0
A0A7K9XLB3,False,5624,0,0.0
D6RUV4,False,5625,0,0.0
A0A0F0CNV6,False,5626,0,0.0
A0A0F0CVP9,False,5627,0,0.0
A0A1Q8ZIH6,False,5628,0,0.0
A0A1Z4N2A5,False,5629,0,0.0
A0A0F0CVC2,False,5630,0,0.0
A0A251W8D8,False,5631,0,0.0
A0A930XKW6,False,5632,0,0.0
K9RNW9,False,5633,0,0.0
A0A1D8TU10,False,5634,0,0.0
B1WRK9,False,5635,0,0.0
A0A928VNP6,False,5636,0,0.0
A0A2T1DJN9,False,5637,0,0.0
A0A916V9Y3,False,5638,0,0.0
A0A928V6X3,False,5639,0,0.0
A0A0S3UA27,False,5640,0,0.0
A0A8J7L465,False,5641,0,0.0
A0A401IMX4,False,5642,0,0.0
B1KGE1,False,5643,0,0.0
K7VSF9,False,5644,0,0.0
A0A1L9QSM1,False,5645,0,0.0
A0A1H5AC45,False,5646,0,0.0
A0A061GCT2,False,5647,0,0.0
A0A0K1PKM0,False,5648,0,0.0
D3SLT4,False,5649,0,0.0
A0A060SCK5,False,5650,0,0.0
A0A1J4JWK6,False,5651,0,0.0
A0A6J3J740,False,5652,0,0.0
A0A2U1K882,False,5653,0,0.0
A0A2Y9KSV4,False,5654,0,0.0
A0A0P7AXL0,False,5655,0,0.0
A0A1Q4XFK4,False,5656,0,0.0
A0A090CX41,False,5657,0,0.0
A0A2P5FEH9,False,5658,0,0.0
D3VLV6,False,5659,0,0.0
A0A851K0Y0,False,5660,0,0.0
A0A7M7PDI7,False,5661,0,0.0
A0A5Q3QAL2,False,5662,0,0.0
A0A2S2C439,False,5663,0,0.0
A0A5E4BQ71,False,5664,0,0.0
A0A7W6NL11,False,5665,0,0.0
A0A8C4VMA0,False,5666,0,0.0
A0A6P5J1A3,False,5667,0,0.0
A0A835SVV0,False,5668,0,0.0
A0A6A4WGE3,False,5669,0,0.0
A0A674GPJ2,False,5670,0,0.0
A0A8R2JM38,False,5671,0,0.0
A0A0G4ECY9,False,5672,0,0.0
A0A8S9YP68,False,5673,0,0.0
A0A8C3V9S4,False,5674,0,0.0
A0A8B6XNQ9,False,5675,0,0.0
A0A8C6WR12,False,5676,0,0.0
A0A4W6D8W1,False,5677,0,0.0
A0A670IJD5,False,5678,0,0.0
A0A8C4V4J9,False,5679,0,0.0
A0A6P8R758,False,5680,0,0.0
A0A667I2I8,False,5681,0,0.0
A0A8C9Y5V1,False,5682,0,0.0
A0A8S9WT38,False,5683,0,0.0
A0A6A3MJH2,False,5684,0,0.0
A0A0V0QFV8,False,5685,0,0.0
A0A8C4W100,False,5686,0,0.0
A0A8B8APP7,False,5687,0,0.0
A0A8C4HHN4,False,5688,0,0.0
A0A2K6TNM9,False,5689,0,0.0
A0A679KYR0,False,5690,0,0.0
A0A673Y330,False,5691,0,0.0
B3SBZ0,False,5692,0,0.0
A0A7K4PIS8,False,5693,0,0.0
A0A9R1TIN7,False,5694,0,0.0
A0A8B7QSC5,False,5695,0,0.0
A0A8B8BFP5,False,5696,0,0.0
A0A8C3ICT6,False,5697,0,0.0
A0A8S1WHM0,False,5698,0,0.0
A0A212ET22,False,5699,0,0.0
A0A0N1IP46,False,5700,0,0.0
A0A4S2M4P7,False,5701,0,0.0
A0A8W8MD83,False,5702,0,0.0
A0A674HY40,False,5703,0,0.0
A0A8T0IAL5,False,5704,0,0.0
A0A060XXM9,False,5705,0,0.0
A0A6P7FYY9,False,5706,0,0.0
Q4DTI4,False,5707,0,0.0
A0A5D6XHL3,False,5708,0,0.0
A0A7L2AKD8,False,5709,0,0.0
H2Z3M1,False,5710,0,0.0
A0A6Q2XWN2,False,5711,0,0.0
A0A671G5J5,False,5712,0,0.0
A0A667I5T2,False,5713,0,0.0
A0A8C9LM19,False,5714,0,0.0
A0A1S4GHA2,False,5715,0,0.0
A0A3L8SRK7,False,5716,0,0.0
A0A5G2QCZ1,False,5717,0,0.0
A0A675B394,False,5718,0,0.0
A0A8S4EMM1,False,5719,0,0.0
A0A7K7WS53,False,5720,0,0.0
A0A8C6R3K0,False,5721,0,0.0
A0A834XZ85,False,5722,0,0.0
A0A7K8CPX1,False,5723,0,0.0
M7SUS2,False,5724,0,0.0
A0A6I8UXS6,False,5725,0,0.0
A0A6P8YQV3,False,5726,0,0.0
A0A8B9BZT1,False,5727,0,0.0
A0A8B9MP54,False,5728,0,0.0
A0A4W3JMI8,False,5729,0,0.0
A0A8C4Z9E7,False,5730,0,0.0
A0A2R5GMV2,False,5731,0,0.0
A0A3P8TQ72,False,5732,0,0.0
A0A316UCG1,False,5733,0,0.0
A0A852NGK6,False,5734,0,0.0
A0A8D2PVH4,False,5735,0,0.0
A0A2R6S4F7,False,5736,0,0.0
A0A8J5JMZ4,False,5737,0,0.0
A0A261BR61,False,5738,0,0.0
A0A8C5KY13,False,5739,0,0.0
A0A6J3ET73,False,5740,0,0.0
A0A7K9EWZ0,False,5741,0,0.0
A0A8S9YUG9,False,5742,0,0.0
A0A5N3X755,False,5743,0,0.0
A0A7K5LQD7,False,5744,0,0.0
A0A7J9BT71,False,5745,0,0.0
C5YWX5,False,5746,0,0.0
A0A565BKT5,False,5747,0,0.0
A0A6P3YWM2,False,5748,0,0.0
A0A3Q7FIN7,False,5749,0,0.0
A0A5J9VZH5,False,5750,0,0.0
A0A8B7CXW4,False,5751,0,0.0
A0A0S3T314,False,5752,0,0.0
A0A835KIZ9,False,5753,0,0.0
A0A0D3DS38,False,5754,0,0.0
A0A7J9L2Z3,False,5755,0,0.0
A0A2Z6N5K6,False,5756,0,0.0
A0A1S3ZTE2,False,5757,0,0.0
A0A7I8KPR5,False,5758,0,0.0
A0A078J8I4,False,5759,0,0.0
A0A484NU74,False,5760,0,0.0
A0A0L9VNY2,False,5761,0,0.0
A0A835A6P4,False,5762,0,0.0
A0A5C6CFM1,False,5763,0,0.0
R5FPM7,False,5764,0,0.0
A0A5C5YY50,False,5765,0,0.0
A0A2V1MWU6,False,5766,0,0.0
A0A563AEV4,False,5767,0,0.0
A0A1E3LZR7,False,5768,0,0.0
A0A2P7QYP0,False,5769,0,0.0
A0A4Y9G0D6,False,5770,0,0.0
A0A2V1P7T3,False,5771,0,0.0
A0A6N4TLQ4,False,5772,0,0.0
A0A432LJ99,False,5773,0,0.0
A0A5J5HV12,False,5774,0,0.0
A0A1C5GBE9,False,5775,0,0.0
H0IZW2,False,5776,0,0.0
A0A5C3PRU1,False,5777,0,0.0
A0A6M1U7X9,False,5778,0,0.0
A0A8H3FIT3,False,5779,0,0.0
A0A4R6RTI3,False,5780,0,0.0
A0A1C7NFD0,False,5781,0,0.0
A0A7L9FFT2,False,5782,0,0.0
A0A934M7M6,False,5783,0,0.0
E1QR35,False,5784,0,0.0
A0A1W1XRF3,False,5785,0,0.0
A0A7W8IE78,False,5786,0,0.0
A0A133VAW1,False,2735,0,2.0
A0A2H5Y7X8,False,5787,0,0.0
D6U0G2,False,5788,0,0.0
A0A1X7GZF4,False,5789,0,0.0
A0A0W0VMC0,False,2734,0,0.0
C6HWU7,False,5790,0,0.0
A0A2S6NJM3,False,2736,0,0.0
A0A087BQ54,False,5791,0,0.0
A0A252AUT6,False,5792,0,0.0
A0A930XEP6,False,5793,0,0.0
A0A0F5MNB6,False,5794,0,0.0
A0A9P8M0H3,False,5795,0,0.0
A0A6J2VQ67,False,5796,0,0.0
A0A653DHM8,False,5797,0,0.0
A0A803TIG4,False,5798,0,0.0
A0A7K8NYS7,False,5799,0,0.0
A0A7T8KDW4,False,5800,0,0.0
A0A8C3CYU6,False,5801,0,0.0
A0A2T7NT56,False,5802,0,0.0
A0A6P5KTN0,False,5803,0,0.0
A0A3M7QW51,False,5804,0,0.0
B3LXK9,False,5805,0,0.0
A0A8C8WSM4,False,5806,0,0.0
A0A9J7YNX9,False,5807,0,0.0
A0A8B6G7X6,False,5808,0,0.0
A0A672FP32,False,5809,0,0.0
A0A2I2YF97,False,5810,0,0.0
V4YXU2,False,5811,0,0.0
A0A7J7T284,False,5812,0,0.0
A0A2K5EJH4,False,5813,0,0.0
A0A9R0I333,False,5814,0,0.0
A0A0D9WMR1,False,5815,0,0.0
A0A2C9UHH6,False,5816,0,0.0
A0A8S3T134,False,5817,0,0.0
G8ZST1,False,5818,0,0.0
A0A7L3EII0,False,5819,0,0.0
U4UQB9,False,5820,0,0.0
A0A7L0IJF8,False,5821,0,0.0
A0A852BE47,False,5822,0,0.0
A0A672N918,False,5823,0,0.0
B4LLD1,False,5824,0,0.0
A0A397G9M2,False,5825,0,0.0
A0A8H4XRH3,False,5826,0,0.0
D4B3W4,False,5827,0,0.0
A0A2P6NJ40,False,5828,0,0.0
A0A8C3M9J1,False,5829,0,0.0
A0A8H4EEU4,False,5830,0,0.0
A0A7J8LL25,False,5831,0,0.0
A0A8C4Q6Z9,False,5832,0,0.0
A0A8C3FY90,False,5833,0,0.0
G3TCI4,False,5834,0,0.0
A0A5D6XRW7,False,5835,0,0.0
H2YSE4,False,5836,0,0.0
A0A5F8GDS1,False,5837,0,0.0
A0A267GLR3,False,5838,0,0.0
H2PMP8,False,5839,0,0.0
A0A7K6WXQ0,False,5840,0,0.0
A0A0L0N242,False,5841,0,0.0
A0A8C5MM77,False,5842,0,0.0
H2YUJ4,False,5843,0,0.0
A0A2K6UUE8,False,5844,0,0.0
A0A915BMN5,False,5845,0,0.0
A0A422NDZ5,False,5846,0,0.0
H2YVQ0,False,5847,0,0.0
A0A0P8XSV6,False,5848,0,0.0
A0A6P6IHL3,False,5849,0,0.0
T0L8H4,False,5850,0,0.0
A0A135UYV0,False,5851,0,0.0
R1EAW7,False,5852,0,0.0
A0A8H4LCP4,False,5853,0,0.0
A0A090CDT0,False,5854,0,0.0
A0A2V1D6M0,False,5855,0,0.0
A0A428PD39,False,5856,0,0.0
Q2U5L6,False,5857,0,0.0
A0A1V8TJG1,False,5858,0,0.0
I1RAY4,False,5859,0,0.0
A0A5N6DW16,False,5860,0,0.0
A0A4Z1IR60,False,5861,0,0.0
A0A545VXU9,False,5862,0,0.0
A0A8H4PCW6,False,5863,0,0.0
A0A2I1CF30,False,5864,0,0.0
A0A5Q4BXG4,False,5865,0,0.0
A0A084QLZ8,False,5866,0,0.0
A0A178DTB2,False,5867,0,0.0
A0A4Q4WK06,False,5868,0,0.0
A0A5M9JWL7,False,5869,0,0.0
A0A559QNT5,False,5870,0,0.0
A0A8J3HHK7,False,5871,0,0.0
I2GLD5,False,5872,0,0.0
A0A4P6FB12,False,5873,0,0.0
A0A7K1J5H3,False,5874,0,0.0
A0A923NAP4,False,5875,0,0.0
A0A518CJQ1,False,5876,0,0.0
A0A142X0E1,False,5877,0,0.0
A0A919JN60,False,5878,0,0.0
A0A840S942,False,5879,0,0.0
A0A2G5DYD9,False,5880,0,0.0
A0A444QC87,False,5881,0,0.0
A0A1E8Q686,False,5882,0,0.0
A0A1V4CBI9,False,5883,0,0.0
A0A8J2YH28,False,5884,0,0.0
A0A498QZH1,False,5885,0,0.0
A0A0P1GP21,False,5886,0,0.0
F0U7U5,False,5887,0,0.0
A0A7K6CRD8,False,5888,0,0.0
A0A226NKW6,False,5889,0,0.0
A0A7K8KBQ5,False,5890,0,0.0
A0A7K5I754,False,5891,0,0.0
A0A6P6RP65,False,5892,0,0.0
W9SAC4,False,5893,0,0.0
A0A8J4VXN8,False,5894,0,0.0
A0A0F7THJ5,False,5895,0,0.0
E4XBQ2,False,5896,0,0.0
A8IMC6,False,5897,0,0.0
A0A1E4RRW9,False,5898,0,0.0
A0A0B0P8C8,False,5899,0,0.0
A0A833RBX2,False,5900,0,0.0
A0A7K8LBQ8,False,5901,0,0.0
A0A7K6FMV8,False,5902,0,0.0
A0A8C9YCY5,False,5903,0,0.0
A0A7Y3RL71,False,5904,0,0.0
A0A0A3JTU3,False,2867,0,0.0
A0A366VZC3,False,2871,0,0.0
A0A2S5RG03,False,5905,0,0.0
A0A6N1XI91,False,5906,0,0.0
A0A370BE80,False,5907,0,0.0
A0A5B8NWB6,False,5908,0,0.0
A0A6J4XEE7,False,5909,0,0.0
A0A803VB92,False,5910,0,0.0
A0A8H6RTK0,False,5911,0,0.0
A0A5N5QPV9,False,5912,0,0.0
A0A8C0KRN5,False,5913,0,0.0
A0A8C0BE41,False,5914,0,0.0
A0A0W8C194,False,5915,0,0.0
A0A086IYZ1,False,5916,0,0.0
A0A5J5ENH6,False,5917,0,0.0
A0A452YBX7,False,5918,0,0.0
A0A8W4F9U2,False,5919,0,0.0
A0A8S1WB82,False,5920,0,0.0
A0A6A4LQL2,False,5921,0,0.0
A0A7K5WIN0,False,5922,0,0.0
A0A0V1PJ18,False,5923,0,0.0
A0A1S3S7W7,False,5924,0,0.0
A0A803TI78,False,5925,0,0.0
A0A9J6CEH5,False,5926,0,0.0
B2A3Y2,False,5927,0,0.0
A0A552WXL3,False,5928,0,0.0
A0A4Z1J8W6,False,5929,0,0.0
A0A915YAX5,False,5930,0,0.0
A0A4R2J276,False,5931,0,0.0
A0A6H9YTC8,False,5932,0,0.0
A0A2P7TR48,False,5933,0,0.0
A0A7Z0WNW8,False,5934,0,0.0
A0A061P3Z4,False,5935,0,0.0
W9HVU4,False,5936,0,0.0
A0A2B7ZF56,False,5937,0,0.0
A0A2H5W6Z9,False,5938,0,0.0
A0A3S1GDA8,False,5939,0,0.0
S3E799,False,5940,0,0.0
G7M170,False,5941,0,0.0
A0A1A5NUU0,False,5942,0,0.0
A0A4Y9YXN0,False,5943,0,0.0
A0A0D9P176,False,5944,0,0.0
A0A1S2M2W2,False,5945,0,0.0
A0A830D5M8,False,5946,0,0.0
F6PGH2,False,5947,0,0.0
A0A0V0SG50,False,5948,0,0.0
A0A1S3CGN9,False,5949,0,0.0
A0A0D2XE28,False,5950,0,0.0
A0A370TPD9,False,5951,0,0.0
A0A8C0YEJ7,False,5952,0,0.0
A0A8S9Z3M6,False,5953,0,0.0
S9UNV5,False,5954,0,0.0
A0A7L1QDR7,False,5955,0,0.0
A0A8X6K9V1,False,5956,0,0.0
A0A3M2T1U0,False,5957,0,0.0
A0A663DUR8,False,5958,0,0.0
A0A7E5VLI1,False,5959,0,0.0
A0A2U4AVJ0,False,5960,0,0.0
A0A2J6RR77,False,5961,0,0.0
A0A7K6IAT4,False,5962,0,0.0
A0A8S0R1Y8,False,5963,0,0.0
A0A2A4JF47,False,5964,0,0.0
A0A250XRU4,False,5965,0,0.0
A0A8J8GAH3,False,5966,0,0.0
A0A2H4PB07,False,5967,0,0.0
A0A7G6E048,False,5968,0,0.0
A0A6B2SF73,False,5969,0,0.0
A0A813BJJ8,False,5970,0,0.0
D8ID67,False,5971,0,0.0
Q87HF6,False,5972,0,0.0
A0A0Q5F8P0,False,5973,0,0.0
D0LHK9,False,5974,0,0.0
B2VFC8,False,5975,0,0.0
A0A096B2Q1,False,5976,0,0.0
A0A495J603,False,5977,0,0.0
A0A1D8TLG3,False,5978,0,0.0
A0A2P5TKZ2,False,5979,0,0.0
A0A2P7TUY2,False,5980,0,0.0
A6DQA3,False,5981,0,0.0
A0A812SMM5,False,5982,0,0.0
A0A8J6J1R9,False,5983,0,0.0
A0A085BB81,False,5984,0,0.0
A0A7W8D5W3,False,5985,0,0.0
A0A2T4JQF4,False,5986,0,0.0
A0A0F4R7E1,False,5987,0,0.0
A0A1G8LV43,False,5988,0,0.0
A0A0T0M3S5,False,5989,0,0.0
B6YQD6,False,5990,0,0.0
A0A7Y9HJP4,False,5991,0,0.0
A0A1H0I2E1,False,2957,0,0.0
A0A388S9I4,False,5992,0,0.0
A0A6J0N7E4,False,5993,0,0.0
A0A1H5LXB8,False,2954,0,0.0
A0A261QY30,False,5994,0,0.0
A0A812Y074,False,5995,0,0.0
A0A7R8CKY0,False,5996,0,0.0
A0A8H5EWZ2,False,5997,0,0.0
W7N4J6,False,5998,0,0.0
A0A2V3IV90,False,5999,0,0.0
A0A016WVZ9,False,6000,0,0.0
F7VWZ6,False,6001,0,0.0
A0A0J9WIG2,False,6002,0,0.0
A0A1Q8RQU2,False,6003,0,0.0
R8BE32,False,6004,0,0.0
A0A4Y7TAJ2,False,6005,0,0.0
A0A1Y1M600,False,6006,0,0.0
A0A1X0RR16,False,6007,0,0.0
A0A1J8QC67,False,6008,0,0.0
A0A1C7NF36,False,6009,0,0.0
A0A7D8UT50,False,6010,0,0.0
T0KY98,False,6011,0,0.0
A0A8H6SRZ6,False,6012,0,0.0
A0A5N7A1D7,False,6013,0,0.0
A0A166SPQ3,False,6014,0,0.0
A0A8D2FS46,False,6015,0,0.0
A0A3Q2GW15,False,6016,0,0.0
A0A8X7X7I8,False,6017,0,0.0
A0A667GLL8,False,6018,0,0.0
A0A7L2C9K2,False,6019,0,0.0
A0A4W2DAJ1,False,6020,0,0.0
A0A7K7MQN8,False,6021,0,0.0
A0A8T0B4M3,False,6022,0,0.0
A0A8B9WNZ5,False,6023,0,0.0
A0A1S3J6D2,False,6024,0,0.0
A0A8C6KGT7,False,6025,0,0.0
A0A663EVT9,False,6026,0,0.0
A0A8J1MKK9,False,6027,0,0.0
A0A6J0XIC1,False,6028,0,0.0
A0A3Q1HDD3,False,6029,0,0.0
A0A8C3HXI6,False,6030,0,0.0
A0A674A397,False,6031,0,0.0
A0A6J0DNR8,False,6032,0,0.0
L0KW92,False,6033,0,0.0
A0A0E3SP66,False,6034,0,0.0
D3DZM6,False,6035,0,0.0
A0A328PI13,False,6036,0,0.0
A0A1V6N239,False,6037,0,0.0
F7XNG6,False,6038,0,0.0
F4BYP9,False,6039,0,0.0
A0A166CPK9,False,6040,0,0.0
A0A0E3NXS8,False,6041,0,0.0
Q8TVM1,False,6042,0,0.0
A0A0F7IFM5,False,6043,0,0.0
D7DVA4,False,6044,0,0.0
A0A166BVF9,False,6045,0,0.0
A0A328SCQ4,False,6046,0,0.0
A0A2U1S709,False,6047,0,0.0
W9DMW0,False,6048,0,0.0
G7WMZ0,False,6049,0,0.0
A0A1D2N0D5,False,6050,0,0.0
A0A8C3NXR7,False,6051,0,0.0
A0A2K6MCI6,False,6052,0,0.0
A0A4V6TS66,False,6053,0,0.0
A0A8C7YPN7,False,6054,0,0.0
A0A6D2KW33,False,6055,0,0.0
A0A8C1FPD0,False,6056,0,0.0
A0A8H7XZG2,False,6057,0,0.0
A0A2H5V1S4,False,6058,0,0.0
A0A671E1B0,False,6059,0,0.0
A0A1U8I2A8,False,3037,0,1.0
C5FPB4,False,6060,0,0.0
A0A0E0F6U0,False,6061,0,0.0
A0A0D3HN71,False,6062,0,0.0
A0A922ICB1,False,6063,0,0.0
A0A6I9VUV3,False,6064,0,0.0
A0A0C9LWS9,False,6065,0,0.0
A0A653HPC4,False,6066,0,0.0
A0A8R1HM19,False,6067,0,0.0
A0A5F8H669,False,6068,0,0.0
A0A250XBU8,False,6069,0,0.0
A0A7K6NGB0,False,6070,0,0.0
A0A0D9W691,False,6071,0,0.0
H0WZ98,False,3040,0,0.0
E9AHG7,False,6072,0,0.0
A0A8X7U4Z4,False,6073,0,0.0
G1SQF5,False,6074,0,0.0
A0A8B7PTY5,False,6075,0,0.0
A0A843V533,False,6076,0,0.0
A0A1G4JMH2,False,6077,0,0.0
A0A834LHC2,False,6078,0,0.0
A0A4U0WWK4,False,6079,0,0.0
E3LGT8,False,6080,0,0.0
A0A8U0VB85,False,6081,0,0.0
K2RWU3,False,6082,0,0.0
A0A6P3VNP4,False,6083,0,0.0
A0A3R9N5U8,False,3058,0,0.0
A0A2H6AZB2,False,6084,0,0.0
A0A0B6RSL3,False,3053,0,0.0
A0A7D3XTI1,False,6085,0,0.0
A0A511BQ34,False,6086,0,0.0
A0A1M5KGS2,False,6087,0,0.0
A0A1H1X4N1,False,3053,0,0.0
A0A841KDP9,False,6088,0,0.0
A0A0W0TL65,False,6089,0,0.0
A0A5B1M9U1,False,6090,0,0.0
A0A151C290,False,6091,0,0.0
A0A1I3FK29,False,6092,0,0.0
A0A3A8WKW3,False,6093,0,0.0
A0A931FCN1,False,6094,0,0.0
A0A840WZ08,False,6095,0,0.0
A0A6N9PYQ5,False,6096,0,0.0
A0A401HT42,False,6097,0,0.0
A0A1J0GP79,False,6098,0,0.0
W1N274,False,6099,0,0.0
A0A1R1BEX2,False,6100,0,0.0
A0A0L6JMT1,False,6101,0,0.0
A0A1M7DWD7,False,6102,0,0.0
A0A0D2Y713,False,6103,0,0.0
A0A2D1SW28,False,6104,0,0.0
Q8EPG0,False,6105,0,0.0
A0A975L8B0,False,6106,0,0.0
G0S2Z2,False,6107,0,0.0
Q83CL7,False,6108,0,0.0
A0A238Z2G9,False,6109,0,0.0
A0A139I4Q2,False,6110,0,0.0
A0A0D2GBA5,False,6111,0,0.0
A0A7K3NRR5,False,6112,0,0.0
A0A1J7J637,False,6113,0,0.0
A0A4Y1ZDT9,False,6114,0,0.0
C0BKW0,False,6115,0,0.0
A0A8H5J6W7,False,6116,0,0.0
M2MPF4,False,6117,0,0.0
A0A3M7B7K4,False,3086,0,0.0
M2UWX4,False,6118,0,0.0
T2G8Z3,False,6119,0,0.0
A0A0F0CTV2,False,6120,0,0.0
F5X5W3,False,6121,0,0.0
A0A553NH97,False,6122,0,0.0
A0A1L9SHH9,False,6123,0,0.0
A0A7M7FXZ5,False,6124,0,0.0
A0A8K0MWX9,False,6125,0,0.0
W5MBL6,False,6126,0,0.0
A0A833VRW9,False,6127,0,0.0
A0A679L0M3,False,6128,0,0.0
G2R9L6,False,6129,0,0.0
A0A6P3ET51,False,6130,0,0.0
M7PGN5,False,6131,0,0.0
M2SME5,False,6132,0,0.0
A0A1U8AA12,False,6133,0,0.0
A0A5N4CUC6,False,6134,0,0.0
A0A2S2QBK3,False,6135,0,0.0
A0A4Q4XJ99,False,6136,0,0.0
A0A2I4GIN3,False,6137,0,0.0
A0A8X7X4D5,False,6138,0,0.0
A0A8H6GM30,False,6139,0,0.0
A0A6J0LH01,False,6140,0,0.0
A0A8C5R8B1,False,6141,0,0.0
A0A1V1TNN7,False,6142,0,0.0
A0A3P8XBE3,False,6143,0,0.0
K9VTT2,False,6144,0,0.0
B4QUH3,False,6145,0,0.0
A0A915M1L0,False,6146,0,0.0
D3BFQ4,False,6147,0,0.0
A0A815WZI3,False,6148,0,0.0
A0A8B8DCC3,False,6149,0,0.0
A0A1U8KH16,False,6150,0,0.0
A0A8H4USL8,False,6151,0,0.0
A0A0E0KMF3,False,6152,0,0.0
S0EFU1,False,6153,0,0.0
A0A1Z5TH61,False,6154,0,0.0
A0A8J6EQG9,False,6155,0,0.0
M1V719,False,6156,0,0.0
A0A9D5CAG1,False,6157,0,0.0
A0A8S1MMC9,False,6158,0,0.0
A0A674D6L0,False,6159,0,0.0
A0A5J5F3V6,False,6160,0,0.0
A0A9E7EIP9,False,6161,0,0.0
A0A8U0UF19,False,6162,0,0.0
A0A5C3Q6B6,False,6163,0,0.0
A0A2C5XZF8,False,6164,0,0.0
A0A6I9QMY8,False,6165,0,0.0
A0A0T6AW18,False,6166,0,0.0
A0A3M7NDW5,False,6167,0,0.0
A0A0E0NUL5,False,6168,0,0.0
A0A914JBQ4,False,6169,0,0.0
A0A6P8UZW7,False,6170,0,0.0
A0A2S7PZN5,False,6171,0,0.0
A0A101ME51,False,6172,0,0.0
E3S7J1,False,6173,0,0.0
A0A485LL16,False,6174,0,0.0
A0A1S4CXP7,False,6175,0,0.0
A0A2D0H904,False,6176,0,0.0
A0A951PCC0,False,6177,0,0.0
C0QDU7,False,6178,0,0.0
A0A1I4MBV1,False,6179,0,0.0
A0A7K5LRY5,False,6180,0,0.0
A0A6J5EH26,False,6181,0,0.0
A0A0K0DM58,False,6182,0,0.0
A0A6G0WPQ0,False,6183,0,0.0
A0A0J6NLG2,False,6184,0,0.0
A0A074LYT1,False,6185,0,0.0
W4QKI7,False,6186,0,0.0
A0A0S3U3Z3,False,6187,0,0.0
B0CUT7,False,6188,0,0.0
A0A3R9XI91,False,6189,0,0.0
A0A8H6Y5W9,False,6190,0,0.0
A0A815FXU7,False,6191,0,0.0
R6D4P8,False,6192,0,0.0
T0M6Y8,False,6193,0,0.0
A0A7Z0EHQ2,False,6194,0,0.0
A0A925WVQ3,False,6195,0,0.0
A0A3M7MZ58,False,6196,0,0.0
A0A4S4ZU63,False,6197,0,0.0
A0A4R6ESN8,False,6198,0,0.0
A0A2K1QGV7,False,6199,0,0.0
A0A0V7ZXL0,False,6200,0,0.0
A0A8H6PLR2,False,6201,0,0.0
A0A1C7IG18,False,6202,0,0.0
A0A0K2SMZ2,False,6203,0,0.0
A0A8B7N3G3,False,6204,0,0.0
A0A371S7B1,False,6205,0,0.0
A0A0J5Q9Y7,False,6206,0,0.0
A0A4S1EAD2,False,6207,0,0.0
A0A370QK65,False,6208,0,0.0
A0A2T7BFT0,False,6209,0,0.0
A0A7L4ZHP2,False,6210,0,0.0
A0A5C2RP44,False,6211,0,0.0
A0A8H4FLM6,False,6212,0,0.0
A0A395IVA2,False,6213,0,0.0
A0A0D1X9H8,False,6214,0,0.0
A0A4Q4Y7K3,False,6215,0,0.0
A0A8H7LDS5,False,6216,0,0.0
A0A8H6T5P1,False,6217,0,0.0
A0A1U7LWT2,False,6218,0,0.0
W3XRX8,False,6219,0,0.0
A0A177D468,False,6220,0,0.0
A0A5N6Z330,False,6221,0,0.0
A0A8H5EJ80,False,6222,0,0.0
A0A3D8RMT3,False,6223,0,0.0
A0A0D1YT02,False,6224,0,0.0
H6C8K2,False,6225,0,0.0
A0A8H5AH80,False,6226,0,0.0
A0A6A3LXP6,False,6227,0,0.0
A0A8H7DEL3,False,6228,0,0.0
A0A8T1V9D2,False,6229,0,0.0
A0A0J8UAS4,False,6230,0,0.0
A0A8X6QWH5,False,6231,0,0.0
A0A3S3S705,False,6232,0,0.0
A0A1Y1UPC4,False,6233,0,0.0
A0A161ZJT9,False,6234,0,0.0
A0A1U8EN50,False,6235,0,0.0
A0A2B7WS70,False,6236,0,0.0
H3BFD4,False,6237,0,0.0
A0A3Q2VDB2,False,6238,0,0.0
R7TE75,False,6239,0,0.0
A0A1Y2FIU0,False,6240,0,0.0
A0A813X3L0,False,6241,0,0.0
A0A2A2L575,False,6242,0,0.0
A0A2D3VFB0,False,6243,0,0.0
A0A4V3XG04,False,6244,0,0.0
A0A8S1MKX3,False,6245,0,0.0
B4GJY0,False,6246,0,0.0
A0A8C5JYP6,False,6247,0,0.0
A0A8V1ANC0,False,6248,0,0.0
A0A0Q8LQI1,False,6249,0,0.0
A0A5N6KNW9,False,6250,0,0.0
A0A8S0Q5T6,False,6251,0,0.0
G8PEU7,False,6252,0,0.0
A0A4Q2U570,False,6253,0,0.0
A0A1R1LLK7,False,6254,0,0.0
A0A3B6ER65,False,6255,0,0.0
A0A2N7W3J8,False,6256,0,0.0
A0A2T7TLB8,False,6257,0,0.0
T1DWD4,False,6258,0,0.0
A0A7I8L4Q3,False,6259,0,0.0
A0A923Q9Y0,False,6260,0,0.0
A0A098C209,False,6261,0,0.0
A0A1I6J6Z5,False,6262,0,0.0
A0A1G6H744,False,6263,0,0.0
A0A8C3JC72,False,6264,0,0.0
A0A7N6AIV9,False,6265,0,0.0
A0A5B0NMA9,False,6266,0,0.0
A0A2H3P6B8,False,6267,0,0.0
A0A6Q2WUI3,False,6268,0,0.0
E5A6I2,False,6269,0,0.0
A0A8C7IN34,False,6270,0,0.0
A0A177YLQ7,False,6271,0,0.0
A0A0P7BMK1,False,6272,0,0.0
A0A673ZI18,False,6273,0,0.0
A0A8H6WR56,False,6274,0,0.0
A0A2Y9NVQ9,False,6275,0,0.0
A0A7M3S268,False,6276,0,0.0
A0A0V0TVS9,False,6277,0,0.0
A0A0D2D6N3,False,6278,0,0.0
A0A4W6EJY1,False,6279,0,0.0
S3CI81,False,6280,0,0.0
A0A8H8TV31,False,6281,0,0.0
A0A411E8Z7,False,6282,0,0.0
A0A6P8SWI9,False,6283,0,0.0
A0A1L9R7R2,False,6284,0,0.0
A0A7L2D9G6,False,6285,0,0.0
A0A2P4XWJ8,False,6286,0,0.0
A0A8C9C2D5,False,6287,0,0.0
A0A0C9WDU6,False,6288,0,0.0
A0A7W7ZAM7,False,6289,0,0.0
A0A914GFU8,False,6290,0,0.0
A0A1C1C8R5,False,6291,0,0.0
E4V5W9,False,6292,0,0.0
A0A7N5J9Z8,False,6293,0,0.0
A0A0M8WPI1,False,6294,0,0.0
A0A8J5TAM3,False,6295,0,0.0
A0A7W3QLQ6,False,6296,0,0.0
A0A0A2VNL5,False,6297,0,0.0
J3N2V0,False,6298,0,0.0
A0A5N6JMN7,False,6299,0,0.0
M4F5T2,False,6300,0,0.0
A0A3P7I0Q3,False,6301,0,0.0
A0A9D3SB35,False,6302,0,0.0
A0A5A7R3L6,False,6303,0,0.0
A0A3P8VGN7,False,6304,0,0.0
A0A7K4KP93,False,6305,0,0.0
A0A0M3QWS7,False,6306,0,0.0
A0A257LDU3,False,6307,0,0.0
A0A6J0CR26,False,6308,0,0.0
A0A8B8MQT3,False,6309,0,0.0
A0A813TTV8,False,6310,0,0.0
B8BN38,False,6311,0,0.0
I3MMK8,False,6312,0,0.0
U3KBP3,False,6313,0,0.0
B9RD13,False,6314,0,0.0
A0A8C8EVR4,False,6315,0,0.0
A0A673JLR8,False,6316,0,0.0
A0A7L3IGJ2,False,3314,0,0.0
A0A8C5I4B4,False,6317,0,0.0
A0A6J2WGY2,False,6318,0,0.0
A0A674HGV2,False,6319,0,0.0
A0A8C6U8V5,False,6320,0,0.0
A0A7L1XU83,False,6321,0,0.0
A0A3P8YHH2,False,6322,0,0.0
A0A7L4D0N9,False,6323,0,0.0
A0A6P3Q5L9,False,6324,0,0.0
A0A8B9NI11,False,6325,0,0.0
A0A4D9ELK5,False,6326,0,0.0
A0A0V1LN36,False,6327,0,0.0
A0A669DAA4,False,6328,0,0.0
A0A8C5E8P1,False,6329,0,0.0
A0A8C5DNF9,False,6330,0,0.0
A0A366IQI0,False,6331,0,0.0
A0A286GF47,False,3328,0,0.0
A0A2A3CFR5,False,3327,0,0.0
A0A2S4Y0J6,False,3334,0,0.0
A0A917RHB9,False,6332,0,0.0
A0A0L6TG75,False,6333,0,0.0
A0A6B3SSC0,False,6334,0,0.0
A0A927I2G1,False,3328,0,0.0
W4LA35,False,6335,0,0.0
A0A1Y6C4F6,False,6336,0,0.0
F9WGN7,False,6337,0,0.0
A0A445M4A4,False,6338,0,0.0
A0A8R1XK67,False,6339,0,0.0
A0A8T0TBI4,False,6340,0,0.0
A0A7K8I7W9,False,6341,0,0.0
A0A6J2Y371,False,6342,0,0.0
A0A9C6X5E5,False,6343,0,0.0
A0A811MPF2,False,6344,0,0.0
A0A2R9C8F3,False,6345,0,0.0
B4KLQ0,False,6346,0,0.0
I1KWM4,False,6347,0,0.0
A0A165UC35,False,6348,0,0.0
A0A8C5FNC4,False,6349,0,0.0
A0A7R7ZLU4,False,6350,0,0.0
F7VX11,False,6351,0,0.0
K2RNW2,False,6352,0,0.0
A0A2G4SI89,False,6353,0,0.0
K7K7E6,False,6354,0,0.0
A0A851CGJ3,False,6355,0,0.0
A0A9B0TI89,False,6356,0,0.0
A0A8T9SDP8,False,6357,0,0.0
A0A4R0P057,False,6358,0,0.0
A0A1S3Y3E4,False,6359,0,0.0
A0A562UVE6,False,6360,0,0.0
A0A1Y1HPJ7,False,6361,0,0.0
A0A7J9EFP0,False,6362,0,0.0
A0A5N5HZQ6,False,6363,0,0.0
A0A545UK63,False,6364,0,0.0
A0A1S3XLQ5,False,6365,0,0.0
A0A0S3T8T4,False,6366,0,0.0
A0A926N361,False,6367,0,0.0
A0A5C7ILN0,False,6368,0,0.0
A0A5P9GR74,False,6369,0,0.0
B9H2Z9,False,6370,0,0.0
A0A2P6P961,False,6371,0,0.0
A0A0U2WG88,False,6372,0,0.0
A0A4R4Y2G0,False,6373,0,0.0
A5CUD3,False,6374,0,0.0
A0A1H4TP22,False,6375,0,0.0
A0A0Q8V560,False,6376,0,0.0
E2Q6A6,False,6377,0,0.0
A0A1C4SWD4,False,6378,0,0.0
A0A4R5CTC4,False,6379,0,0.0
F2R6S9,False,6380,0,0.0
A0A1X4HW64,False,6381,0,0.0
A0A1E5PE92,False,6382,0,0.0
A0A5S4HHX9,False,6383,0,0.0
A0A934U1V6,False,6384,0,0.0
A0A1Q4YCH4,False,6385,0,0.0
A0A089XKC6,False,6386,0,0.0
A0A4R2I877,False,6387,0,0.0
A0A0F0HKL8,False,6388,0,0.0
A0A8C7WR31,False,6389,0,0.0
A0A8C9GPD3,False,6390,0,0.0
A0A3S1BSC6,False,6391,0,0.0
W9QDE9,False,6392,0,0.0
A0A8H4RS00,False,6393,0,0.0
A0A1S3A3F9,False,6394,0,0.0
A0A7L1VRV9,False,6395,0,0.0
A0A2U4A3F1,False,6396,0,0.0
A0A1D3TML8,False,6397,0,0.0
A0A0E0DHW9,False,6398,0,0.0
A0A1X7U8D0,False,6399,0,0.0
A0A915PP98,False,6400,0,0.0
A0A0C9MKJ2,False,6401,0,0.0
A0A5E4CSF7,False,6402,0,0.0
A0A084QN47,False,6403,0,0.0
A0A3L6QA25,False,6404,0,0.0
A0A8H7C125,False,6405,0,0.0
A0A565CCF6,False,6406,0,0.0
R9AA05,False,6407,0,0.0
A0A4Q4YGS9,False,6408,0,0.0
X0CDH4,False,6409,0,0.0
A0A1Y1UCH7,False,6410,0,0.0
A0A671SQ07,False,6411,0,0.0
A0A8H7P0V0,False,6412,0,0.0
A0A2U9C9G8,False,6394,0,0.0
Q7RQA4,False,6413,0,0.0
J5JVL2,False,6414,0,0.0
A0A367KXZ3,False,6415,0,0.0
A0A341AFU5,False,6416,0,0.0
I4Y7C2,False,6417,0,0.0
A0A3Q3H2C8,False,6418,0,0.0
A0A6P6CUB3,False,6419,0,0.0
A0A8I6WX02,False,6420,0,0.0
B4FKG5,False,6421,0,0.0
A0A5A7PPC5,False,6422,0,0.0
A0A834LC70,False,6423,0,0.0
A0A022QTT8,False,6424,0,0.0
A0A811R2B5,False,6425,0,0.0
A0A4S8K7L7,False,6426,0,0.0
A0A843UPF4,False,6427,0,0.0
A0A8B8QC37,False,6428,0,0.0
A0A1B6PBD9,False,6429,0,0.0
A0A3B6EQP0,False,6430,0,0.0
A0A3B6H3P0,False,6431,0,0.0
A0A8B9ALV3,False,6432,0,0.0
A0A2C9WGH2,False,6433,0,0.0
A0A9D4UZ87,False,6434,0,0.0
A0A2C9WHD1,False,6435,0,0.0
A0A6J1DFD1,False,6436,0,0.0
A0A453GTF4,False,6437,0,0.0
A0A7J0GGK9,False,6438,0,0.0
A0A453GTA8,False,6439,0,0.0
A0A8I7BB79,False,6440,0,0.0
A0A8J5GK83,False,6441,0,0.0
M1A8I5,False,6442,0,0.0
A0A2C9WHM2,False,6443,0,0.0
A0A445F6A3,False,6444,0,0.0
A0A0D9VAN5,False,6445,0,0.0
C5YGE3,False,6446,0,0.0
A0A1E5V9H4,False,6447,0,0.0
A0A8T2RT16,False,6448,0,0.0
A0A3B6B0N8,False,6449,0,0.0
A0A8T0CU73,False,6450,0,0.0
A0A444XUG3,False,6451,0,0.0
A0A2C9WF05,False,6452,0,0.0
A0A0E0CD71,False,6453,0,0.0
A0A428J4H9,False,6454,0,0.0
A0A5P9HKU7,False,6455,0,0.0
A0A263BR29,False,6456,0,0.0
A0A2C1K606,False,6457,0,0.0
A0A0M0LI45,False,6458,0,0.0
Q65K91,False,6459,0,0.0
A0A073KFA8,False,6457,0,0.0
A0A4R1QFF3,False,6456,0,0.0
Q819J2,False,6460,0,0.0
A0A926NIR2,False,6461,0,0.0
A0A940NPU8,False,6462,0,0.0
A0A179SZT1,False,6458,0,0.0
A0A176J8S2,False,6463,0,0.0
A0A0V8J8V9,False,6464,0,0.0
A0A7W0BTW5,False,6456,0,0.0
Q5L148,False,6465,0,0.0
A0A7X2LYP4,False,6458,0,0.0
A0A4R6UGH6,False,6462,0,0.0
K8EL44,False,6466,0,0.0
A0A233RC38,False,6467,0,0.0
W9DQ76,False,6468,0,0.0
A0A2T0LQH2,False,6469,0,0.0
A0A8J7IHP9,False,6470,0,0.0
A0A090IR81,False,6471,0,0.0
A0A8J3QPG0,False,6472,0,0.0
L8M4G0,False,6473,0,0.0
A0A2W0H9X4,False,6474,0,0.0
A0A0D1KCT0,False,6475,0,0.0
A0A1B9N655,False,6476,0,0.0
A0A5N8V3S9,False,6477,0,0.0
A0A285R8Y3,False,6478,0,0.0
A0A4R5BUP4,False,6479,0,0.0
A0A2I5TEE9,False,6480,0,0.0
S7X8A2,False,6481,0,0.0
A0A1N6KBK5,False,6482,0,0.0
A0A0U1NM66,False,6483,0,0.0
A0A561UL95,False,6484,0,0.0
D7B1Y6,False,6485,0,0.0
A0A0B7GQ85,False,6486,0,0.0
A0A1N6URR0,False,6487,0,0.0
A0A3S8U251,False,6488,0,0.0
A0A6N8IP54,False,6489,0,0.0
A0A7R6PHM7,False,6490,0,0.0
G7LYN2,False,6491,0,0.0
A0A2N3Q183,False,6492,0,0.0
A0A7G5ZE60,False,6493,0,0.0
A0A1S2LR34,False,6494,0,0.0
A0A0N8HBF2,False,6495,0,0.0
A0A8J7MDJ1,False,6496,0,0.0
A0A5C4U429,False,6497,0,0.0
U5T4E6,False,6498,0,0.0
A0A565APH5,False,6499,0,0.0
A0A2R6PL06,False,6500,0,0.0
A0A6J1Q5F4,False,6501,0,0.0
A0A7J8MWK5,False,6502,0,0.0
C1E3G7,False,6503,0,0.0
A0A1I5VGQ9,False,6504,0,0.0
A0A6P6TGL0,False,6505,0,0.0
B2HFI0,False,6506,0,0.0
A0A2U9T3T6,False,6507,0,0.0
A0A384CM59,False,6508,0,0.0
A0A5P9CP62,False,6509,0,0.0
A0A178ZJE7,False,6510,0,0.0
A0A940X336,False,6511,0,0.0
A0A8C3W9J0,False,6512,0,0.0
A0A7I7Y2L2,False,6513,0,0.0
C5Y9L4,False,6514,0,0.0
A0A011PBQ1,False,6515,0,0.0
A0A7K9MEI0,False,6516,0,0.0
A0A6M2BLY0,False,6517,0,0.0
A0A090LZU8,False,6518,0,0.0
A0A5D3CTJ4,False,6519,0,0.0
A0A0F5FGK2,False,6520,0,0.0
A0A2K1WQE8,False,6521,0,0.0
A0A1B8EK03,False,6522,0,0.0
A0A6A3CZD0,False,6523,0,0.0
A0A0K0IK40,False,6524,0,0.0
A0A5E4FLQ3,False,6525,0,0.0
A0A1Y2C5Q7,False,6526,0,0.0
A0A0S7BC88,False,6527,0,0.0
G1TDP9,False,6528,0,0.0
A0A7J0DTB4,False,6529,0,0.0
A0A098EM23,False,6530,0,0.0
A0A0Q3KW47,False,6531,0,0.0
A0A671SEH1,False,6532,0,0.0
A0A7N2RA42,False,6533,0,0.0
A0A0B8NWG0,False,6534,0,0.0
K9RW88,False,6535,0,0.0
A0A2Z2KM98,False,6536,0,0.0
H3GS99,False,6537,0,0.0
A0A2I0SEC1,False,6538,0,0.0
A0A1Q8QXW7,False,6539,0,0.0
A0A1I5S1U2,False,6540,0,0.0
A0A5Q3H6T1,False,6541,0,0.0
A0A452SBV6,False,6542,0,0.0
A0A6P1TK03,False,6543,0,0.0
A0A804MZ30,False,6544,0,0.0
A0A8T2SUY1,False,6545,0,0.0
A0A7K8V1L6,False,6546,0,0.0
F4CVN2,False,6547,0,0.0
A0A5Q0LDI0,False,6548,0,0.0
Q2FT25,False,6549,0,0.0
A0A2H3HZZ4,False,6550,0,0.0
A0A4V0YDG2,False,6551,0,0.0
A0A9W3CPX5,False,6552,0,0.0
A0A176W8F8,False,6553,0,0.0
A0A2S6C613,False,6554,0,0.0
A0A0Q5QXT4,False,6555,0,0.0
A0A4R2JLP0,False,6556,0,0.0
A0A6A3X1L5,False,6557,0,0.0
A0A2I0ID18,False,6558,0,0.0
A0A8X8C2C7,False,6559,0,0.0
A0A4R6J4S9,False,6560,0,0.0
A0A5N5JAC0,False,6561,0,0.0
A0A250XIH2,False,6562,0,0.0
S3B6B5,False,6563,0,0.0
N2A9Z7,False,6564,0,0.0
A0A453R5Q3,False,6565,0,0.0
A5E4G6,False,6566,0,0.0
G8S7B7,False,6567,0,0.0
A0A094HH30,False,6568,0,0.0
A0A0H2RJ91,False,6569,0,0.0
A0A011PTA3,False,6570,0,0.0
A0A8J5KR63,False,6571,0,0.0
A0A6P6II05,False,6572,0,0.0
D0NUD6,False,6573,0,0.0
A0A395RIC3,False,6574,0,0.0
A0A653WS60,False,6575,0,0.0
A0A1G6WZJ9,False,6576,0,0.0
A0A917J4G0,False,6577,0,0.0
F0Z3K6,False,6578,0,0.0
A0A117RTP6,False,6579,0,0.0
A0A562IX55,False,6580,0,0.0
A0A098M5B0,False,6581,0,0.0
A0A5B8Z0L1,False,6582,0,0.0
A0A1T5LAI9,False,6583,0,0.0
A0A2G4F098,False,6584,0,0.0
A0A7Y5KLK2,False,6585,0,0.0
K9RPX3,False,6586,0,0.0
A0A512L9H5,False,6587,0,0.0
A0A1G9HBU5,False,6588,0,0.0
A0A1M6REE8,False,6589,0,0.0
A0A1V0RSW8,False,6590,0,0.0
Q67M99,False,6591,0,0.0
A0A9E7UA47,False,6592,0,0.0
A0A0M8SMQ1,False,6593,0,0.0
A0A0K0GAX5,False,6594,0,0.0
A0A1B3XPT1,False,6595,0,0.0
D3SW69,False,6596,0,0.0
A0A925ZIP0,False,6597,0,0.0
T0RAK4,False,6598,0,0.0
A0A6I1MNB6,False,6599,0,0.0
A0A1H9HWN9,False,6600,0,0.0
A0A934S1C4,False,6601,0,0.0
A0A501WZB0,False,6602,0,0.0
J1E877,False,6603,0,0.0
H2J3E2,False,6604,0,0.0
A0A2N0ZI60,False,6605,0,0.0
A0A1W1VME6,False,6606,0,0.0
A0A5C8JS79,False,6607,0,0.0
A0A1V0TXN8,False,6608,0,0.0
A0A3M0I7G0,False,6609,0,0.0
A0A1C5JMQ2,False,6610,0,0.0
U1JRH8,False,6611,0,0.0
A0A9J6QZ75,False,6612,0,0.0
A0A927CAA8,False,6613,0,0.0
A0A1H9FX95,False,6614,0,0.0
A0A124EGI9,False,6615,0,0.0
A0A091D2H8,False,6616,0,0.0
A0A1Y5SYP3,False,6617,0,0.0
C9QHT3,False,6618,0,0.0
A0A6J0GZB4,False,6619,0,0.0
M3ZWJ2,False,6620,0,0.0
A0A517SG13,False,6621,0,0.0
A0A1X0NJG3,False,6622,0,0.0
A0A1S3PG98,False,6623,0,0.0
A0A926F8S7,False,6624,0,0.0
A0A3M0IFJ1,False,6625,0,0.0
A0A975H179,False,6626,0,0.0
A0A8C6YAH1,False,6627,0,0.0
A0A0P9CL66,False,6628,0,0.0
Q6F958,False,6629,0,0.0
A0A5K4F0I9,False,6630,0,0.0
A0A5C5W1K6,False,6631,0,0.0
A0A0C2JBM7,False,6632,0,0.0
G3NTA6,False,6633,0,0.0
A0A673XAP3,False,6634,0,0.0
A0A7J7QYM8,False,6635,0,0.0
S0L5B1,False,6636,0,0.0
A0A6P5JTC2,False,6637,0,0.0
A0A7L0LAL6,False,6638,0,0.0
A0A7Y9EWB9,False,6639,0,0.0
A0A7L3X291,False,6640,0,0.0
G5BEI9,False,6641,0,0.0
A0A667ZNK3,False,6642,0,0.0
A0A667GS59,False,6643,0,0.0
M4ANI2,False,6644,0,0.0
A0A4R2FIK9,False,6645,0,0.0
A0A226MVB6,False,6646,0,0.0
A0A944KNG2,False,6647,0,0.0
A0A8C7JEI9,False,6648,0,0.0
A0A2T0Q6F1,False,6649,0,0.0
A0A9E7EEZ6,False,6650,0,0.0
A0A7K9MUS7,False,6651,0,0.0
F9D6V7,False,6636,0,1.0
A0A1M6D7E6,False,6652,0,0.0
A0A2W2LPW5,False,6653,0,0.0
A0A512DCJ6,False,6654,0,0.0
A0A6A9US37,False,6655,0,0.0
A0A919S472,False,6656,0,0.0
A0A554A292,False,6657,0,0.0
A0A923E847,False,6658,0,0.0
A0A6L5ENN4,False,6659,0,0.0
A0A0Q7QIP4,False,6660,0,0.0
A0A0K2ASA0,False,6661,0,0.0
A0A975IXM7,False,6662,0,0.0
A0A514K171,False,6663,0,0.0
A0A7G9RHA2,False,6664,0,0.0
A0A1G7ENI6,False,6665,0,0.0
A0A084JHP4,False,6666,0,0.0
I3E2Y2,False,6667,0,0.0
A0A4P6KGJ7,False,6668,0,0.0
M0QHN2,False,6669,0,0.0
F0Z3L7,False,6670,0,0.0
A0A410DWF1,False,6671,0,0.0
A0A3M0I7T9,False,6672,0,0.0
A0A1C1YVC5,False,6673,0,0.0
A0A415X8B2,False,6665,0,1.0
A0A0L6JUE6,False,6674,0,0.0
A0A1B8W3J0,False,6675,0,0.0
S0FTX9,False,6676,0,0.0
A0A923KPG5,False,6677,0,0.0
A0A1K1LPY2,False,6678,0,0.0
A0A418UUP0,False,6679,0,0.0
A0A0X3XP29,False,6680,0,0.0
A0A6B3AB92,False,6681,0,0.0
M3ELS5,False,6682,0,0.0
A0A1M5AW36,False,6683,0,0.0
A0A940P9V2,False,6684,0,0.0
A0A251XHF3,False,6685,0,0.0
A0A7W8AF88,False,6686,0,0.0
A0A1Q2HW43,False,6687,0,0.0
A0A5C4W4V7,False,6688,0,0.0
A0A7T5EWM6,False,6689,0,0.0
A0A0D1Y0E2,False,6690,0,0.0
A0A0F2C653,False,6691,0,0.0
A0A343JAK6,False,6692,0,0.0
A0A496AMV9,False,6693,0,0.0
A0A3E3I774,False,6694,0,0.0
A0A7W8HAU2,False,6695,0,0.0
A0A1G7QJ06,False,6696,0,0.0
A0A1M6ILN2,False,6697,0,0.0
D4MSK7,False,6698,0,0.0
M1Z2H2,False,6699,0,0.0
R2T5J7,False,6700,0,0.0
A0A2H5B2X2,False,6701,0,0.0
A0A6A7K4H0,False,6702,0,0.0
E0QSJ5,False,6703,0,0.0
A0A0J1GE68,False,6704,0,0.0
G8QW47,False,6706,0,0.0
W7UGG5,False,6707,0,0.0
A0A5C5YFM0,False,6708,0,0.0
A0A3N1XHZ9,False,6709,0,0.0
A0A1U6J2H0,False,6709,0,1.0
A0A5B1CQX2,False,6710,0,0.0
N1ZYU9,False,6711,0,0.0
A0A1N7K0U3,False,6712,0,0.0
A0A099S3X4,False,6694,0,1.0
A0A4R1ME94,False,6714,0,0.0
A0A096DJ39,False,6715,0,0.0
A0A517STU1,False,6716,0,0.0
A0A7X2H6M2,False,6692,0,1.0
A0A0C1U3X4,False,6717,0,0.0
R9ILL5,False,6718,0,0.0
A0A5D0CS28,False,6703,0,1.0
G5F4T0,False,6719,0,0.0
A0A397R030,False,6720,0,0.0
A0A5S5BU14,False,6721,0,0.0
C5BXR4,False,6722,0,0.0
A0A918AMH4,False,6723,0,0.0
A0A7K0C6Q2,False,6724,0,0.0
A0A369BNM0,False,6725,0,0.0
A0A8J3PK92,False,6726,0,0.0
A0A4V2Q083,False,6727,0,0.0
A0A1I2DFH3,False,6728,0,0.0
A0A1B2HJ26,False,6729,0,0.0
A0A0B0D922,False,6730,0,0.0
A0A2T6BXA5,False,6731,0,0.0
A0A495Y272,False,6732,0,0.0
A0A8J8MLS1,False,6733,0,0.0
A0A559JL86,False,6734,0,0.0
A0A2T1C913,False,6735,0,0.0
G8S851,False,6736,0,0.0
A0A1R1CD93,False,6737,0,0.0
D2BF14,False,6738,0,0.0
A0A940SVH7,False,6739,0,0.0
A0A8J7E635,False,6740,0,0.0
A0A7G1P961,False,6741,0,0.0
L7EUW9,False,6742,0,0.0
A0A1H7XYT0,False,6743,0,0.0
A0A0N8GHC9,False,6744,0,0.0
A0A6P2C7D7,False,6745,0,0.0
A7NKA0,False,6746,0,0.0
A0A239LH95,False,6747,0,0.0
A0A098MCG6,False,6748,0,0.0
A0A077ATT9,False,6749,0,0.0
A0A942L0Q7,False,6750,0,0.0
A0A0Q4R4U6,False,6751,0,0.0
A0A074M7J7,False,6752,0,0.0
H8MUL3,False,6753,0,0.0
A0A916VL95,False,6754,0,0.0
A0A172TPW8,False,6755,0,0.0
A0A1W1VLB6,False,6756,0,0.0
R9PEK8,False,6757,0,0.0
A0A2R5GV97,False,6758,0,0.0
A0A2R6PFL8,False,6759,0,0.0
A0A7K8QJC6,False,6760,0,0.0
A0A2Z6NEB5,False,6761,0,0.0
A0A452Y6Y4,False,6762,0,0.0
A0A8J6CIC1,False,6763,0,0.0
A0A7K7BC83,False,6764,0,0.0
A0A3S4NL96,False,6765,0,0.0
A0A059LIF1,False,6766,0,0.0
A0A540NME8,False,6767,0,0.0
W2QV54,False,6768,0,0.0
A0A5D2ZIE5,False,6769,0,0.0
A0A7R9MJ38,False,6770,0,0.0
A0A6A2YN62,False,6771,0,0.0
A0A8J5HHF8,False,6772,0,0.0
A0A8S9KIP6,False,6773,0,0.0
A0A0D1Y745,False,6774,0,0.0
A0A445AGB6,False,6775,0,0.0
A0A8B8MNC2,False,6776,0,0.0
A0A9R1V887,False,6777,0,0.0
A0A6A1W171,False,6778,0,0.0
G1TCM8,False,6779,0,0.0
A0A183K609,False,6780,0,0.0
A0A3L6SM03,False,6781,0,0.0
A0A059JAQ5,False,6782,0,0.0
A0A3B6B2Q1,False,6783,0,0.0
A0A2K1XBB0,False,6784,0,0.0
A0A8J5CQ49,False,6785,0,0.0
A0A2U1NS30,False,6786,0,0.0
A0A1E5W4G5,False,6787,0,0.0
A0A2A3EMK8,False,6788,0,0.0
A0A084FZ90,False,6789,0,0.0
F6XWY6,False,6790,0,0.0
A0A5E4A3X1,False,6791,0,0.0
A0A817F4N7,False,6792,0,0.0
D7TRK9,False,6793,0,0.0
F4PA73,False,6794,0,0.0
A0A6P4AE46,False,6795,0,0.0
A0A8J4RWJ3,False,6796,0,0.0
A0A9R0IZV1,False,6797,0,0.0
A0A4S8JCQ3,False,6798,0,0.0
A0A199W7B4,False,6799,0,0.0
A0A5J5BL26,False,6800,0,0.0
A0A7N0V2X1,False,6801,0,0.0
A0A0E0AV07,False,6802,0,0.0
A0A068UVR7,False,6803,0,0.0
A0A2P6VIF8,False,6804,0,0.0
A0A078GDF2,False,6805,0,0.0
A0A0E0LUM4,False,6806,0,0.0
A0A444Z2Z1,False,6807,0,0.0
A0A2G3A1I3,False,6808,0,0.0
A0A1U7ZR31,False,6809,0,0.0
A0A314YC60,False,6810,0,0.0
A0A5J9T6N1,False,6798,0,0.0
A0A1S3YBC4,False,6811,0,0.0
A0A9J6A0Q6,False,6812,0,0.0
A0A6A4L2B0,False,6813,0,0.0
A0A7J8RU69,False,6814,0,0.0
A0A1R3JTT4,False,6815,0,0.0
A0A2G5CW18,False,6816,0,0.0
A0A6A6MQC9,False,6817,0,0.0
A0A059LSI8,False,6818,0,0.0
A0A7J7MYH3,False,6819,0,0.0
A0A4Y7JL62,False,6820,0,0.0
A0A8B8LCT5,False,6821,0,0.0
A0A6G1CFY1,False,6822,0,0.0
A0A7J7HZ06,False,6823,0,0.0
A0A176VC15,False,6824,0,0.0
A0A445L1D6,False,6825,0,0.0
A0A6J0N4Y2,False,6826,0,0.0
D7LRF0,False,6827,0,0.0
A0A6J0JP84,False,6828,0,0.0
A0A1U7ZR84,False,6829,0,0.0
A0A4U6W688,False,6830,0,0.0
A0A0D3H5X2,False,6831,0,0.0
A0A0D3DDQ1,False,6832,0,0.0
M5WQV1,False,6833,0,0.0
A0A5J9T6T7,False,6834,0,0.0
A0A453FZI4,False,6835,0,0.0
A0A078GFL0,False,6836,0,0.0
A0A383WLM4,False,6837,0,0.0
I1JZR0,False,6838,0,0.0
A0A4P1RWY0,False,6839,0,0.0
A0A6J1E3M4,False,6840,0,0.0
A0A835WIE6,False,6841,0,0.0
A0A251PFY7,False,6842,0,0.0
A0A1Z5RLJ6,False,6843,0,0.0
A0A0E0LD25,False,6844,0,0.0
A0A0E0II92,False,6845,0,0.0
A0A8S4H2H1,False,6846,0,0.0
A0A8J4RUR8,False,6847,0,0.0
A0A835BVH3,False,6848,0,0.0
A0A6J1AFE3,False,6849,0,0.0
A0A8T0TKV7,False,6850,0,0.0
A0A250XQU5,False,6851,0,0.0
A0A8T3BP97,False,6852,0,0.0
A0A8T0JE30,False,6853,0,0.0
A0A8J5T5X4,False,6854,0,0.0
A0A8X7V7F7,False,6855,0,0.0
A0A8X8ATX8,False,6856,0,0.0
A0A1S4A565,False,6857,0,0.0
A0A5D3A658,False,6858,0,0.0
A0A445GJV1,False,6859,0,0.0
A0A1J6IJ53,False,6860,0,0.0
A0A2K3P6D3,False,6861,0,0.0
A0A5C7H1B6,False,6862,0,0.0
A0A2P6RXZ4,False,6863,0,0.0
A0A453QT35,False,6864,0,0.0
A0A8J5HBL3,False,6865,0,0.0
A0A7J0D926,False,6866,0,0.0
A0A453QS81,False,6867,0,0.0
A0A834HB33,False,6868,0,0.0
A0A7J7G6E7,False,6869,0,0.0
A0A1U8NUC3,False,6870,0,0.0
A0A8T0QCD5,False,6871,0,0.0
A0A835D439,False,6872,0,0.0
A0A2I4H7G3,False,6873,0,0.0
A0A833VL37,False,6874,0,0.0
A0A087GZ49,False,6875,0,0.0
A0A3L6RAM4,False,6876,0,0.0
B9GL97,False,6877,0,0.0
A0A5N6RFM0,False,6878,0,0.0
A0A151QZK4,False,6879,0,0.0
M4CT91,False,6880,0,0.0
A0A2P5Y1D3,False,6881,0,0.0
A0A9D5BI00,False,6882,0,0.0
A0A2P6SNP7,False,6883,0,0.0
A0A8J5YEN6,False,6884,0,0.0
M1AW36,False,6885,0,0.0
A0A3Q0EWJ1,False,6886,0,0.0
A0A811S9X9,False,6887,0,0.0
A0A453QS39,False,6888,0,0.0
A0A3Q7HWH9,False,6889,0,0.0
A0A5D2XIW9,False,6890,0,0.0
I2GAD5,False,6891,0,1.0
A0A0G4DHW8,False,6891,0,2.0
A0A410JAQ1,False,6892,0,0.0
A0A8J2AKE4,False,6893,0,0.0
A0A3A9K4E5,False,6894,0,0.0
A0A929FYP4,False,6895,0,0.0
A0A8S0Y5R5,False,6896,0,0.0
A0A162MAP7,False,6897,0,0.0
A0A3E3JYW7,False,6898,0,0.0
A0A6A8DHG2,False,6899,0,0.0
J0NHJ7,False,6900,0,0.0
A0A139H998,False,6901,0,0.0
A0A0P1AXD1,False,6902,0,0.0
A0A366IHG2,False,6903,0,0.0
A0A5R9FBS2,False,6904,0,0.0
A0A9K3KNZ0,False,6905,0,0.0
A0A3R6W2S6,False,6906,0,0.0
A0A941GX43,False,6907,0,0.0
C5LKW4,False,6908,0,0.0
A0A850HFF5,False,6909,0,0.0
V9FZ46,False,6910,0,0.0
A0A1Q4VW46,False,6911,0,0.0
A0A143Y4A8,False,6912,0,0.0
A0A1N7MEQ4,False,6913,0,0.0
A0A7W0HM61,False,6914,0,0.0
A0A1M6P2M1,False,6915,0,0.0
A0A841RCZ8,False,6916,0,0.0
A2BLL1,False,6917,0,0.0
A0A1G7RLV5,False,6918,0,0.0
K9TRD5,False,6919,0,0.0
A0A5J4Z3D9,False,6920,0,0.0
K6DBC5,False,6921,0,0.0
A0A2P8W5X4,False,6922,0,0.0
S0IRR6,False,6923,0,0.0
A0A163IWS8,False,6924,0,0.0
A0A927IFU7,False,6925,0,0.0
A0A0C2FDW3,False,6926,0,0.0
A0A369XYI4,False,6927,0,0.0
A0A024FYF3,False,6928,0,0.0
A0A0U2WL74,False,6929,0,0.0
A0A513PVW6,False,6930,0,0.0
A0A0K1LHL2,False,6931,0,0.0
A0A7G2A2Q8,False,6932,0,0.0
A0A076V8I4,False,6934,0,0.0
A0A515L4M5,False,6933,0,1.0
A0A3E2YHB2,False,6935,0,0.0
A0A0Q8UZJ1,False,6936,0,0.0
A0A0U1PRX3,False,6937,0,0.0
A0A0Q5NDE0,False,6938,0,0.0
U1MRW1,False,6939,0,0.0
A0A4Y9PWV0,False,6940,0,0.0
A0A919ZRC7,False,6941,0,0.0
A0A852SPK2,False,6942,0,0.0
A0A1T5JDF2,False,6943,0,0.0
A0A1G9DFA9,False,6944,0,0.0
A0A7J5C271,False,6945,0,0.0
A0A164BH16,False,6946,0,0.0
A0A6I2F708,False,6947,0,0.0
A0A2S0UG49,False,6948,0,0.0
A0A6B2XIZ1,False,6949,0,0.0
Q5L2C6,False,6950,0,0.0
A0A1G6HDC4,False,6951,0,0.0
A0A147E8A3,False,6952,0,0.0
A0A0M2T238,False,6953,0,0.0
A0A087BHE8,False,6954,0,0.0
A0A317PLN8,False,6955,0,0.0
Q8NRH1,False,6956,0,0.0
A0A7G5ZLT6,False,6957,0,0.0
A0A4Q2MAW6,False,6958,0,0.0
A0A150H5R1,False,6959,0,0.0
A0A4Y9PVZ8,False,6946,0,0.0
A0A1I2FGU6,False,6960,0,0.0
A0A1X7FKW5,False,6961,0,0.0
A0A542E089,False,6962,0,0.0
A0A430F7D9,False,6963,0,0.0
A3TP68,False,6964,0,0.0
A0A5C4Y0U8,False,6965,0,0.0
A0A6N4VBG1,False,6966,0,0.0
A0A1M6KQT6,False,6967,0,0.0
A0A8J6MTC9,False,6968,0,0.0
A0A4R3Z620,False,6969,0,0.0
A0A1V4SKK0,False,6970,0,0.0
A0A143BH72,False,6971,0,0.0
A0A1Y4L5V7,False,6972,0,0.0
A0A7G9RX42,False,6973,0,0.0
A0A412AWN7,False,6974,0,0.0
A0A4Y9J5N2,False,6975,0,0.0
A0A1I1CA16,False,6976,0,0.0
A0A1Y4NSG5,False,6977,0,0.0
A0A949WQA8,False,6978,0,0.0
A0A0K8J5H6,False,6979,0,0.0
A0A5Q3L629,False,6980,0,0.0
A0A839K0C7,False,6981,0,0.0
A0A6N8AA29,False,6982,0,0.0
R9IWL4,False,6983,0,0.0
A0A1M6M237,False,6983,0,1.0
A0A6N8I3M0,False,6984,0,0.0
A0A7I8DNH6,False,6985,0,0.0
C4GAB9,False,6986,0,0.0
A0A925WW69,False,6987,0,0.0
A0A925LRU8,False,6988,0,0.0
A0A1M5UB52,False,6989,0,0.0
R9JSX2,False,6990,0,0.0
V9H2F9,False,6992,0,0.0
A0A1I0YVM7,False,6993,0,0.0
A0A1I5YG41,False,6994,0,0.0
A0A8F9TTA4,False,6995,0,0.0
A0A6S6XCS7,False,6996,0,0.0
R6ZIJ7,False,6997,0,0.0
A0A287DD51,False,6998,0,0.0
A0A1B8CUT7,False,6999,0,0.0
A0A1Y3XTG7,False,7000,0,0.0
A0A8C3LXR9,False,7001,0,0.0
A0A0L0N1R1,False,7002,0,0.0
A0A6J1JUU7,False,7003,0,0.0
G0RS62,False,7004,0,0.0
A0A1L8RIN7,False,7005,0,0.0
A0A2D3VLZ0,False,7006,0,0.0
K9Z6W5,False,7007,0,0.0
A0A914FA20,False,7008,0,0.0
A0A8J4Q3C1,False,7009,0,0.0
A0A2U2CJB8,False,7010,0,0.0
A0A7R8X4F0,False,7011,0,0.0
A0A8I5TB38,False,7012,0,0.0
A0A7K6C8J0,False,7013,0,0.0
A0A5M3MUB0,False,7014,0,0.0
A0A1F8A8Y3,False,7015,0,0.0
A0A6M0QRT2,False,7016,0,0.0
A0A0U1LVL1,False,7017,0,0.0
A0A0W8CIS7,False,7018,0,0.0
A0A7J8S2I1,False,7019,0,0.0
J0D8S8,False,7020,0,0.0
A0A8H5QAN6,False,7021,0,0.0
A0A926EMD1,False,7022,0,0.0
A0A8V5GWV8,False,7023,0,0.0
A0A1S3DZD3,False,7024,0,0.0
A0A8C3BVI2,False,7025,0,0.0
A0A0A1T3C9,False,7026,0,0.0
A0A8S9FM41,False,7027,0,0.0
W9YJD4,False,7028,0,0.0
A0A6N8U5P4,False,7029,0,0.0
A0A5N6JAK4,False,7030,0,0.0
A0A667FHK3,False,7031,0,0.0
A0A2T4BJE6,False,7032,0,0.0
A0A6L6H0P5,False,7033,0,0.0
A0A2K6CAU6,False,7034,0,0.0
A8X6D4,False,7035,0,0.0
A0A7K8M7D2,False,7036,0,0.0
A0A8J2EES0,False,7037,0,0.0
A0A8D2I759,False,7038,0,0.0
A0A8S0UT41,False,7039,0,0.0
A0A7R7VGM1,False,7040,0,0.0
A0A8C6MCZ7,False,7041,0,0.0
A0A7L3JQQ2,False,7042,0,0.0
A0A6A3RNF4,False,7043,0,0.0
A0A942E4G7,False,7044,0,0.0
A0A668TSF9,False,7045,0,0.0
A0A8C0BC32,False,7046,0,0.0
A8WXY2,False,7047,0,0.0
A0A091CRQ6,False,7048,0,0.0
A0A674I9F0,False,7049,0,0.0
A0A376DGV8,False,7050,0,0.0
A0A3B6GSW7,False,7051,0,0.0
A0A1V4CCI8,False,7052,0,0.0
A0A166ELW2,False,7053,0,0.0
A0A0B7NPF5,False,7054,0,0.0
A0A2N8MBY9,False,7055,0,0.0
A0A814DDL1,False,7056,0,0.0
A0A0D9VAQ3,False,7057,0,0.0
A0A8C8GJ41,False,7058,0,0.0
A0A445JEA6,False,7059,0,0.0
M3B1N8,False,7060,0,0.0
Q6D7P9,False,7061,0,0.0
A0A1X7UZA4,False,7062,0,0.0
A0A7L3QUP0,False,7063,0,0.0
A0A669CGW9,False,7064,0,0.0
A0A5C6MLL2,False,7065,0,0.0
A0A6M8BE29,False,7066,0,0.0
A0A4W6D0A7,False,7067,0,0.0
A0A6H2HDU6,False,7068,0,0.0
A0A674E6Q8,False,7038,0,0.0
A0A8S0T1W5,False,7069,0,0.0
G7IT31,False,7070,0,0.0
A0A8C7KUH4,False,7071,0,0.0
A0A4R6Z739,False,7072,0,0.0
A0A3D9HP81,False,7073,0,0.0
A0A545TBA1,False,7074,0,0.0
A0A3L8PV63,False,7075,0,0.0
A0A345DCF3,False,7076,0,0.0
A0A1V3IF07,False,7077,0,0.0
A0A2M8RTQ6,False,7078,0,0.0
A0A2M8S3C5,False,7079,0,0.0
A0A0D6SMI1,False,7080,0,0.0
A0A0B7G8S1,False,7081,0,0.0
A0A1X6ZLI0,False,7082,0,0.0
A0A5B2VAR5,False,7083,0,0.0
A0A563VM27,False,7084,0,0.0
A0A6P0UWR2,False,7085,0,0.0
A0A1Y2PAI6,False,7086,0,0.0
A0A418YB68,False,7087,0,0.0
A0A1V3TI98,False,7088,0,0.0
A0A1H8KCD7,False,7089,0,0.0
A0A4R8DUB2,False,7090,0,0.0
A0A6H0T7S5,False,7091,0,0.0
A0A1Q3GFM5,False,7092,0,0.0
A0A166ZA47,False,7093,0,0.0
A0A4R6VBT1,False,7076,0,0.0
C8PIE4,False,7094,0,0.0
F2BEP4,False,7095,0,0.0
A0A0M4SSP2,False,7096,0,0.0
A0A6I6F1S2,False,7097,0,0.0
A0A1N6Q4Z9,False,7098,0,0.0
A0A448VIS8,False,7099,0,0.0
A0A3E0U1L2,False,7100,0,0.0
A0A840ES79,False,7101,0,0.0
A0A1T0CTV9,False,7102,0,0.0
A0A2B4RUN5,False,7103,0,0.0
A0A1T5IM17,False,7104,0,0.0
D3RXS0,False,7105,0,0.0
A0A165IPI5,False,7106,0,0.0
A0A150VBR1,False,7107,0,0.0
A0A2H6K739,False,7108,0,0.0
A0A061P823,False,7109,0,0.0
A0A917WT51,False,7110,0,0.0
A0A1I6DJ36,False,7111,0,0.0
A0A1L7CUP1,False,7112,0,0.0
A0A1G8YBY4,False,7113,0,0.0
A0A344UW35,False,7114,0,0.0
K0YSG2,False,7115,0,0.0
A0A0R2L314,False,7116,0,0.0
A0A1D3D999,False,7117,0,0.0
A0A1Z5TFP9,False,7118,0,0.0
A0A329SN06,False,7119,0,0.0
A0A095WT70,False,7120,0,0.0
Q4Q9T7,False,7121,0,0.0
F4XB29,False,7122,0,0.0
A0A416EI89,False,7104,0,0.0
A0A225VRT4,False,7123,0,0.0
A0A1H9LIP7,False,7116,0,0.0
A0A383VTC9,False,7124,0,0.0
A0A8J6C7K5,False,7125,0,0.0
Q4DXR8,False,7126,0,0.0
A0A1M4RXM0,False,7127,0,0.0
A0A7H0SQV6,False,7128,0,0.0
A0A4R4Z0P8,False,7129,0,0.0
A0A0S2ETK6,False,7130,0,0.0
A0A1M4NAQ3,False,7131,0,0.0
A0A2N6SPT8,False,7132,0,0.0
A1HNC4,False,7133,0,0.0
A0A6L6Q1S7,False,7134,0,0.0
A0A840UIA8,False,7135,0,0.0
A0A0F3IGN7,False,7136,0,0.0
Q18A71,False,7137,0,0.0
A0A9E7DAT9,False,7138,0,0.0
A0A1M4M1Z4,False,7139,0,0.0
A0A398BPP4,False,7140,0,0.0
A0A0R2MRY6,False,7141,0,0.0
F4GJE9,False,7142,0,0.0
W6M177,False,7143,0,0.0
A0A2L0D481,False,7144,0,0.0
A0A0P1GT84,False,7145,0,0.0
A0A0R2HN24,False,7146,0,0.0
A0A840QL13,False,7147,0,0.0
A0A1W1XTF1,False,7148,0,0.0
I5B512,False,7149,0,0.0
A0A173XK71,False,7150,0,0.0
A0A972P1H9,False,7151,0,0.0
A0A1W2BHT5,False,7152,0,0.0
A0A7G9RZ29,False,7153,0,0.0
Q9HXG8,False,7154,0,0.0
A0A552WXX2,False,7155,0,0.0
A0A437QAH1,False,7156,0,0.0
A0A1B9YJT9,False,7157,0,0.0
R6J914,False,7158,0,0.0
A0A1Y4MBN4,False,7159,0,0.0
A0A4R6E649,False,7160,0,0.0
A0A5P1RF24,False,7161,0,0.0
A0A208Y503,False,7162,0,0.0
A0A937CXE1,False,7163,0,0.0
A0A292YK27,False,7164,0,0.0
A0A1I1RQB4,False,7165,0,0.0
A0A347WNF1,False,7166,0,0.0
A0A1R1LSB4,False,7167,0,0.0
A0A6B3NXU6,False,7168,0,0.0
F3Z423,False,7169,0,0.0
A0A6M8M9V1,False,7170,0,0.0
A0A1Q3GSR2,False,7171,0,0.0
S8ALQ7,False,7172,0,0.0
A0A6G4U2Y3,False,7173,0,0.0
A0A937KC32,False,7174,0,0.0
A0A251W8H6,False,7175,0,0.0
A0A4U3MLE8,False,7176,0,0.0
A0A4S3JHG5,False,7177,0,0.0
A0A3M3DUH5,False,7178,0,0.0
D3Q1Y2,False,7179,0,0.0
A0A428NTK4,False,7180,0,0.0
A0A1V9FQ08,False,7181,0,0.0
A6GBQ4,False,7182,0,0.0
A0A366LMF7,False,7183,0,0.0
A0A0S4KRL0,False,7184,0,0.0
A0A4Q4UW04,False,7185,0,0.0
A0A8H4W411,False,7186,0,0.0
A0A927A9C0,False,7187,0,0.0
W1IRI1,False,7188,0,0.0
A0A2J6SGN9,False,7189,0,0.0
A0A8H2VRH5,False,7190,0,0.0
A0A553FC46,False,7191,0,0.0
A0A077PMI1,False,7192,0,0.0
A6G1W5,False,7193,0,0.0
A0A8H6DEY8,False,7194,0,0.0
G9N1D2,False,7195,0,0.0
A6G339,False,7196,0,0.0
A0A1V9FBP8,False,7197,0,0.0
A0A1I4YD55,False,7198,0,0.0
A0A5C4WKE6,False,7199,0,0.0
G9MUG7,False,7200,0,0.0
A0A1D8TLR5,False,7201,0,0.0
A0A917DB19,False,7202,0,0.0
A0A8E2JB88,False,7203,0,0.0
A0A105TE93,False,7204,0,0.0
A0A7Y0JP10,False,7205,0,0.0
A0A2P8D4F6,False,7206,0,0.0
W3XM99,False,7207,0,0.0
A0A940YU54,False,7208,0,0.0
A0A939QY17,False,7209,0,0.0
W7SSW7,False,7210,0,0.0
A0A3L7AJA0,False,7211,0,0.0
A6NSJ2,False,7212,0,0.0
A0A6P8B157,False,7213,0,0.0
A0A1G7N846,False,7214,0,0.0
A8AK04,False,7215,0,0.0
A0A1I2V7I9,False,7216,0,0.0
J4G5V7,False,7217,0,0.0
E0NJG8,False,7218,0,0.0
A0A919ZPZ0,False,7219,0,0.0
A0A3S9B8L0,False,7220,0,0.0
A0A1B9SM09,False,7221,0,0.0
A0A5M3XJD9,False,7222,0,0.0
A0A2U2DJD6,False,7223,0,0.0
A0A1L7CF66,False,7224,0,0.0
G6A050,False,7225,0,0.0
G3PMV0,False,7226,0,0.0
Q038I6,False,7227,0,0.0
A0A9E7AH10,False,7228,0,0.0
A0A221W6X5,False,7229,0,0.0
A0A563CQ63,False,7230,0,0.0
M1PEG2,False,7231,0,0.0
A0A142LL08,False,7232,0,0.0
A0A0B4S0G3,False,7233,0,0.0
A0A143Y1E5,False,7234,0,0.0
A0A8H6R226,False,7235,0,0.0
A0A384A0L2,False,7236,0,0.0
I1YFT7,False,7237,0,0.0
A0A084QU39,False,7238,0,0.0
B6AU57,False,7239,0,0.0
A0A142YC83,False,7240,0,0.0
K1MEA7,False,7241,0,0.0
A0A844TUZ7,False,7242,0,0.0
A0A923H9X0,False,7243,0,0.0
A0A1C5E260,False,7244,0,0.0
A0A078LMZ9,False,7245,0,0.0
C7DF22,False,7246,0,0.0
A0A1M6CNJ3,False,7247,0,0.0
A0A5Q0EJM7,False,7248,0,0.0
A0A2T0TU23,False,7249,0,0.0
A0A517YP13,False,7250,0,0.0
A0A2S2E4K1,False,7251,0,0.0
A0A4Y9QPQ1,False,7252,0,0.0
A0A178IGV1,False,7253,0,0.0
M5RS49,False,7254,0,0.0
A0A2U2BX05,False,7255,0,0.0
A0A316HC99,False,7256,0,0.0
A0A2H9VPC4,False,7257,0,0.0
A0A4Q7N502,False,7258,0,0.0
A0A917NRB3,False,7259,0,0.0
A0A3G3GV01,False,7260,0,0.0
A0A2G5L426,False,7261,0,0.0
A0A1L7HZG5,False,7262,0,0.0
A0A4S3KHP1,False,7263,0,0.0
A0A516GV75,False,7264,0,0.0
A6ECL7,False,7265,0,0.0
A0A951UJ00,False,7266,0,0.0
A0A1H9EMY8,False,7267,0,0.0
A0A1H8EZX6,False,7268,0,0.0
A0A6N4X106,False,7269,0,0.0
A0A841EV93,False,7270,0,0.0
A0A7V8NQF0,False,7271,0,0.0
A0A1Z4VUU5,False,7272,0,0.0
A0A4R2IEM8,False,7273,0,0.0
A0A062UQZ7,False,7274,0,0.0
A0A011UE70,False,7275,0,0.0
A0A3S3R9E2,False,7276,0,0.0
A0A4Q7N3D8,False,7277,0,0.0
A0A6L9EDY7,False,7278,0,0.0
D5BNE4,False,7279,0,0.0
A0A4Q7N0S2,False,7280,0,0.0
A0A6M5YSB3,False,7281,0,0.0
A0A5E7Y6C2,False,7282,0,0.0
A0A7Y8Y4S2,False,7283,0,0.0
A0A8J2BT33,False,7284,0,0.0
D5SMX4,False,7285,0,0.0
A0A8J6QIV5,False,7286,0,0.0
A0A6M1Y7U3,False,7287,0,0.0
A0A4P7XIS2,False,7288,0,0.0
A0A1W6MXM3,False,7289,0,0.0
Q6N216,False,7290,0,0.0
A0A0F5FZV3,False,7291,0,0.0
A0A261TED8,False,7292,0,0.0
A0A4S8FCR2,False,7293,0,0.0
A0A370GQY0,False,7294,0,0.0
W7QP88,False,7295,0,0.0
A0A1X7CGW9,False,7296,0,0.0
A0A423Q1K6,False,7297,0,0.0
B4RE09,False,7298,0,0.0
A0A5D0V968,False,7299,0,0.0
A0A6M4M9H5,False,7300,0,0.0
A0A939KQ19,False,7301,0,0.0
A0A8J3DLU0,False,7302,0,0.0
A0A1Y6EJV7,False,7303,0,0.0
A0A1A8XFL8,False,7304,0,0.0
A0A3D8PDI1,False,7305,0,0.0
A0A196MDS3,False,7306,0,0.0
A0A3T0E9A3,False,7307,0,0.0
A0A0M9GJJ1,False,7308,0,0.0
A0A0Q4BSM2,False,7309,0,0.0
F2NFS6,False,7310,0,0.0
A0A5B8AZY1,False,7311,0,0.0
A0A838BM50,False,7312,0,0.0
A0A5H2Y0M3,False,7313,0,0.0
Q0BVR3,False,7314,0,0.0
A0A429WFE5,False,7315,0,0.0
A0A4R7B5K4,False,7316,0,0.0
W7DSE2,False,7317,0,0.0
A0A225NK69,False,7318,0,0.0
A0A1N7LPS5,False,7319,0,0.0
A0A0X8HCK9,False,7320,0,0.0
A0A934SFN2,False,7321,0,0.0
A0A1M5V028,False,7322,0,0.0
Q1MPH9,False,7323,0,0.0
I8T797,False,7324,0,0.0
A0A4Q5XE33,False,7325,0,0.0
A0A091LK72,False,7326,0,0.0
A0A1H8Z1W7,False,7327,0,0.0
A0A0K8J2L8,False,7328,0,0.0
F7KNZ1,False,7329,0,0.0
A0A1M6R3N3,False,7330,0,0.0
A0A2Y9B815,False,7331,0,0.0
R9J2W3,False,7332,0,0.0
A0A6V8SHW7,False,7333,0,0.0
A0A7K7BKN6,False,7334,0,0.0
A0A087BSS2,False,7335,0,0.0
A0A1G5GNP3,False,7336,0,0.0
A0A3B5K7S8,False,7337,0,0.0
A0A265Q7I4,False,7338,0,0.0
A0A1Y4SQL6,False,7339,0,0.0
S0JJQ6,False,7340,0,0.0
A0A1D8GPX6,False,7341,0,0.0
A0A1H3JXS7,False,7342,0,0.0
A0A5J5G8B9,False,7343,0,0.0
A0A087ASH4,False,7344,0,0.0
A0A916VC86,False,7345,0,0.0
A0A1Y3Y3J2,False,7346,0,0.0
A0A1Y4S6M8,False,7347,0,0.0
A0A923E5T7,False,7348,0,0.0
A0A6J1ZYW9,False,7349,0,0.0
E1R4W2,False,7350,0,0.0
A0A670JCR8,False,7351,0,0.0
R4K9G4,False,7352,0,0.0
A0A7G9WLA0,False,7353,0,0.0
A0A923RM54,False,7354,0,0.0
A0A7J6B8U0,False,7355,0,0.0
A0A811PFW2,False,7356,0,0.0
A0A0Q3KLA4,False,7357,0,0.0
A0A0D3F293,False,7358,0,0.0
A0A2P2SX80,False,7359,0,0.0
R9ARI3,False,7360,0,0.0
A0A8T0VKQ1,False,7361,0,0.0
A0A1L9WVV7,False,7362,0,0.0
B9GXE3,False,7363,0,0.0
A0A094I8S4,False,7364,0,0.0
A0A2D3V8N8,False,7365,0,0.0
A0A2Z7DE14,False,7366,0,0.0
A0A421D471,False,7367,0,0.0
A0A7J7G6G6,False,7368,0,0.0
A0A444YVE8,False,7369,0,0.0
A0A0F7VBK7,False,7370,0,0.0
G2YXW8,False,7371,0,0.0
G8Y6B0,False,7372,0,0.0
A0A2I4EAR1,False,7373,0,0.0
A0A314Z8B9,False,7374,0,0.0
A0A3E2HS77,False,7375,0,0.0
C5M884,False,7376,0,0.0
A0A7J8VLX9,False,7377,0,0.0
Q5BFA9,False,7378,0,0.0
A0A9D4AM11,False,7379,0,0.0
A0A1J7FVS9,False,7380,0,0.0
A0A8T2V8T3,False,7381,0,0.0
W7NA86,False,7382,0,0.0
T0JX73,False,7383,0,0.0
A0A0F4GA25,False,7384,0,0.0
A0A428TD33,False,7385,0,0.0
A0A093XPP3,False,7386,0,0.0
C5DW48,False,7387,0,0.0
A0A1G4AUE6,False,7388,0,0.0
A0A3B6FPI0,False,7389,0,0.0
A0A8H7IWH0,False,7390,0,0.0
C5MCQ1,False,7391,0,0.0
A0A094B8F9,False,7392,0,0.0
A0A5N6KVH1,False,7393,0,0.0
A0A8H5WSY0,False,7394,0,0.0
A0A1V6T6B1,False,7395,0,0.0
A0A494ZWZ9,False,7396,0,0.0
I8UH61,False,7397,0,0.0
A0A162SFJ9,False,7398,0,0.0
A0A1I4MG00,False,7399,0,0.0
A0A0A5GHM6,False,7400,0,0.0
A0A8J7Q6P1,False,7401,0,0.0
A0A0B7MHW9,False,7402,0,0.0
A6TLI1,False,7403,0,0.0
A0A2T6BSV9,False,7404,0,0.0
A0A5A5T5J2,False,7405,0,0.0
D1CHW3,False,7406,0,0.0
A0A1V4IPC5,False,7407,0,0.0
A0A518H0F0,False,7408,0,0.0
C0QMC6,False,7409,0,0.0
K9D4I0,False,7410,0,0.0
A0A2I0MZ21,False,7411,0,0.0
A0A1I0YQI4,False,7412,0,0.0
B8I503,False,7413,0,0.0
A0A419T348,False,7414,0,0.0
A0A1M5S3S7,False,7415,0,0.0
A0A1I5I8K8,False,7416,0,0.0
A0A917AIY3,False,7417,0,0.0
A0A975BZL2,False,7418,0,0.0
A0A941HQ96,False,7419,0,0.0
A0A140DXW9,False,7420,0,0.0
A0A8E6B8N1,False,7421,0,0.0
A0A1M7F7E9,False,7422,0,0.0
A0A162KTR9,False,7423,0,0.0
A0A5K7XKL6,False,7424,0,0.0
A0A0C7NJV8,False,7425,0,0.0
G8LX28,False,7426,0,0.0
A0A2T0BHB4,False,7427,0,0.0
A0A5C6CTS6,False,7428,0,0.0
A0A917B146,False,7429,0,0.0
A0A6N4THX1,False,7430,0,0.0
A0A402CRW8,False,7431,0,0.0
A0A517XZK5,False,7432,0,0.0
A0A2A8S6A9,False,7433,0,0.0
A0A8J8MMM7,False,7434,0,0.0
A0A2Z5G2L1,False,7435,0,0.0
A0A374WF34,False,7436,0,0.0
A0A6N8HZW1,False,7437,0,0.0
A0A2G8EHZ1,False,7438,0,0.0
A0A1D7XHQ3,False,7439,0,0.0
A0A0M2H473,False,7440,0,0.0
A0A7W6H0B9,False,7441,0,0.0
A0A2S5A1X2,False,7442,0,0.0
A0A1I4ZQU5,False,7443,0,0.0
A0A1I5FVD9,False,7444,0,0.0
A0A255TCY5,False,7445,0,0.0
A0A940M351,False,7446,0,0.0
A0A383XPK5,False,7447,0,0.0
Q5NRB9,False,7448,0,0.0
A0A369ZSZ8,False,7449,0,0.0
A0A2V4MS79,False,7450,0,0.0
A0A4U7BCF5,False,7451,0,0.0
A0A4Q7M705,False,7452,0,0.0
A0A3Q8XTU1,False,7453,0,0.0
A0A0F7JZ33,False,7454,0,0.0
A0A374VAP5,False,7455,0,0.0
A0A561BJH4,False,7456,0,0.0
A0A934I0P1,False,7457,0,0.0
A0A1I0E304,False,7458,0,0.0
A0A176J9F4,False,7459,0,0.0
A0A549YMV9,False,7460,0,0.0
A0A177IS24,False,7461,0,0.0
A0A0D6NN88,False,7462,0,0.0
A0A5K8A864,False,7463,0,0.0
A0A1C4KDR9,False,7464,0,0.0
A0A6H9UXD7,False,7465,0,0.0
A0A940F5I3,False,7466,0,0.0
L8JRR6,False,7467,0,0.0
A0A143WZ07,False,7468,0,0.0
A0A1H5VEK1,False,7469,0,0.0
A2A0M2,False,7470,0,0.0
A0A2S8SWM3,False,7471,0,0.0
Q8RHD5,False,7472,0,0.0
A0A2K1R0B1,False,7473,0,0.0
D5UZN5,False,7474,0,0.0
A0A544QW26,False,7475,0,0.0
G1W9P7,False,7476,0,0.0
A0A6L5WG59,False,7477,0,0.0
A0A7X4W028,False,7478,0,0.0
A0A0R1HV44,False,7479,0,0.0
A0A1S2QPP6,False,7480,0,0.0
A0A2N3NKB8,False,7481,0,0.0
A0A8J6ENW7,False,7482,0,0.0
A0A344U4N1,False,7483,0,0.0
A0A1X7HCV1,False,7484,0,0.0
R7Y0V6,False,7485,0,0.0
A0YBQ2,False,7486,0,0.0
A0A0A2GYP7,False,7487,0,0.0
B8CXY7,False,7488,0,0.0
A0A4Z0V2R9,False,7489,0,0.0
E4WZF8,False,7490,0,0.0
A0A418YK13,False,7491,0,0.0
A0A1H4DL80,False,7492,0,0.0
A0A1N6PCZ9,False,7493,0,0.0
A0A3R5YZH7,False,7494,0,0.0
A0A368YWZ6,False,7495,0,0.0
A0A7L1PDQ4,False,7496,0,0.0
F0SP77,False,7497,0,0.0
A0A4Q6CBU7,False,7498,0,0.0
A0A2Z4UBV9,False,7499,0,0.0
A0A150GF54,False,7500,0,0.0
A0A238X0I7,False,7501,0,0.0
A0A0M2GWG7,False,7483,0,0.0
A3GFD8,False,7502,0,0.0
A0A1Q8ECS3,False,7474,0,0.0
A0A9J7ISU5,False,7503,0,0.0
A0A1I8N154,False,7504,0,0.0
A0A2A4K4N3,False,7505,0,0.0
A0A6I8VPW7,False,7506,0,0.0
A0A1I8N156,False,7507,0,0.0
A0A8T0G3Z6,False,7508,0,0.0
A0A836JUB5,False,7509,0,0.0
A0A834NEL8,False,7510,0,0.0
A0A9J7EC76,False,7511,0,0.0
A0A7M7R4J8,False,7512,0,0.0
A0A6H5I7I0,False,7513,0,0.0
A0A6P8XV81,False,7514,0,0.0
B0FYM1,False,7515,0,0.0
A0A8K0NYV2,False,7516,0,0.0
A0A7E5VTL6,False,7517,0,0.0
A0A7F5R210,False,7518,0,0.0
A0A8J9URV7,False,7519,0,0.0
A0A8J6HIL1,False,7520,0,0.0
A0A8S3WTW2,False,7521,0,0.0
A0A8B8HLT8,False,7522,0,0.0
A0A0L0CR61,False,7523,0,0.0
A0A6J3LHI5,False,7524,0,0.0
A0A8J2W9W8,False,7525,0,0.0
A0A6I8TJY7,False,7526,0,0.0
A0A834XSW3,False,7527,0,0.0
A0A1S3DFT4,False,7528,0,0.0
A0A7R8UML2,False,7529,0,0.0
A0A6I8TIC9,False,7530,0,0.0
B4JHC9,False,7531,0,0.0
A0A653C8D0,False,7532,0,0.0
A0A6I8TCD4,False,7533,0,0.0
A0A8X6SBP5,False,7534,0,0.0
A0A9J7E7T6,False,7535,0,0.0
A0A821QBJ9,False,7536,0,0.0
A0A482XIX5,False,7537,0,0.0
A0A5E4MPK6,False,7538,0,0.0
A0A8S1CFY0,False,7539,0,0.0
A0A8B7N8H4,False,7540,0,0.0
A0A2T0MWG7,False,7541,0,0.0
A0A8B9ZPS9,False,7542,0,0.0
A0A6P8HTZ5,False,7543,0,0.0
A0A8J3ZJ71,False,7544,0,0.0
A0A8H3IHZ8,False,7545,0,0.0
A0A8H6X1N7,False,7546,0,0.0
A0A250IQD3,False,7547,0,0.0
A0A814Y818,False,7548,0,0.0
A0A428Y3V5,False,7549,0,0.0
A0A7N9CY15,False,7550,0,0.0
Q2H847,False,7551,0,0.0
A0A093X9F9,False,7552,0,0.0
A7SQS3,False,7553,0,0.0
A0A505DQC9,False,7554,0,0.0
A0A8B9ENV4,False,7555,0,0.0
A0A7L4XWN9,False,7556,0,0.0
A0A067SGX2,False,7557,0,0.0
A0A7M4E6M8,False,7558,0,0.0
W1PVK9,False,7559,0,0.0
C9ZD59,False,7560,0,0.0
A0A093QVC4,False,7561,0,0.0
A0A177D5S3,False,7562,0,0.0
A0A1B8U690,False,7563,0,0.0
W4V7H8,False,7564,0,0.0
A0A3N6DHD3,False,7565,0,0.0
A0A8J1TY84,False,7566,0,0.0
A0A5C4VY37,False,7567,0,0.0
A0A913Y551,False,7568,0,0.0
A0A670K388,False,7569,0,0.0
A0A250IDS0,False,7570,0,0.0
I1RJ14,False,7571,0,0.0
A0A4S2V075,False,7572,0,0.0
A0A811YB19,False,7573,0,0.0
A0A919JY64,False,7574,0,0.0
A0A7J6UT51,False,7575,0,0.0
A0A7W9HJL6,False,7576,0,0.0
A0A1Y0FSP5,False,7577,0,0.0
A0A9J7A8K9,False,7578,0,0.0
A0A918XDA1,False,7579,0,0.0
A0A1G4XYA6,False,7580,0,0.0
A0A5P9ETV3,False,7581,0,0.0
D9SHS9,False,7582,0,0.0
A0A6C0U1H1,False,7577,0,0.0
B3PFT7,False,7583,0,0.0
A0A2R5ECF4,False,7584,0,0.0
A0A3N1NY52,False,7585,0,0.0
A0A0S9NIH5,False,7586,0,0.0
A0A4Q5VDK6,False,7587,0,0.0
A0A845FLK2,False,7588,0,0.0
A0A545TLZ0,False,7589,0,0.0
A0A4R5LT96,False,7590,0,0.0
A0A7X0JSG3,False,7591,0,0.0
A0A143HL37,False,7581,0,0.0
A0A928V2J0,False,7592,0,0.0
A0A5C8ZW28,False,7593,0,0.0
A0A2T6FN40,False,7587,0,0.0
A0A9E5MH57,False,7594,0,0.0
A0A2N0VHB9,False,7595,0,0.0
A0A4R4DT50,False,7596,0,0.0
A0A432MCL4,False,7597,0,0.0
A0A087MJN4,False,7598,0,0.0
A0A379AMR4,False,7599,0,0.0
A0A2N7DB48,False,7600,0,0.0
A0A511AY43,False,7601,0,0.0
A0A418NRN1,False,7602,0,0.0
A0A0C2W2F8,False,7603,0,0.0
A0A2S3ZSV7,False,7604,0,0.0
A0A0J6ZS80,False,7605,0,0.0
A0A1B1NFC4,False,7606,0,0.0
A0A5C7FEC1,False,7607,0,0.0
A0A1G6AW64,False,7608,0,0.0
D0LZ20,False,7609,0,0.0
A0A3L8PS09,False,7610,0,0.0
A0A934HZ75,False,7611,0,0.0
A0A0F6QVY9,False,7612,0,0.0
Q9CLU9,False,7613,0,0.0
A0A4P7JLN5,False,7614,0,0.0
M8DMF4,False,7615,0,0.0
A0A919LPL4,False,7616,0,0.0
A0A6B8VW72,False,7617,0,0.0
A0A1G5AMH2,False,7618,0,0.0
U3CAP1,False,7619,0,0.0
D7CHW9,False,7620,0,0.0
A0A4V5MX76,False,7621,0,0.0
S8FCN5,False,7622,0,0.0
A0A6B8WQ95,False,7623,0,0.0
A0A3E0TZI0,False,7624,0,0.0
A0A2D2AYL3,False,7625,0,0.0
A0A316A4F1,False,7626,0,0.0
H3NJ69,False,7627,0,0.0
L8XZV0,False,7628,0,0.0
A0A0Q2MGK6,False,7629,0,0.0
A0A3M8P929,False,7630,0,0.0
A0A024Q9G6,False,7631,0,0.0
A0A6H1RAC0,False,7632,0,0.0
A0A3Q7PQD1,False,7633,0,0.0
A0A8C8GCJ6,False,7634,0,0.0
A0A669BJH6,False,7635,0,0.0
A0A673T2M1,False,7636,0,0.0
A0A4W5PSF6,False,7637,0,0.0
A0A2A2JQU2,False,7639,0,0.0
A0A0V1I540,False,7640,0,0.0
A0A921Z9K9,False,7641,0,0.0
A0A9D3Y2J1,False,7642,0,0.0
A0A6V7TY94,False,7643,0,0.0
A0A1U8DLZ8,False,7644,0,0.0
A0A8B7Q1E7,False,7645,0,0.0
A0A3P9PD70,False,7646,0,0.0
A0A0M4EZA7,False,7647,0,0.0
F7CRT6,False,7648,0,0.0
A0A8D2LCS3,False,7649,0,0.0
A0A6Q2XLG0,False,7637,0,0.0
A0A1S3AMA4,False,7633,0,0.0
T1JVE6,False,7650,0,0.0
A0A0V1LET5,False,7651,0,0.0
A0A3Q2DIK5,False,7637,0,0.0
A0A819XXT1,False,7652,0,0.0
A0A4S2LB96,False,7653,0,0.0
A0A8S4P3G5,False,7654,0,0.0
A0A671YNU6,False,7655,0,0.0
A0A498LBG1,False,7656,0,0.0
A0A673CG15,False,7657,0,0.0
A0A0T6BCS4,False,7658,0,0.0
A0A915MZJ3,False,7659,0,0.0
A0A821KBX9,False,7660,0,0.0
A0A8C5SE00,False,7661,0,0.0
A0A7L1IN57,False,7662,0,0.0
A0A7J7K381,False,7663,0,0.0
A0A816DZJ9,False,7664,0,0.0
A0A287CZI8,False,7665,0,0.0
A0A7E6E7X8,False,7666,0,0.0
A0A6J3J070,False,7667,0,0.0
A0A8J9Z300,False,7668,0,0.0
A0A6J2TJQ3,False,7669,0,0.0
A0A7J6VP40,False,7670,0,0.0
K7MYE9,False,7671,0,0.0
A0A8I4A217,False,7672,0,0.0
A0A7K7U4H7,False,7662,0,0.0
A0A6G0I2S8,False,7673,0,0.0
A0A674BI74,False,7674,0,0.0
A0A4Y6PQY4,False,7675,0,0.0
A0A0G4GBX4,False,7676,0,0.0
A0A2I0W444,False,7677,0,0.0
A0A815QQE1,False,7678,0,0.0
A0A183LRD2,False,7679,0,0.0
A0A093FNH7,False,7680,0,0.0
A0A3Q3VMJ2,False,7681,0,0.0
A0A6I9QVG1,False,7682,0,0.0
A0A8C6MBR4,False,7683,0,0.0
A0A517Y4P4,False,7684,0,0.0
A0A5N4EEG4,False,7685,0,0.0
A0A8C5SED6,False,7686,0,0.0
A0A5E4NHE8,False,7687,0,0.0
A0A0N4T5E5,False,7688,0,0.0
A0A445LQA7,False,7689,0,0.0
A0A7J0F4M1,False,7690,0,0.0
A0A7K5FI04,False,7662,0,0.0
A0A4Y6USQ3,False,7691,0,0.0
A0A0D3VH98,False,7692,0,0.0
A0A176J744,False,7693,0,0.0
A0A2S7T503,False,7694,0,0.0
A0A6G3Q9K2,False,7695,0,0.0
A0A4R2IJA7,False,7696,0,0.0
A0A6V8KMG2,False,7697,0,0.0
A0A402A6Z5,False,7698,0,0.0
A0A8J2ZYT6,False,7699,0,0.0
R6BUT0,False,7700,0,0.0
E6SI67,False,7701,0,0.0
A0A8J2VM88,False,7702,0,0.0
A0A4Q1ZVQ2,False,7703,0,0.0
A0A1M6H0E7,False,7704,0,0.0
A0A511YJC1,False,7705,0,0.0
D2PQJ8,False,7706,0,0.0
A0A0J6FUK3,False,7707,0,0.0
A0A1L9BDJ9,False,7708,0,0.0
F8NCC0,False,7709,0,0.0
A0A4R7TE61,False,7710,0,0.0
A0A2W0H787,False,7711,0,0.0
I0JR85,False,7712,0,0.0
A0A2U8E1Q1,False,7713,0,0.0
A0A562TM32,False,7714,0,0.0
A0A0A5FRK1,False,7715,0,0.0
R5BFT9,False,7698,0,0.0
A0A328VHI1,False,7716,0,0.0
A0A4Q2SFS9,False,7717,0,0.0
F3ZNE1,False,7718,0,0.0
A0A3A9UQL8,False,7719,0,0.0
A0A7K7LTW6,False,7720,0,0.0
A0A8J5YUK1,False,7721,0,0.0
B4RA48,False,7722,0,0.0
A0A495JTK0,False,7723,0,0.0
A0A1W1WKF5,False,7724,0,0.0
A0A8H4AG58,False,7725,0,0.0
A0A841M6L1,False,7726,0,0.0
A0A4S4E653,False,7727,0,0.0
A0A1G6VQN0,False,7728,0,0.0
A0A1W1UEC1,False,7729,0,0.0
E3RWU7,False,7730,0,0.0
A0A558A826,False,7731,0,0.0
A0A428QTL9,False,7732,0,0.0
A0A167VP07,False,7733,0,0.0
A0A9E5JTP8,False,7734,0,0.0
A0A2T0MGL9,False,7735,0,0.0
A0A2K2U050,False,7736,0,0.0
A0A5B8JJ18,False,7737,0,0.0
A0A6G7YL59,False,7738,0,0.0
A0A8C3CZB4,False,7739,0,0.0
A0A5E3WF34,False,7740,0,0.0
A0A438LZW2,False,7741,0,0.0
A0A5C4M4Y2,False,7742,0,0.0
A0A0J6D157,False,7743,0,0.0
A0A7I8DK86,False,7744,0,0.0
A0A396TYU0,False,7745,0,0.0
A0A4R3UPI6,False,7746,0,0.0
K2QLY7,False,7747,0,0.0
A0A380H9S8,False,7748,0,0.0
A0A0N7LBI9,False,7749,0,0.0
D7AX85,False,7750,0,0.0
A0A8C6RDU9,False,7751,0,0.0
A0A0S2KA73,False,7752,0,0.0
A0A7W6A0I4,False,7753,0,0.0
A0A4R4NKJ3,False,7754,0,0.0
A0A2V1ANF2,False,7755,0,0.0
A0A4P6Q852,False,7756,0,0.0
A0A3N7HXF0,False,7757,0,0.0
A0A7K8EGV1,False,7758,0,0.0
M1MVA6,False,7759,0,0.0
W4LVP8,False,7760,0,0.0
A0A239GH68,False,7761,0,0.0
A0A6M0LAP5,False,7762,0,0.0
A0A4P6UBK9,False,7763,0,0.0
K9FXZ0,False,7764,0,0.0
F0Q790,False,7765,0,0.0
A0A0H3D538,False,7766,0,0.0
A0A1M7R8K4,False,7767,0,0.0
A0A6P1U921,False,7768,0,0.0
A0A919CQH7,False,7769,0,0.0
S2YZ38,False,7770,0,0.0
W0RP85,False,7771,0,0.0
G8RVY6,False,7772,0,0.0
A0A1I6KUI3,False,7773,0,0.0
F7KIA9,False,7774,0,0.0
A0A848KDS5,False,7775,0,0.0
D0L399,False,7776,0,0.0
A0A1Q4XXZ7,False,7777,0,0.0
A0A6M5Y8Y4,False,7778,0,0.0
A0A7X4LNX8,False,7779,0,0.0
A0A076MY83,False,7780,0,0.0
A0A7W6FPR6,False,7781,0,0.0
A0A0P0EAN2,False,7782,0,0.0
A0A924CTD3,False,7783,0,0.0
A0A4S8N0F4,False,7784,0,0.0
A0A6I4T910,False,7785,0,0.0
A0A6B8M3S6,False,7786,0,0.0
A0A3E2GWL3,False,7787,0,0.0
F6FQF5,False,7788,0,0.0
A0A6M2BRJ4,False,7789,0,0.0
A0A7Y0LWG0,False,7790,0,0.0
A0A167M6C3,False,7791,0,0.0
A0A444JF55,False,7792,0,0.0
A0A1I7MUL7,False,7793,0,0.0
A0A136PT35,False,7794,0,0.0
A0A0D2AKU5,False,7795,0,0.0
A0A4R2J0Q5,False,7796,0,0.0
A0A7J9VWT0,False,7797,0,0.0
A0A8B2NQQ6,False,7798,0,0.0
X7E613,False,7799,0,0.0
A0A7K9QWS9,False,7800,0,0.0
L7LN98,False,7801,0,0.0
A0A5N8XP07,False,7802,0,0.0
A0A846XGI3,False,7803,0,0.0
A0A2I0CR21,False,7804,0,0.0
A0A066YZ86,False,7805,0,0.0
A0A1V4ACF9,False,7806,0,0.0
A0A2K8PCU6,False,7807,0,0.0
F3NMW3,False,7808,0,0.0
A0A0Q6S887,False,7809,0,0.0
A0A4U0MVT2,False,7810,0,0.0
A0A0M9GGD4,False,7811,0,0.0
A0A3A4KJG4,False,7812,0,0.0
A0A934V0W8,False,7813,0,0.0
A0A2P5VN67,False,7814,0,0.0
A0A8T1NWL4,False,7815,0,0.0
A0A1G7BMT5,False,7816,0,0.0
A0A7L1TI96,False,7817,0,0.0
A0A3A3Z4S3,False,7818,0,0.0
A0A8B7T5N8,False,7819,0,0.0
A0A6L5R3I1,False,7820,0,0.0
A0A4V2S1E4,False,7821,0,0.0
A0A7J7LE97,False,7822,0,0.0
A0A1C7P269,False,7823,0,0.0
A0A4Y3WWY5,False,7824,0,0.0
A0A2R9ATI6,False,7825,0,0.0
A0A314Y3C7,False,7826,0,0.0
A0A6J0IL58,False,7827,0,0.0
A0A672H5L5,False,7828,0,0.0
A0A0D2U0D8,False,7829,0,0.0
A0A8B7SU19,False,7830,0,0.0
A0A9R1WUL2,False,7831,0,0.0
A0A7Y2M2Y5,False,7832,0,0.0
A0A8D2PSC8,False,7833,0,0.0
Q05R31,False,7834,0,0.0
A0A8D2J5P0,False,7835,0,0.0
A0A7H8JXQ2,False,7836,0,0.0
A0A1T5LF79,False,7837,0,0.0
A0A7K7M8Y9,False,7838,0,0.0
A0A8H6S6G2,False,7839,0,0.0
A0A7V8V637,False,7840,0,0.0
A0A2P6VS03,False,7841,0,0.0
A0A2P4ZD73,False,7842,0,0.0
A0A437A8R9,False,7843,0,0.0
A0A445IF82,False,7844,0,0.0
A0A2R6WLD8,False,7845,0,0.0
A0A8X7XVY8,False,7846,0,0.0
A0A195DYB6,False,7847,0,0.0
A0A2I3RA18,False,7848,0,0.0
A0A1H9NB33,False,7849,0,0.0
A0A0M2WQF3,False,7850,0,0.0
A0A0G3H8M3,False,7851,0,0.0
A0A6L2PG66,False,7852,0,0.0
A0A244CKU2,False,7853,0,0.0
A0A420XYM5,False,7854,0,0.0
C6H615,False,7855,0,0.0
A5FY55,False,7856,0,0.0
A0A8C0B9E7,False,7857,0,0.0
A0A2K6M3L0,False,7858,0,0.0
A0A8T1VE61,False,7859,0,0.0
A0A2I3RU95,False,7860,0,0.0
A0A6A3AS46,False,7861,0,0.0
A0A2R3Z8C9,False,7862,0,0.0
A0A4R6UPI3,False,7863,0,0.0
A0A915EEL4,False,7864,0,0.0
A0A967E6H6,False,7865,0,0.0
D4GZ61,False,7866,0,0.0
A0A084H4M1,False,7867,0,0.0
A0A9E7K7L4,False,7868,0,0.0
A0A2Y9LT37,False,7869,0,0.0
A0A917LMC3,False,7870,0,0.0
A0A8C9G879,False,7871,0,0.0
A0A939K2S7,False,7872,0,0.0
A0A1Y1VA88,False,7873,0,0.0
A0A326UEC2,False,7874,0,0.0
N1PFF4,False,7875,0,0.0
A0A8C9P512,False,7876,0,0.0
A0A845B4U2,False,7877,0,0.0
Q6LQZ4,False,7878,0,0.0
A0A3P8SL46,False,7879,0,0.0
A0A8H6IQA2,False,7880,0,0.0
B8C338,False,7881,0,0.0
B0D5H6,False,7882,0,0.0
B9RTY7,False,7883,0,0.0
A0A1Y2UYY6,False,7884,0,0.0
A0A066XGX8,False,7885,0,0.0
B6AEF0,False,7886,0,0.0
A0A7K7VGK4,False,7887,0,0.0
A0A1V6S2J9,False,7888,0,0.0
A0A8K0HQB9,False,7889,0,0.0
A0A068UAR1,False,7890,0,0.0
A0A6B0VKE1,False,7891,0,0.0
Q28NX9,False,7892,0,0.0
A0A4P6Q5G1,False,7893,0,0.0
A0A2S5BC92,False,7894,0,0.0
R7LCS5,False,7895,0,0.0
L8FQJ3,False,7896,0,0.0
A0A136JG49,False,7897,0,0.0
A0A8T2T948,False,7898,0,0.0
A0A2V1BTJ0,False,7899,0,0.0
A0A6P6FMH3,False,7900,0,0.0
A0A4U0U450,False,7901,0,0.0
A0A1H8CPU1,False,7902,0,0.0
A0A0F8UVX8,False,7903,0,0.0
A0A5C3E5L4,False,7904,0,0.0
U5HAQ8,False,7905,0,0.0
A0A8C3UAM5,False,7906,0,0.0
A0A072NV61,False,7907,0,0.0
A0A0U4WVN0,False,7908,0,0.0
A0A1R3Y333,False,7909,0,0.0
A0A2P5XS31,False,7910,0,0.0
A0A428R6I1,False,7911,0,0.0
G7JMF3,False,7912,0,0.0
A0A7I8VDS0,False,7913,0,0.0
U5VV87,False,7914,0,0.0
W6Z3W4,False,7915,0,0.0
A0A5N5LD30,False,7916,0,0.0
A0A845SDJ7,False,7917,0,0.0
K5UMZ4,False,7918,0,0.0
K1WN03,False,7919,0,0.0
A0A2V1DZ31,False,7920,0,0.0
A0A438M7Z3,False,7921,0,0.0
A0A8H7KZR7,False,7922,0,0.0
W3WZ99,False,7923,0,0.0
A0A178XDY8,False,7924,0,0.0
A0A7L5SYF4,False,7925,0,0.0
A0A1B6AI62,False,7926,0,0.0
A0A5Q0LMM9,False,7927,0,0.0
A0A1M6AVK9,False,7928,0,0.0
A0A1M5I7V2,False,7929,0,0.0
W9XLT0,False,7930,0,0.0
A0A7T7MBH9,False,7931,0,0.0
A0A165K134,False,7932,0,0.0
A0A4S8MCF0,False,7933,0,0.0
A0A8H7CB94,False,7934,0,0.0
A0A939P7U7,False,7935,0,0.0
A0A395HZC9,False,7936,0,0.0
Q2GPR8,False,7937,0,0.0
A0A8H4CV35,False,7938,0,0.0
A0A1A9J7V3,False,7939,0,0.0
A0A4T0VE00,False,7940,0,0.0
A0A7X0HGW2,False,7941,0,0.0
A0A951JAW1,False,7942,0,0.0
A0A4Q7L4W6,False,7943,0,0.0
A0A918P777,False,7944,0,0.0
A0A8T8I1V3,False,7945,0,0.0
A0A1Q4V846,False,7946,0,0.0
A0A0N1GE92,False,7947,0,0.0
A0A0D1ZPJ2,False,7948,0,0.0
A0A7W8A7E9,False,7949,0,0.0
A0A975CCT4,False,7950,0,0.0
D9X367,False,7951,0,0.0
A0A1L9NHZ1,False,7952,0,0.0
A0A4V3DEY3,False,7953,0,0.0
A0A1B6AJB6,False,7954,0,0.0
K4R1L6,False,7955,0,0.0
A0A317FYR0,False,7956,0,0.0
A0A1H9VK79,False,7957,0,0.0
A0A1H3IHJ5,False,7958,0,0.0
A0A2R2W8Z5,False,7959,0,0.0
A0A4R5NFR8,False,7960,0,0.0
K8E3N4,False,7961,0,0.0
A0A2N0ZD70,False,7962,0,0.0
A0A974NNB2,False,7963,0,0.0
A0A8J1T903,False,7964,0,0.0
C0Z6E3,False,7965,0,0.0
A0A1H6RX87,False,7966,0,0.0
A0A1I3AZ33,False,7967,0,0.0
A0A7L7KUL4,False,7968,0,0.0
A0A8J3J010,False,7969,0,0.0
A0A1H0PF85,False,7970,0,0.0
A0A7K3XX59,False,7971,0,0.0
A0A1S3JDF8,False,7972,0,0.0
F9VDV1,False,7973,0,0.0
A0A1I0RR42,False,7974,0,0.0
A0A6M0H4Y7,False,7975,0,0.0
A0A1I5BCI5,False,7976,0,0.0
A0A402B2E0,False,7977,0,0.0
A0A4R9B7W3,False,7978,0,0.0
A0A235ADJ1,False,7979,0,0.0
A0A3G9JF33,False,7980,0,0.0
A0A7U9TH61,False,7981,0,0.0
F4XBH9,False,7982,0,0.0
A0A553ZYT6,False,7983,0,0.0
A0A0N8GG85,False,7984,0,0.0
A0A1P8Q5N8,False,7985,0,0.0
U4KSD3,False,7986,0,0.0
A0A1I0G5I7,False,7987,0,0.0
A0A1H1ZZB6,False,7988,0,0.0
A0A1G6BMH4,False,7989,0,0.0
A0A073IG87,False,7990,0,0.0
S3BZ76,False,7991,0,0.0
A0A328AD17,False,7992,0,0.0
A0A8H6LN63,False,7993,0,0.0
A0A2Z5FTW7,False,7994,0,0.0
A0A0Q6MV98,False,7995,0,0.0
A0A4R5DFK2,False,7996,0,0.0
A0A0R0CVJ4,False,7997,0,0.0
A0A1I0QEK7,False,7998,0,0.0
A0A1U8ABK2,False,7999,0,0.0
A0A4U5Q485,False,8000,0,0.0
A0A2Z5K3N5,False,8001,0,0.0
A0A917VIW5,False,8002,0,0.0
A0A1M7I1J3,False,8003,0,0.0
A0A1U8DXA8,False,8004,0,0.0
A0A180ESL4,False,8005,0,0.0
A0A1S9D5H0,False,8006,0,0.0
A0A4Z1PAG5,False,8007,0,0.0
A0A0N8WFW5,False,8008,0,0.0
A0A7W7FXV8,False,8009,0,0.0
M0NYX1,False,8010,0,0.0
A0A917J6B6,False,8011,0,0.0
A0A164IR55,False,8012,0,0.0
A0A7W9EWP1,False,8013,0,0.0
A0A8J6TYX4,False,8014,0,0.0
A0A2A7NFR2,False,8015,0,0.0
A0A8H8D655,False,8016,0,0.0
A0A848KT58,False,8017,0,0.0
A0A7W9LGH2,False,8018,0,0.0
A0A165CU74,False,8019,0,0.0
A0A4P9Y5V8,False,8020,0,0.0
A0A919NXX9,False,8021,0,0.0
A0A167T297,False,8022,0,0.0
A0A1H5YAK7,False,8023,0,0.0
A0A5B8A0S4,False,8024,0,0.0
A0A8H6R196,False,8025,0,0.0
A0A4Y9TA16,False,8026,0,0.0
A0A4U5PX38,False,8027,0,0.0
A0A1B2HEQ0,False,8028,0,0.0
A0A0Q6WJ62,False,8029,0,0.0
A0A918U1K7,False,8030,0,0.0
R5JS10,False,8031,0,0.0
A0A5B9MGV3,False,8032,0,0.0
A0A2R7SLS1,False,8033,0,0.0
A0A5C6AHM7,False,8034,0,0.0
A0A4R1MZM5,False,8035,0,0.0
A0A6M5YQU6,False,8036,0,0.0
R6CP89,False,8037,0,0.0
Q8EPK6,False,8038,0,0.0
A0A177ZK97,False,8039,0,0.0
A0A0F5JHK7,False,8040,0,0.0
A0A2V5K4X2,False,8041,0,0.0
A0A162F2Z2,False,8042,0,0.0
A0A0E3ZHQ7,False,8043,0,0.0
A0A972GW69,False,8044,0,0.0
A0A916JFA5,False,8045,0,0.0
A0A927CDQ2,False,8046,0,0.0
A0A8J7GZ96,False,8047,0,0.0
M7XZ94,False,8048,0,0.0
R6EF55,False,8049,0,0.0
R7ZMQ5,False,8050,0,0.0
R5P518,False,8051,0,0.0
A0A518CU00,False,8052,0,0.0
A0A7V8CW83,False,8053,0,0.0
A0A517YDA5,False,8054,0,0.0
W4QCM9,False,8055,0,0.0
A0A5C6CY09,False,8056,0,0.0
R5I1S3,False,8057,0,0.0
A0A1C0ZVM1,False,8058,0,0.0
A0A517MHB8,False,8059,0,0.0
A0A1H1MPX9,False,8060,0,0.0
A0A5C4SYM9,False,8061,0,0.0
A0A1I2CYK2,False,8062,0,0.0
A0A6N9YS09,False,8063,0,0.0
A0A1H1U537,False,8064,0,0.0
A0A926CZW0,False,8065,0,0.0
A0A2R4C5R9,False,8066,0,0.0
A0A518DVS7,False,8067,0,0.0
A0A089XEK8,False,8068,0,0.0
A0A919U5X1,False,8069,0,0.0
A0A2J7ZF00,False,8070,0,0.0
A0A7K2ZRI2,False,8071,0,0.0
A0A1I7MIR3,False,8072,0,0.0
A0A8J4DSP9,False,8073,0,0.0
A0A918ZDL8,False,8074,0,0.0
A0A5R9LVB0,False,8075,0,0.0
A0A7S8MXG3,False,8076,0,0.0
A0A7K3DW50,False,8077,0,0.0
A1A0V3,False,8078,0,0.0
A0A0A6X5G0,False,8079,0,0.0
A0A0Q7UWN9,False,8080,0,0.0
A0A3M9M116,False,8081,0,0.0
A0A1H9UFY6,False,8082,0,0.0
A0A7W7R098,False,8083,0,0.0
A0A1X1TCH0,False,8084,0,0.0
A0A918AT50,False,8085,0,0.0
A0A7Y8WU39,False,8086,0,0.0
A0A4P6UGZ4,False,8087,0,0.0
A0A6G3S1T0,False,8088,0,0.0
A0A4S2TEF1,False,8089,0,0.0
A0A917Q9Z3,False,8090,0,0.0
A5U104,False,8091,0,0.0
A0A840DLW6,False,8092,0,0.0
A0A6H9WN71,False,8093,0,0.0
A0A238X4P1,False,8094,0,0.0
A0A543B2L6,False,8095,0,0.0
A0A0T1W2S9,False,8096,0,0.0
A0A0F6QZS4,False,8097,0,0.0
A0A4Y3VKG7,False,8098,0,0.0
A0A1C5K5X8,False,8099,0,0.0
A0A937ECW3,False,8100,0,0.0
A0A4R1CIG6,False,8101,0,0.0
A0A5J6EP68,False,8071,0,0.0
A0A345SUN7,False,8102,0,0.0
A0A0B8NAW5,False,8103,0,0.0
A0A7G5LY80,False,8104,0,0.0
A0A840PJT7,False,8105,0,0.0
G6YG50,False,8106,0,0.0
A0A143QLQ7,False,8107,0,0.0
A0A0D8HW37,False,8108,0,0.0
A0A5B0DPZ0,False,8109,0,0.0
A0A3S4S704,False,8110,0,0.0
A0A3M2JKS9,False,8111,0,0.0
A0A164HX66,False,8112,0,0.0
A0A1V0TWD4,False,8113,0,0.0
A0A077M1H7,False,8114,0,0.0
W9GC52,False,8115,0,0.0
M3UVM3,False,8116,0,0.0
A0A0W7WJK8,False,8117,0,0.0
A0A0F0HLC2,False,8118,0,0.0
Q741S1,False,8119,0,0.0
A0A918A990,False,8120,0,0.0
A0A318K536,False,8121,0,0.0
A0A1H3B032,False,8122,0,0.0
K0FAC1,False,8123,0,0.0
A0A561WMN2,False,8124,0,0.0
A0A1B6YIR1,False,8125,0,0.0
A0A372IY45,False,8126,0,0.0
A0A317NT08,False,8127,0,0.0
A0A1I1K9W6,False,8128,0,0.0
A0A7G7CRX6,False,8129,0,0.0
A0A1X1TP61,False,8130,0,0.0
W1N911,False,8131,0,0.0
A0A4Y9Q6A3,False,8132,0,0.0
A0A541B4E2,False,8133,0,0.0
K0K3W4,False,8134,0,0.0
A0A1H9XPJ5,False,8135,0,0.0
Q7UH76,False,8136,0,0.0
A0A916UH35,False,8137,0,0.0
A0A1M7R2Z7,False,8138,0,0.0
A0A0T1WPJ8,False,8139,0,0.0
A0A7L4YQJ9,False,8140,0,0.0
A0A0T2QGS6,False,8141,0,0.0
A0A931GS95,False,8142,0,0.0
A0A2S0KGJ6,False,8143,0,0.0
A0A6I3KZR9,False,8144,0,0.0
A0A6N4WDX8,False,8145,0,0.0
A0A848KK93,False,8146,0,0.0
A0A7I7QYR4,False,8147,0,0.0
Q0A9V7,False,8148,0,0.0
A0A2P7SG68,False,8149,0,0.0
A0A2T7G069,False,8150,0,0.0
S9Q841,False,8151,0,0.0
A0A285EM87,False,8152,0,0.0
W5T7X9,False,8153,0,0.0
A0A2P2GDX7,False,8154,0,0.0
W9GBJ2,False,8155,0,0.0
B2HT83,False,8156,0,0.0
A0A132PTR1,False,8157,0,0.0
A0A5D4H157,False,8158,0,0.0
A0A2A7MVT8,False,8159,0,0.0
A0A849H7G3,False,8160,0,0.0
A0A081C252,False,8161,0,0.0
A0A934NXX7,False,8162,0,0.0
A0A7K0DXM7,False,8163,0,0.0
A0A178IFH7,False,8149,0,0.0
A0A6H9WD53,False,8164,0,0.0
A0A291GSS2,False,8165,0,0.0
K0YZF9,False,8166,0,0.0
A0A516X3W0,False,8167,0,0.0
A0A2G5PG16,False,8168,0,0.0
A0A1H2GHH1,False,8169,0,0.0
A0A1I5WQB9,False,8170,0,0.0
A0A7I9XX59,False,8171,0,0.0
A0A261D3A6,False,8172,0,0.0
A0A5Q2VWE3,False,8173,0,0.0
A0A1V2ZY51,False,8174,0,0.0
A0A1L9VGI9,False,8175,0,0.0
A0A1R3FU54,False,8176,0,0.0
A0A8C3TEY4,False,8177,0,0.0
A0A8T1WZ87,False,8178,0,0.0
A0A674K9Q7,False,8179,0,0.0
A0A2A6C9P6,False,8180,0,0.0
A0A674KD04,False,8181,0,0.0
A0A821RJP4,False,8182,0,0.0
A0A1L9MY15,False,8183,0,0.0
A0A7I8L7K2,False,8184,0,0.0
B0DHH1,False,8185,0,0.0
A0A9D3VRY0,False,8186,0,0.0
A0A7J8XD88,False,8187,0,0.0
A0A7E5VS12,False,8188,0,0.0
A0A1Y3AUE0,False,8189,0,0.0
A0A6J1X5B1,False,8190,0,0.0
A0A7L3M2G9,False,8191,0,0.0
A0A9D4PVZ3,False,8192,0,0.0
B4HS13,False,8193,0,0.0
A0A1V4K4X4,False,8194,0,0.0
A0A6A1VGD0,False,8195,0,0.0
A0A5D2TGD4,False,8196,0,0.0
A0A078BAB6,False,8197,0,0.0
A0A834M7Q0,False,8198,0,0.0
A0A4S2KQV7,False,8199,0,0.0
A0A8T0RVC6,False,8200,0,0.0
A0A851UDC9,False,8201,0,0.0
A0A8B7NCM2,False,8202,0,0.0
A0A178F3E4,False,8203,0,0.0
A0A7K6CCR5,False,8204,0,0.0
A0A183TAW6,False,8205,0,0.0
A0A5B6UPZ8,False,8206,0,0.0
A0A6I8UK07,False,8207,0,0.0
A0A0K0EI54,False,8208,0,0.0
B0W003,False,8209,0,0.0
A0A016T877,False,8210,0,0.0
A0A292E5J7,False,8211,0,0.0
F8AE45,False,8212,0,0.0
F8KZU9,False,8213,0,0.0
A0A0J1F7J4,False,8214,0,0.0
A0A927FCX0,False,8215,0,0.0
A0A398BHJ1,False,8216,0,0.0
A5FTN4,False,8217,0,0.0
R9J109,False,8218,0,0.0
A0A246JE15,False,8219,0,0.0
A0A1G6ZP24,False,8220,0,0.0
A0A2K9LBZ0,False,8221,0,0.0
A0A1W1Y246,False,8222,0,0.0
A0A939I6X1,False,8223,0,0.0
R5MZC3,False,8224,0,0.0
D6EAJ0,False,8225,0,0.0
A0A562UZV8,False,8226,0,0.0
A8ZVS8,False,8227,0,0.0
A0A4Z0V1I5,False,8228,0,0.0
A0A942PKQ5,False,8229,0,0.0
A0A6N7PLU8,False,8230,0,0.0
A0A6I5YY46,False,8231,0,0.0
A0A511XPA0,False,8232,0,0.0
A0A1I5C3K5,False,8233,0,0.0
A0A0V8QBG8,False,8234,0,0.0
A0A940M811,False,8235,0,0.0
X6DHR7,False,8236,0,0.0
A0A917JGF7,False,8237,0,0.0
A0A0M6YK33,False,8238,0,0.0
A0A0A0E9Q6,False,8239,0,0.0
A0A6N9YI58,False,8240,0,0.0
G8X9S4,False,8241,0,0.0
A0A0D6PI30,False,8242,0,0.0
A0A5K1JHP7,False,8243,0,0.0
A0A7Y0JU32,False,8244,0,0.0
A0A515DDL7,False,8245,0,0.0
A0A2U1E6X6,False,8246,0,0.0
A0A4U1C698,False,8247,0,0.0
A0A2G4F569,False,8248,0,0.0
A0A2H3NWZ5,False,8249,0,0.0
A0A7Y3VYP9,False,8250,0,0.0
A0A7L7VNM8,False,8251,0,0.0
A0A368VGR5,False,8252,0,0.0
A0A7I7K188,False,8253,0,0.0
A0A916TZS3,False,8254,0,0.0
A0A0Q7UMA5,False,8255,0,0.0
A0A0T2KUU9,False,8256,0,0.0
A0A290ZM82,False,8257,0,0.0
A0A7I7MR44,False,8258,0,0.0
A0A2T0VJG8,False,8259,0,0.0
A0A923VBT7,False,8260,0,0.0
N1UZC0,False,8261,0,0.0
A0A1H3I7S7,False,8262,0,0.0
A0A4Q7KWC8,False,8263,0,0.0
A0A379M041,False,8264,0,0.0
A0A849H9F3,False,8265,0,0.0
A0A2P1P9I1,False,8266,0,0.0
B9LVE4,False,8267,0,0.0
I4F1Q3,False,8268,0,0.0
A0A6C1B519,False,8269,0,0.0
A0A5D3FEG6,False,8270,0,0.0
A0A6M5IYR3,False,8271,0,0.0
A0A931IBD4,False,8272,0,0.0
A0A4R6GDU1,False,8273,0,0.0
A0A1G8UQ36,False,8274,0,0.0
A0A060REE0,False,8275,0,0.0
A0A4R8XLH2,False,8276,0,0.0
A0A917B8X5,False,8277,0,0.0
A0A7H0GPF4,False,8278,0,0.0
A0A5B8XRC3,False,8279,0,0.0
A0A7L5YAY8,False,8280,0,0.0
A0A1H0JFE9,False,8281,0,0.0
A0A238DPV0,False,8282,0,0.0
D5ET96,False,8283,0,0.0
A0A098GJL4,False,8284,0,0.0
A0A0Q6FS64,False,8285,0,0.0
A0A8F3IIK6,False,8286,0,0.0
A0A1M5PUK7,False,8287,0,0.0
A0A6N9YI08,False,8288,0,0.0
A0A2V3DQG4,False,8289,0,0.0
A0A7X6K5P6,False,8290,0,0.0
A0A7L5ZGS8,False,8291,0,0.0
A0A316ENH1,False,8292,0,0.0
B2GHW7,False,8293,0,0.0
A0A8J3BSL6,False,8294,0,0.0
A0A6J4YLL1,False,8295,0,0.0
A0A218ZR44,False,8296,0,0.0
A0A1G9PLA1,False,8297,0,0.0
C6L9B1,False,8298,0,0.0
A0A923PMJ7,False,8299,0,0.0
Q6MBX0,False,8300,0,0.0
A0A1Y0N9T1,False,8301,0,0.0
A0A011QET2,False,8302,0,0.0
A0A1M6C136,False,8303,0,0.0
A0A4Q2EIY4,False,8304,0,0.0
A0A0K0XZV6,False,8305,0,0.0
A0A918SET9,False,8306,0,0.0
A0LN51,False,8307,0,0.0
A0A7L5ZIY2,False,8308,0,0.0
A5CMY0,False,8309,0,0.0
A0A8H2KAY0,False,8310,0,0.0
A0A2H3NQS5,False,8311,0,0.0
A0A239E799,False,8312,0,0.0
A0A974ZL65,False,8313,0,0.0
A0A6A7KYI3,False,8314,0,0.0
A0A1G7IJG7,False,8315,0,0.0
A0A1I3LAX6,False,8316,0,0.0
A0A1V2B165,False,8317,0,0.0
A0A5D3WI20,False,8318,0,0.0
R4SUM4,False,8319,0,0.0
A0A516SAB6,False,8320,0,0.0
A0A095XX26,False,8321,0,0.0
A0A556M9A5,False,8322,0,0.0
A0A972NYP2,False,8323,0,0.0
A0A1M6GGG1,False,8324,0,0.0
A0A802W2C0,False,8325,0,0.0
A0A542UVP3,False,8326,0,0.0
A0A852X0P7,False,8327,0,0.0
A0A4R1RHI8,False,8328,0,0.0
A0A0G3GUT0,False,8329,0,0.0
A0A370N0F2,False,8330,0,0.0
A0A1X1QPL2,False,8331,0,0.0
A0A1S1TLW7,False,8332,0,0.0
K8W1E5,False,8333,0,0.0
A0A1S2SXR2,False,8334,0,0.0
A0A255Z7X1,False,8335,0,0.0
T0G3R1,False,8336,0,0.0
A0A7J0BR95,False,8337,0,0.0
A0A4Q7YT32,False,8338,0,0.0
A0A4R6TZV2,False,8339,0,0.0
A0A291GIE5,False,8340,0,0.0
A0A3S3SG06,False,8341,0,0.0
A0A4P6X923,False,8342,0,0.0
A0A126RRC5,False,8343,0,0.0
A0A369AUT9,False,8344,0,0.0
A0A917CRM1,False,8345,0,0.0
A0A6M8UP16,False,8346,0,0.0
A0A7U7ERM0,False,8347,0,0.0
C1F7G2,False,8348,0,0.0
A0A328YS12,False,8349,0,0.0
D8DX34,False,8350,0,0.0
A0A5N7MTV6,False,8351,0,0.0
A0A246JN10,False,8352,0,0.0
D1PW92,False,8353,0,0.0
A0A1U7DDR6,False,8354,0,0.0
A0A8T4IHP4,False,8355,0,0.0
A0A545U5J4,False,8356,0,0.0
A0A4R1RI34,False,8357,0,0.0
A0A1X1QLQ0,False,8334,0,0.0
A1VVH1,False,8358,0,0.0
A9MS50,False,8359,0,0.0
A0A410GDR9,False,8360,0,0.0
A0A7Y4C4C2,False,8361,0,0.0
A0A372MDE0,False,8362,0,0.0
A0A930Y6C6,False,8363,0,0.0
A0A931E8L4,False,8364,0,0.0
A0A081NHH1,False,8365,0,0.0
U2ZX21,False,8366,0,0.0
A0A2A2I0E6,False,8367,0,0.0
A0A5B8ST24,False,8368,0,0.0
A0A657LMI5,False,8369,0,0.0
A0A2S5TGQ1,False,8370,0,0.0
A0A160FW61,False,8371,0,0.0
A0A940EDK5,False,8372,0,0.0
A0A1W2G5W5,False,8366,0,0.0
A0A2U2GUH5,False,8373,0,0.0
A0A208YAH5,False,8374,0,0.0
E0TGY5,False,8375,0,0.0
A0A2Z6E553,False,8376,0,0.0
A0A5P9C940,False,8366,0,0.0
A0A1C3ZXD5,False,8366,0,0.0
A0A285RR49,False,8377,0,0.0
A0A225NHF5,False,8372,0,0.0
A0A1G7Y2X2,False,8378,0,0.0
A0A4R8ISH9,False,8379,0,0.0
A0A7Z0BV77,False,8366,0,0.0
A0A316H3D7,False,8380,0,0.0
A0A0A0JS81,False,8381,0,0.0
A0A1H1J3E8,False,8382,0,0.0
T0HDH0,False,8383,0,0.0
A0A1V1WB46,False,8384,0,0.0
A0A087D5D9,False,8385,0,0.0
A0A1I3Z5X9,False,8386,0,0.0
A0A437UVL9,False,8387,0,0.0
A0A1H1FCD3,False,8388,0,0.0
A0A2P8E138,False,8389,0,0.0
A0A7L4YLE3,False,8381,0,1.0
A0A846RLH3,False,8390,0,0.0
A0A939LVQ2,False,8391,0,0.0
F0YZQ0,False,8392,0,0.0
A0A0F6QWC7,False,8393,0,0.0
A0A518EKN4,False,8394,0,0.0
A0A930Y688,False,8395,0,0.0
A0A1X0DJC2,False,8397,0,0.0
A0A975W0R6,False,8398,0,0.0
A0A4Q7NRB0,False,8399,0,0.0
A0A7K1FS62,False,8400,0,0.0
A0A3E2YTG7,False,8401,0,0.0
A8ZVS7,False,8402,0,0.0
D4YPZ9,False,8403,0,0.0
A0A4R8WSZ0,False,8396,0,1.0
A0A541BMH3,False,8404,0,0.0
A0A239CLQ9,False,8392,0,0.0
A0A4Q0M9P4,False,8405,0,0.0
A0A2A9CR22,False,8406,0,0.0
A0A849HCG0,False,8407,0,0.0
A0A4P8I806,False,8408,0,0.0
A0A516PYI6,False,8409,0,0.0
A0A2I0MXZ6,False,8410,0,0.0
A0A919YQ26,False,8411,0,0.0
B4RID7,False,8412,0,0.0
A0A095Y191,False,8413,0,0.0
A0A841PW03,False,8414,0,0.0
A0A941CMM5,False,8415,0,0.0
A0A2S1LB83,False,8416,0,0.0
A0A5J5G561,False,8417,0,0.0
A0A840YTL2,False,8418,0,0.0
A0A6N7PIE5,False,8419,0,0.0
A0A4P9Z660,False,8420,0,0.0
A0A369QM09,False,8421,0,0.0
A0A970BBT3,False,8422,0,0.0
A0A3S2X6X6,False,8423,0,0.0
A0A8J3D9C0,False,8424,0,0.0
A0A317C9N9,False,8425,0,0.0
A0A516KFU7,False,8426,0,0.0
A0A017RVI1,False,8427,0,0.0
A0A3A9GU15,False,8428,0,0.0
A0A369WR68,False,8429,0,0.0
M7N938,False,8430,0,0.0
A0A498DKA3,False,8431,0,0.0
A0A7J5API3,False,8432,0,0.0
A0A495DRV6,False,8433,0,0.0
A0A4S3ZVG4,False,8434,0,0.0
A0A6L5Z3F7,False,8435,0,0.0
S0G5J9,False,8436,0,0.0
A0A4V2ML93,False,8437,0,0.0
A0A7X0A8S8,False,8438,0,0.0
C4LEA8,False,8439,0,0.0
A0A6M1T1X1,False,8440,0,0.0
A8UNU2,False,8441,0,0.0
A0A7W8N840,False,8442,0,0.0
A0A1Y4TLX7,False,8443,0,0.0
A0A0W0ZRM8,False,8444,0,0.0
A0A5M4AN91,False,8445,0,0.0
A0A556QMH0,False,8446,0,0.0
A0A6B0TXV8,False,8447,0,0.0
F9Z8P1,False,8448,0,0.0
A0A2X3W9G3,False,8449,0,0.0
A0A7X0A6H7,False,8450,0,0.0
A0A925N2T4,False,8451,0,0.0
A0A1P8RSA1,False,8452,0,0.0
A0A919S1L0,False,8453,0,0.0
A0A371IY57,False,8454,0,0.0
A0A391NY20,False,8455,0,0.0
A0A0K9GTS2,False,8457,0,0.0
A0A3S2UV40,False,8458,0,0.0
A0A1T4XE36,False,8459,0,0.0
A0A371AYE4,False,8460,0,0.0
A0A1I1J1I7,False,8461,0,0.0
A0A410PNH6,False,8462,0,0.0
A0A0M2NDI4,False,8463,0,0.0
A0A3A9GLA1,False,8464,0,0.0
A0A168JWK4,False,8465,0,0.0
A0A0N0C3Z6,False,8466,0,0.0
A0A2X3VTD0,False,8465,0,1.0
A0A417EWK5,False,8467,0,0.0
A0A1E5G3A1,False,8456,0,1.0
A0A934MJM1,False,8468,0,0.0
A0A1M5T5P6,False,8469,0,0.0
A0A0M2HPQ4,False,8470,0,0.0
A0A6B8RQX9,False,8471,0,0.0
A0A7W5AUG8,False,8472,0,0.0
A0A074LYV3,False,8473,0,0.0
A0A0M2HW75,False,8474,0,0.0
A0A848MDC6,False,8475,0,0.0
A0A3N2G5W7,False,8476,0,0.0
A0A542FTB0,False,8477,0,0.0
A0A1H0WU19,False,8478,0,0.0
A0A850HVR1,False,8479,0,0.0
A0A2Z2KUN6,False,8480,0,0.0
K6YZ49,False,8481,0,0.0
A0A2Z4UCL2,False,8482,0,0.0
A0A926D0T3,False,8483,0,0.0
A0A1R1D523,False,8484,0,0.0
A0A1C6UNL6,False,8485,0,0.0
A0A917G4B9,False,8486,0,0.0
A0A6B8RPE7,False,8487,0,0.0
C9Z507,False,8488,0,0.0
A0A1E3L917,False,8489,0,0.0
A0A094IN82,False,8490,0,0.0
A0A9D5R7X1,False,8491,0,0.0
A0A916QF60,False,8492,0,0.0
A0A4S5A5N8,False,8493,0,0.0
A0A927LZL5,False,8494,0,0.0
R5DVL7,False,8495,0,0.0
A0A4Q2SBP9,False,8496,0,0.0
L2FVL6,False,8497,0,0.0
A0A3Q8X7P3,False,8498,0,0.0
A0A3Q9FUG2,False,8499,0,0.0
A0A944QA61,False,8500,0,0.0
U2EF85,False,8501,0,0.0
A0A172ZCJ7,False,8502,0,0.0
A0A0Q8E2C4,False,8503,0,0.0
A0A7R7ZHB3,False,8504,0,0.0
A0A9D5R7L3,False,8505,0,0.0
A0A1B8W7V6,False,8506,0,0.0
A0A1G4FI18,False,8507,0,0.0
G5GAT0,False,8508,0,0.0
A0A4Z0H664,False,8509,0,0.0
A0A3R6VUW7,False,8510,0,0.0
A0A1H3HE34,False,8511,0,0.0
A0A3N4NQI2,False,8512,0,0.0
E4MCU6,False,8513,0,0.0
A0A090Q1E2,False,8514,0,0.0
R9KA33,False,8515,0,0.0
A0A510JQT6,False,8516,0,0.0
A0A7W8G9Z0,False,8517,0,0.0
A0A7R7HF45,False,8518,0,0.0
A0A161LD10,False,8519,0,0.0
A0A2S7WGI8,False,8520,0,0.0
R6VMX6,False,8521,0,0.0
R7GQC4,False,8522,0,0.0
A0A3G2G3A0,False,8523,0,0.0
F0KFX0,False,8524,0,0.0
A0A1D9PEE8,False,8525,0,0.0
A0A088TPP3,False,8526,0,0.0
A0A4R1MK89,False,8527,0,0.0
A0A1L4BW21,False,8528,0,0.0
A0A1M6MY85,False,8529,0,0.0
A0A8J3CLB6,False,8530,0,0.0
A0A075JEP0,False,8531,0,0.0
D4YP35,False,8532,0,0.0
A0A0R2NKX7,False,8517,0,1.0
A0A430AK37,False,8533,0,0.0
A0A1A7KDL4,False,8534,0,0.0
A0A8J7FQI9,False,8535,0,0.0
A0A413R613,False,8536,0,0.0
U2JCP0,False,8537,0,0.0
A0A1M5T7Y9,False,8538,0,0.0
G6AGH0,False,8539,0,0.0
A0A927PJG3,False,8540,0,0.0
A0A964TC37,False,8541,0,0.0
A0A4R6IHE3,False,8542,0,0.0
A0A1Y4S0B1,False,8543,0,0.0
A0A521FRT9,False,8544,0,0.0
A0A494WZB9,False,8545,0,0.0
A0A1T5J733,False,8546,0,0.0
A0A7I7SNE4,False,8547,0,0.0
A0A563U0U2,False,8548,0,0.0
A0A428YBD3,False,8549,0,0.0
D1AXV8,False,8550,0,0.0
A0A1K0GNJ3,False,8551,0,0.0
F3Z3D4,False,8552,0,0.0
A1VVI2,False,8553,0,0.0
A0A925SVJ1,False,8554,0,0.0
A0A7Z2ZPW4,False,8555,0,0.0
A0A1M6PZN5,False,8556,0,0.0
A0A1K2IPY5,False,8557,0,0.0
A0A7W9KFW2,False,8558,0,0.0
A0A1P8UNX1,False,8559,0,0.0
A0A844WEN7,False,8560,0,0.0
A0A2M9I9Z2,False,8561,0,0.0
A0A251WWP6,False,8562,0,0.0
A0A3M0HWX8,False,8563,0,0.0
A0A944JD26,False,8564,0,0.0
C2BIN2,False,8565,0,0.0
R4K3F8,False,8566,0,0.0
A0A5S9R6G4,False,8567,0,0.0
A0A518BXD9,False,8568,0,0.0
A0A917UN27,False,8569,0,0.0
N8ZFJ9,False,8570,0,0.0
A0A031FPP5,False,8571,0,0.0
A0A3P3VUG5,False,8572,0,0.0
A0A926J891,False,8573,0,0.0
A0A6B8RPD5,False,8574,0,0.0
A0A291LZA7,False,8575,0,0.0
A0A7W7PYC8,False,8576,0,0.0
A0A517DQI3,False,8577,0,0.0
A0A2S9QB46,False,8579,0,0.0
A0A1W2H8F0,False,8580,0,0.0
A0A412HWX9,False,8581,0,0.0
A0A4R4K8P6,False,8582,0,0.0
A5FWN7,False,8583,0,0.0
A0A3R6HWA5,False,8584,0,0.0
A0A2T4DRH8,False,8585,0,0.0
A0A086ME21,False,8586,0,0.0
A0A1Y1SJS1,False,8587,0,0.0
A0A074M3Q2,False,8588,0,0.0
A0A1I6THA8,False,8589,0,0.0
A0A7G9SU37,False,8590,0,0.0
A0A1E7RMP7,False,8591,0,0.0
A0A4Y9RDU2,False,8592,0,0.0
A0A2S7SS88,False,8593,0,0.0
C5CH41,False,8594,0,0.0
K9UVS9,False,8595,0,0.0
A0A444IWX8,False,8596,0,0.0
A0A515DEB2,False,8597,0,0.0
A0A939TS34,False,8598,0,0.0
A0A1V9G9L9,False,8599,0,0.0
Q8ZK04,False,8578,0,1.0
A0A5E7YQ06,False,8600,0,0.0
A0A069D647,False,8601,0,0.0
K9RKW4,False,8602,0,0.0
B9M288,False,8603,0,0.0
A0A0X1SY95,False,8604,0,0.0
A0A975GHG6,False,8605,0,0.0
F7K880,False,8606,0,0.0
A0A839Z1H2,False,8607,0,0.0
A0A0A2M2B7,False,8608,0,0.0
A0A1P8K6Y4,False,8609,0,0.0
A0A1Q2MEP2,False,8610,0,0.0
A0A8J7FDC2,False,8611,0,0.0
A0A327NUD6,False,8612,0,0.0
Q2IKC4,False,8613,0,0.0
A0A6G6Y797,False,8614,0,0.0
A0A1V8RQD5,False,8615,0,0.0
A0A1H3LL93,False,8616,0,0.0
A0A4Y4CXW2,False,8617,0,0.0
A0A0Q5UM41,False,8618,0,0.0
A0A4R2I9D1,False,8619,0,0.0
A0A918T2Y8,False,8620,0,0.0
A0A8J8MVT6,False,8621,0,0.0
Q7WXI6,False,8622,0,0.0
A0A517TGW1,False,8623,0,0.0
X6D1K1,False,8624,0,0.0
I2GRD4,False,8612,0,0.0
A0A939BSU9,False,8625,0,0.0
A0A0A0ESZ8,False,8626,0,0.0
A0A426R874,False,8627,0,0.0
A0A087BE75,False,8628,0,0.0
A0A975PFR5,False,8617,0,0.0
A0A160KQ74,False,8629,0,0.0
A0A1M7QQY0,False,8630,0,0.0
A0A7L5DN22,False,8631,0,0.0
A0A1I1PAR1,False,8632,0,0.0
Q7WXI7,False,8633,0,0.0
A0A7X8TFQ5,False,8634,0,0.0
A0A0E4A0H4,False,8612,0,0.0
A3VEW7,False,8635,0,0.0
A0A5C6E9N3,False,8636,0,0.0
A0A8H2K2I7,False,8637,0,0.0
A0A1V8M7J9,False,8638,0,0.0
A0A1T2L970,False,8639,0,0.0
A0A917KPU9,False,8640,0,0.0
Q21JP8,False,8641,0,0.0
A4YUW2,False,8642,0,0.0
A0A918P1V8,False,8643,0,0.0
A0A2G1UM53,False,8644,0,0.0
A0A975DDP4,False,8645,0,0.0
A0A0F0KE48,False,8646,0,0.0
A0A2N5GVG8,False,8647,0,0.0
A0A3E0WI96,False,8648,0,0.0
A0A4R2IH39,False,8649,0,0.0
A0A3A9ZIM5,False,8650,0,0.0
B7UQT9,False,8651,0,0.0
A0A4R2IFQ3,False,8652,0,0.0
A0A4V3C3X3,False,8653,0,0.0
A0A7X8RN80,False,8654,0,0.0
A0A448IXC8,False,8655,0,0.0
A0A7R6PH13,False,8656,0,0.0
A0A7X6HH50,False,8657,0,0.0
A0A3D8JQS8,False,8658,0,0.0
A0A4V5LWU5,False,8659,0,0.0
A0A7R6PTV7,False,8649,0,1.0
A0A966DTZ8,False,8660,0,0.0
A0A919KS42,False,8661,0,0.0
A0A0H2V9L8,False,8662,0,0.0
A0A7W7HV91,False,8663,0,0.0
A0A2R4XP70,False,8664,0,0.0
A0A4R6TTV0,False,8665,0,0.0
A0A7K1Y4X3,False,8666,0,0.0
A0A6P2FRE4,False,8667,0,0.0
A0A443IYK4,False,8668,0,0.0
A0A098BRC5,False,8669,0,0.0
A0A7G1KCY0,False,8670,0,0.0
A0A1Y4UBI2,False,8671,0,0.0
A0A8K1DCS6,False,8672,0,0.0
A0A6G8P0K5,False,8673,0,0.0
R6BDY9,False,8674,0,0.0
A0A1M6J8K7,False,8675,0,0.0
A0A1S9CTK8,False,8676,0,0.0
A0A852URQ3,False,8677,0,0.0
A0A649V0Y6,False,8678,0,0.0
A0A4R1M3R4,False,8679,0,0.0
A0A1X1TC91,False,8680,0,0.0
A0A1Q9JSG3,False,8681,0,0.0
G5F556,False,8682,0,0.0
E2CS34,False,8683,0,0.0
A0A840SE51,False,8684,0,0.0
A0A939HQ78,False,8685,0,0.0
D4YNB4,False,8686,0,0.0
A0A317RFJ5,False,8687,0,0.0
V2Q9G5,False,8688,0,0.0
Q1GQ51,False,8689,0,0.0
C9MU66,False,8690,0,0.0
A0A0Q5WEI3,False,8691,0,0.0
W8WUG4,False,8692,0,0.0
A0A143Y777,False,8693,0,0.0
R6CN46,False,8694,0,0.0
A0A141E0R2,False,8695,0,0.0
A0A075TV99,False,8696,0,0.0
A0A1W2E590,False,8697,0,0.0
A0A1H9SU48,False,8698,0,0.0
R7GMC8,False,8699,0,0.0
A0A0G3HDF0,False,8700,0,0.0
A0A1I3VI68,False,8701,0,0.0
A0A2V1GZD3,False,8702,0,0.0
A0A4D6AFB3,False,8703,0,0.0
A0A8J2U8Y9,False,8704,0,0.0
A0A4S5DZX7,False,8705,0,0.0
A0A225MVV4,False,8706,0,0.0
A0A0K0IL46,False,8707,0,0.0
A0A5Q0EP84,False,8708,0,0.0
A0A2H1L827,False,8709,0,0.0
A0A315BL33,False,8710,0,0.0
A0A917RXX4,False,8711,0,0.0
A0A1H0WU45,False,8712,0,0.0
A0A927LJN2,False,8713,0,0.0
A0A7S7NT05,False,8714,0,0.0
A0A846XSR9,False,8715,0,0.0
A0A927K5H6,False,8716,0,0.0
A0A4R5XUD3,False,8717,0,0.0
A0A3A9GPS6,False,8718,0,0.0
A0A3R5UE03,False,8719,0,0.0
F0SQR9,False,8720,0,0.0
A0A3A5HBU3,False,8721,0,0.0
A0A0D1J364,False,8722,0,0.0
A0A6G9YRD8,False,8723,0,0.0
K0F6R1,False,8724,0,0.0
Q4ZBL8,False,8725,0,0.0
A0A6L5EQJ6,False,8726,0,0.0
A0A918Q408,False,8727,0,0.0
A0A2Z6T6W3,False,8728,0,0.0
A0A6I2FNC6,False,8729,0,0.0
A0A918FET1,False,8730,0,0.0
A0A923MJR8,False,8731,0,0.0
W9EIL3,False,8732,0,0.0
A0A554V8B9,False,8733,0,0.0
A0A3G9IUG2,False,8734,0,0.0
W9ATY5,False,8735,0,0.0
A0A7G1KEB9,False,8736,0,0.0
A0A1S1Y8J0,False,8737,0,0.0
A0A370Q348,False,8738,0,0.0
A0A0N7GFI3,False,8739,0,0.0
A0A401Y7A6,False,8740,0,0.0
A0A975MN39,False,8741,0,0.0
A0A917QAG9,False,8742,0,0.0
A0A554V3U2,False,8743,0,0.0
Q0F0Z8,False,8744,0,0.0
B9XKC8,False,8745,0,0.0
A0A1A1ZCE8,False,8746,0,0.0
A0A0U3NND3,False,8747,0,0.0
A0A172UW37,False,8748,0,0.0
B1Y678,False,8749,0,0.0
A0A6S6XLS5,False,8750,0,0.0
A0A917I1Q0,False,8751,0,0.0
A0A494YR94,False,8752,0,0.0
A0A1X7F321,False,8753,0,0.0
A0A5B0GN55,False,8754,0,0.0
A0A380JF25,False,8755,0,0.0
A0A1M6BRH5,False,8756,0,0.0
A0A8A7K7Y7,False,8757,0,0.0
A0A4R2C726,False,8758,0,0.0
A0A1H5YIJ4,False,8759,0,0.0
A0A3G9JT11,False,8760,0,0.0
A0A223V7S3,False,8761,0,0.0
I6RY93,False,8762,0,0.0
A0A4V6P2S6,False,8763,0,0.0
A0A1E7WG58,False,8764,0,0.0
A0A0P1IR15,False,8765,0,0.0
U6RJB0,False,8766,0,0.0
A0A0R2F086,False,8767,0,0.0
A0A239EI56,False,8768,0,0.0
A0A918RWU1,False,8769,0,0.0
I0JSD7,False,8770,0,0.0
A0A2U3AFQ0,False,8771,0,0.0
A0A7Y0B343,False,8772,0,0.0
Q21R97,False,8773,0,0.0
A0A8J7B3C6,False,8774,0,0.0
A0A4Q2U6N3,False,8775,0,0.0
A0A1G9UUY1,False,8776,0,0.0
A0A4Q2EG43,False,8777,0,0.0
A0A0R1W714,False,8778,0,0.0
A0A1A9C0E7,False,8779,0,0.0
A0A6L9SAC7,False,8780,0,0.0
A0A7V8V8H5,False,8781,0,0.0
A0A919G5A0,False,8782,0,0.0
A0A6I4HZJ8,False,8783,0,0.0
A0A8K0XZ99,False,8784,0,0.0
A0A1Y5T626,False,8785,0,0.0
A0A0W1QLH6,False,8786,0,0.0
A0A8D2QP08,False,8787,0,0.0
A0A7L3GUS6,False,8788,0,0.0
A0A5F9C8P5,False,8789,0,0.0
A0A151WG79,False,8789,0,0.0
A0A1S3Q9L8,False,8790,0,0.0
A0A8U0V1W5,False,8789,0,0.0
A0A2U3WFW8,False,8791,0,0.0
A0A2I0LXH1,False,8792,0,0.0
A0A7J7XT55,False,8789,0,0.0
A0A814EU82,False,8793,0,0.0
A0A2K5P621,False,8789,0,0.0
A0A674IN05,False,8794,0,0.0
A0A6J2VEN6,False,8789,0,0.0
A0A1S3R802,False,8795,0,0.0
A0A9W2XHU0,False,8789,0,0.0
A0A672HWD7,False,8796,0,0.0
K7G6C2,False,8797,0,0.0
A0A8U0UI25,False,8798,0,0.0
A0A8C0YBW6,False,8799,0,0.0
A0A6P7MA78,False,8790,0,0.0
A0A8J6FKF8,False,8800,0,0.0
A0A2K5NJD1,False,8801,0,0.0
A0A6J0IA49,False,8802,0,0.0
A0A6J2R7G9,False,8803,0,0.0
A0A2I3TXI7,False,8804,0,0.0
A0A9J8AM72,False,8805,0,0.0
A0A6P6MP40,False,8806,0,0.0
A0A8M1K5U9,False,8807,0,0.0
A0A7J8JRK4,False,8808,0,0.0
A0A3Q3F780,False,8809,0,0.0
A0A8C5CZZ8,False,8810,0,0.0
A0A2K5J4W6,False,8811,0,0.0
E9Q9D1,False,8812,0,0.0
A0A8D2MMM8,False,8813,0,0.0
A0A2Y9LL95,False,8814,0,0.0
A0A287DEB6,False,8815,0,0.0
A0A6J0AUB2,False,8816,0,0.0
A0A6I8N9R6,False,8817,0,0.0
A0A3Q0DJG4,False,8818,0,0.0
A0A8C0KS38,False,8819,0,0.0
A0A0C4DGA7,False,8820,0,0.0
A0A9W2XAL6,False,8821,0,0.0
A0A8D2KJ18,False,8822,0,0.0
A0A485ML37,False,8823,0,0.0
A0A2K6RRW5,False,8824,0,0.0
A0A6J2ATB9,False,8825,0,0.0
A0A8J1M734,False,8826,0,0.0
A0A6P8FCH5,False,8827,0,0.0
A0A9D3XC83,False,8828,0,0.0
A0A665WUT3,False,8829,0,0.0
A0A673TGG7,False,8830,0,0.0
A0A3Q1F0B0,False,8831,0,0.0
A0A3Q0DCY2,False,8832,0,0.0
A0A9F5ISP2,False,8833,0,0.0
A0A8C5FH61,False,8834,0,0.0
A0A6P3HYX2,False,8835,0,0.0
A0A672HDI6,False,8836,0,0.0
A0A7K0DJ34,False,8837,0,0.0
A0A919XAM8,False,8838,0,0.0
A0A2U9TA34,False,8839,0,0.0
A0A1C4LMD7,False,8840,0,0.0
A0A0R0E200,False,8841,0,0.0
S3BE02,False,8842,0,0.0
A0A6I6MJ59,False,8843,0,0.0
G1MU00,False,8844,0,0.0
A6EPK1,False,8843,0,1.0
A0A0U1NX08,False,8845,0,0.0
A0A6B2XJW4,False,8846,0,0.0
A0A8J5P9K9,False,8847,0,0.0
A0A8H4KW22,False,8848,0,0.0
R1E1Q7,False,8849,0,0.0
A0A7L4BVA0,False,8850,0,0.0
A0A3S1FPS3,False,8851,0,0.0
A0A7G5ZJT3,False,8852,0,0.0
Q081E3,False,8853,0,0.0
A0A385Z3J5,False,8854,0,0.0
A0A6J5GJR3,False,8855,0,0.0
A0A6J5FD70,False,8856,0,0.0
A0A7K5W1D9,False,8857,0,0.0
A0A5N5P601,False,8858,0,0.0
A0A3B0MSI9,False,8859,0,0.0
A0A1V9FQV6,False,8861,0,0.0
A0A143QGV5,False,8860,0,1.0
A0A7L4YU99,False,8862,0,0.0
A0A8H3W7C5,False,8863,0,0.0
L0M9K1,False,8864,0,0.0
A7MRH9,False,8843,0,0.0
A0A939PBA8,False,8865,0,0.0
D3STR5,False,8866,0,0.0
A0A7K0DPG8,False,8867,0,0.0
A0A340X757,False,8868,0,0.0
A0A2K5JQB3,False,8869,0,0.0
A0A8U0ULC5,False,8870,0,0.0
E0UP78,False,8871,0,0.0
E6X123,False,8872,0,0.0
Q8KDY2,False,8873,0,0.0
G8TTU7,False,8874,0,0.0
A0A557WY36,False,8875,0,0.0
A0A1W1WBU3,False,8876,0,0.0
A0A8H6QUF5,False,8877,0,0.0
A0A2K0WM73,False,8878,0,0.0
A0A8H7XH87,False,8879,0,0.0
B6Q8H8,False,8880,0,0.0
A0A5N6FW96,False,8881,0,0.0
A0A2Z6RPD2,False,8882,0,0.0
A0A1X2H128,False,8883,0,0.0
A0A1V6RFY6,False,8884,0,0.0
A0A0D1ZXF2,False,8885,0,0.0
A0A163L0P4,False,8886,0,0.0
A0A0J8TJL5,False,8887,0,0.0
M1W412,False,8888,0,0.0
A0A2H3I8F8,False,8889,0,0.0
A0A0N0DHN0,False,8890,0,0.0
C5FVQ2,False,8891,0,0.0
A0A0B7N3U8,False,8892,0,0.0
S2K4R1,False,8893,0,0.0
A0A178F359,False,8894,0,0.0
A0A8H3FMF6,False,8895,0,0.0
A0A4Q4VYR8,False,8896,0,0.0
A0A1X2IGR5,False,8897,0,0.0
A0A225ARS7,False,8898,0,0.0
A0A4Z1JFS7,False,8899,0,0.0
A0A2G4T258,False,8900,0,0.0
A0A0J9WGH4,False,8901,0,0.0
A0A165F7X7,False,8902,0,0.0
A0A3D8RBW4,False,8903,0,0.0
A0A2P5HNE6,False,8904,0,0.0
A0A1Y2W465,False,8905,0,0.0
A0A3E2HHM4,False,8906,0,0.0
A0A1X0S9V5,False,8907,0,0.0
A0A167ZSB0,False,8908,0,0.0
A0A507FES4,False,8909,0,0.0
A0A8H4KP17,False,8910,0,0.0
A0A433PBM5,False,8911,0,0.0
A0A397GDS5,False,8912,0,0.0
I1C8E5,False,8913,0,0.0
A8AZZ3,False,8914,0,0.0
A0A7Z2VXC7,False,8915,0,0.0
A0A5B8SS40,False,8916,0,0.0
A0A3N9UI10,False,8917,0,0.0
Q167T9,False,8918,0,0.0
A0A545AI25,False,8919,0,0.0
B6ITE5,False,8920,0,0.0
A0A0M2SUK7,False,8921,0,0.0
A0A317PIR9,False,8922,0,0.0
A0A6N7R0B3,False,8923,0,0.0
A0A0B3S2V8,False,8924,0,0.0
A0A1I2V3I5,False,8925,0,0.0
A0A285UE55,False,8926,0,0.0
A0A2W7P6W4,False,8927,0,0.0
A0A1W6D1I0,False,8928,0,0.0
A0A9J7B0B5,False,8929,0,0.0
W9T6G8,False,8930,0,0.0
E3I8D1,False,8931,0,0.0
B1VGV1,False,8932,0,0.0
A0A1X6Z992,False,8933,0,0.0
A0A2S9JCD2,False,8934,0,0.0
A0A6G7VI00,False,8935,0,0.0
A0A177IBD0,False,8936,0,0.0
A0A8J6YVW4,False,8937,0,0.0
A0A401HTR3,False,8938,0,0.0
A0A942TUX0,False,8939,0,0.0
A0A942LM09,False,8940,0,0.0
A0A3N6BR71,False,8941,0,0.0
A0A7X8TIT3,False,8942,0,0.0
A0A443IFD1,False,8943,0,0.0
A0A2T7H7H6,False,8944,0,0.0
A0A345QHC9,False,8945,0,0.0
A0A2S2CYP6,False,8946,0,0.0
A0A3F2UA80,False,8947,0,0.0
A0A084IH98,False,8948,0,0.0
A0A840FCF3,False,8949,0,0.0
A0A0L1JU77,False,8950,0,0.0
A0A521E537,False,8951,0,0.0
A0A2R8AYL6,False,8952,0,0.0
A3PBG5,False,8953,0,0.0
K9PS07,False,8954,0,0.0
A0A1J1LK99,False,8955,0,0.0
A0A563VKL2,False,8956,0,0.0
K9SR31,False,8957,0,0.0
A0A928YX30,False,8954,0,0.0
K9TGP1,False,8956,0,0.0
A0A7T1MHG2,False,8958,0,0.0
A0A8K2A6I5,False,8959,0,0.0
A0A7G7KPG9,False,8960,0,0.0
K9RXN1,False,8961,0,0.0
A0A8J7ADG1,False,8956,0,0.0
Q7V633,False,8962,0,0.0
K9UJ24,False,8963,0,0.0
A0A1Z4RRI8,False,8954,0,0.0
A0A8J7EXC5,False,8956,0,0.0
A0A1Z4MWM2,False,8964,0,0.0
A0A0D8ZXQ4,False,8965,0,0.0
A0A2T1CQD1,False,8954,0,0.0
A0A926VSJ0,False,8956,0,0.0
B2IWH5,False,8954,0,0.0
A0A366DQI8,False,8966,0,0.0
A0A941AR42,False,8967,0,0.0
A0A368X5H1,False,8966,0,0.0
F5L9X7,False,8968,0,0.0
A0A7S7LAE6,False,8966,0,0.0
A0A0M0KUQ0,False,8966,0,0.0
A0A419VTY1,False,8966,0,0.0
A0A0A5HIK7,False,8966,0,0.0
A0A1H8PAW2,False,8969,0,0.0
D5DQB3,False,8970,0,0.0
A0A844QCA6,False,8971,0,0.0
A0A4V3AZT8,False,8966,0,0.0
A0A380BCP8,False,8966,0,0.0
A0A1S2RHI5,False,8966,0,0.0
A0A974S331,False,8972,0,0.0
B7GFG5,False,8973,0,0.0
A0A1H0ELG4,False,8966,0,0.0
A0A3P5WBB3,False,8966,0,0.0
A0A097P919,False,8974,0,0.0
A1YJ50,False,8975,0,0.0
A0A0K0WS53,False,8976,0,0.0
Q8QLF3,False,8975,0,0.0
Q91GF8,False,8977,0,0.0
Q7T9X1,False,8978,0,0.0
Q0N411,False,8975,0,0.0
Q99GV6,False,8979,0,0.0
A0A172WZA8,False,8980,0,0.0
Q7TLP8,False,8981,0,0.0
A1YRE8,False,8981,0,0.0
B6S6R6,False,8982,0,0.0
A0A2K9VSA4,False,8975,0,0.0
F4ZKP7,False,8983,0,0.0
A0A343RRL7,False,8975,0,0.0
A5IZP5,False,8982,0,0.0
Q6VTN4,False,8981,0,0.0
A0A099YYR4,False,8984,0,0.0
A0A8C7JJ80,False,8985,0,0.0
A0A437D8S2,False,8986,0,0.0
A0A8J5MZ88,False,8987,0,0.0
A0A670KJE6,False,8988,0,0.0
G0RV72,False,8989,0,0.0
A0A7K5LG64,False,8990,0,0.0
A0A4D9EMJ3,False,8991,0,0.0
A0A7L2TSV4,False,8992,0,0.0
A0A1X7RYB5,False,8993,0,0.0
A0A8H6K9Y0,False,8994,0,0.0
A0A7K9PPB7,False,8995,0,0.0
A0A0Q3TJ37,False,8996,0,0.0
A0A0V1KZ04,False,8997,0,0.0
A0A8J2R0S3,False,8998,0,0.0
A0A445A7D3,False,8999,0,0.0
A0A8B8LFE0,False,9000,0,0.0
L9L4B7,False,9001,0,0.0
A0A8C4RG21,False,9002,0,0.0
A0A3Q3WGF3,False,9003,0,0.0
A0A852I452,False,9004,0,0.0
A0A653CMY6,False,9005,0,0.0
A0A1U7SH53,False,9006,0,0.0
A0A4S4N2W3,False,9007,0,0.0
A0A1S3VNV2,False,9008,0,0.0
A0A3L8S6L6,False,9009,0,0.0
A0A078JKA7,False,9010,0,0.0
A0A8H7Z318,False,9011,0,0.0
A0A093IUI4,False,9012,0,0.0
A0A7K9DKS6,False,8984,0,0.0
A0A267FU37,False,9013,0,0.0
A0A8J9ZY00,False,9014,0,0.0
A0A663N6T7,False,9015,0,0.0
A1YJ84,False,9016,0,0.0
A0A8C1DGE0,False,9017,0,0.0
A0A0B5A177,False,9018,0,0.0
D4N2B8,False,9019,0,0.0
A0A346RNS9,False,9016,0,0.0
A0A7W8G7X2,False,9020,0,0.0
B6D622,False,9016,0,0.0
Q7T9S3,False,9018,0,0.0
A0A2K9VSB8,False,9016,0,0.0
Q7TLS6,False,9018,0,0.0
A0A5M9HZF8,False,9021,0,0.0
A0A151B3K8,False,9022,0,0.0
V9XTT6,False,9018,0,0.0
Q8Y7D1,False,9023,0,0.0
A2FM50,False,9024,0,0.0
A0EYW3,False,9016,0,0.0
A0A0R7EYW5,False,9025,0,0.0
A0A172WZE5,False,9018,0,0.0
A1YRC6,False,9026,0,0.0
A0A0K0WS90,False,9027,0,0.0
Q8JKS8,False,9028,0,0.0
Q8JRW3,False,9029,0,0.0
Q06KI8,False,9030,0,0.0
A0A172WZD3,False,9031,0,0.0
A0A2K9VSB4,False,9032,0,0.0
A0A0C5AUX6,False,9033,0,0.0
B0YLN2,False,9034,0,0.0
A0A346QRS4,False,9035,0,0.0
A0A8J8BK02,False,9036,0,0.0
A0A0R7EYX2,False,9037,0,0.0
A0A0E3Z613,False,9038,0,0.0
B2YG85,False,9039,0,0.0
A0A068LKP0,False,9040,0,0.0
Q80LN2,False,9041,0,0.0
A0A2H4UXA3,False,9042,0,0.0
Q91GI0,False,9043,0,0.0
Q919H1,False,9044,0,0.0
A0A0M3N203,False,9045,0,0.0
A1YJ71,False,9046,0,0.0
D7F5T7,False,9047,0,0.0
Q6JKB2,False,9048,0,0.0
D2J4Q4,False,9049,0,0.0
A0A2I7G2Z2,False,9050,0,0.0
A0A1S5VFY5,False,9051,0,0.0
Q77LX5,False,9052,0,0.0
Q0ZP32,False,9053,0,0.0
Q6QXL4,False,9054,0,0.0
Q0N427,False,9055,0,0.0
A0A2H4T2Y1,False,9056,0,0.0
Q9YMN8,False,9057,0,0.0
A4L1X7,False,9058,0,0.0
Q8B9H3,False,9059,0,0.0
I3XMB1,False,9060,0,0.0
A0A410S7R1,False,9061,0,0.0
C7R279,False,9062,0,0.0
A0A1A8T9D1,False,9063,0,0.0
A0A6I6EBL5,False,9064,0,0.0
A0A1M7AIB9,False,9065,0,0.0
A0A430JQV2,False,9066,0,0.0
H9C180,False,9067,0,0.0
A0A0D4C3C5,False,9068,0,0.0
A0A6N4T4B0,False,9069,0,0.0
A0A318JYE3,False,9070,0,0.0
A0A1C3YR29,False,9071,0,0.0
A0A4Q2TZ33,False,9072,0,0.0
A0A7I6H083,False,9073,0,0.0
A0A916GEL4,False,9074,0,0.0
C6XCZ0,False,9075,0,0.0
A0A1A6TMK4,False,9076,0,0.0
A0A6G9IAT4,False,9077,0,0.0
A0A0H3EJG4,False,9064,0,0.0
A0A3N2DDF3,False,9078,0,0.0
A0A1G9IQL1,False,9079,0,0.0
V9H7W5,False,9080,0,0.0
A0A542ZXV3,False,9081,0,0.0
A0A368T705,False,9082,0,0.0
A0A7W7QZB2,False,9083,0,0.0
A0A071M9Y6,False,9064,0,0.0
A0A974SW08,False,9084,0,0.0
A0A918I2K2,False,9085,0,0.0
A0A1I4MFZ3,False,9086,0,0.0
W8L5C8,False,9087,0,0.0
A0A5P9F230,False,9088,0,0.0
Q3JDF5,False,9089,0,0.0
A0A5B8SPC7,False,9090,0,0.0
A0A448TTN7,False,9091,0,0.0
A4G6I4,False,9092,0,0.0
A0A316HSS9,False,9093,0,0.0
A0A829Y8I9,False,9094,0,0.0
A0A0J0UIA3,False,9092,0,0.0
A0A1G8CHJ7,False,9095,0,0.0
F4G4T7,False,9096,0,0.0
A0A8D4IYF0,False,9097,0,0.0
C5T0L0,False,9098,0,0.0
A0A380MJC7,False,9099,0,0.0
A0A380MW76,False,9100,0,0.0
A0A0J7K6D8,False,9101,0,0.0
A0A944H6J1,False,9102,0,0.0
A0A0C4YA41,False,9103,0,0.0
A0A9J7AB53,False,9104,0,0.0
A0A0A0DJ54,False,9105,0,0.0
A0A1H3Q998,False,9106,0,0.0
W1J1D3,False,9107,0,0.0
A0A2I5TBG2,False,9108,0,0.0
A0A974SQK5,False,9096,0,0.0
A0A0J0UJ71,False,9093,0,0.0
Q5P8P1,False,9109,0,0.0
A0A8B7T6Z6,False,9110,0,0.0
A0A811ZM61,False,9111,0,0.0
A0A665WIG7,False,9112,0,0.0
A0A8C7J1S4,False,9113,0,0.0
A0A8T2IF15,False,9114,0,0.0
A0A3Q1GZ20,False,9115,0,0.0
A0A7N8Y600,False,9116,0,0.0
A0A3M0JGE2,False,9117,0,0.0
A0A4U5VVQ0,False,9118,0,0.0
A0A5E4MW45,False,9119,0,0.0
A0A0M4EXX2,False,9120,0,0.0
A0A7N8X1Y4,False,9121,0,0.0
A0A0V1CUA5,False,9122,0,0.0
A0A1X2EKW3,False,9123,0,0.0
A0A8C6YEB0,False,9124,0,0.0
Q17BX4,False,9125,0,0.0
A0A673CR94,False,9126,0,0.0
A0A383YUI2,False,9127,0,0.0
A0A7M7GP99,False,9128,0,0.0
A0A7L3E7D5,False,9129,0,0.0
A0A7K5KAW2,False,9130,0,0.0
A0A430QP72,False,9131,0,0.0
A0A164IMU5,False,9132,0,0.0
A0A671F0B2,False,9110,0,0.0
A0A4W6FK62,False,9133,0,0.0
A0A0N4X7D4,False,9134,0,0.0
A0A8C5KPL2,False,9135,0,0.0
A0A914W142,False,9136,0,0.0
A0A8R1DMG2,False,9137,0,0.0
A0A5D6Y8G3,False,9138,0,0.0
B3RN56,False,9139,0,0.0
A0A4X2LKS5,False,9140,0,0.0
A0A2R9BX89,False,9141,0,0.0
A0A8T3D8P9,False,9142,0,0.0
L8H6W2,False,9143,0,0.0
L8H629,False,9144,0,0.0
L8H9S3,False,9145,0,0.0
L8GZX0,False,9146,0,0.0
A0A369XZT5,False,9147,0,0.0
L8H4P1,False,9148,0,0.0
L8HB83,False,9149,0,0.0
A0A2A9FD04,False,9150,0,0.0
A0A423PP76,False,9151,0,0.0
A0A1I4CD91,False,9152,0,0.0
A0A975SJ03,False,9153,0,0.0
A0A2U8W8B9,False,9154,0,0.0
A0A5B8ISX1,False,9155,0,0.0
A0A0Q8PMU2,False,9156,0,0.0
A0A2K5W7M2,False,9157,0,0.0
A0A830GVP8,False,9158,0,0.0
A0A6S6G3W2,False,9159,0,0.0
A0A562ISA1,False,9160,0,0.0
A0A2U1JJD5,False,9161,0,0.0
S6A5Q7,False,9162,0,0.0
A0A244ECU9,False,9163,0,0.0
A0A923MTD6,False,9164,0,0.0
A0A4U0UNC2,False,9165,0,0.0
A0A0G9MV36,False,9166,0,0.0
A0A7K0CWS2,False,9167,0,0.0
D7BFC1,False,9168,0,0.0
A0A4Y2H5Y9,False,9169,0,0.0
A0A8C4VN91,False,9170,0,0.0
Q0VNR9,False,9155,0,0.0
A0A7W5DUF7,False,9171,0,0.0
A0A803XTU9,False,9172,0,0.0
A0A5M6IGG3,False,9173,0,0.0
A0A1C1YTN5,False,9174,0,0.0
G3JC12,False,9175,0,0.0
A0A4W3J0C4,False,9176,0,0.0
A0A0A1W5N3,False,9177,0,0.0
A0A0D6SXH4,False,9178,0,0.0
A0A4P7XGP1,False,9179,0,0.0
A0A4Q4T5V1,False,9180,0,0.0
A0A7V8NFQ5,False,9181,0,0.0
A0A2K5SC58,False,9182,0,0.0
A0A0V1KXT1,False,9183,0,0.0
A0A0U1LKD6,False,9184,0,0.0
A0A516GWS1,False,9185,0,0.0
A0A8S9XJ08,False,9186,0,0.0
A0A1M4VR23,False,9187,0,0.0
A0A5N6K8B0,False,9188,0,0.0
A0A1Z5T2M4,False,9189,0,0.0
A0A0C3EFN8,False,9190,0,0.0
A0A8C0EX49,False,9191,0,0.0
A0A679KSS5,False,9192,0,0.0
B6K6J2,False,9193,0,0.0
A0A1Y2IYN8,False,9194,0,0.0
A0A1I1SK31,False,9195,0,0.0
A0A7G2CEB0,False,9196,0,0.0
A0A5C3NJV7,False,9197,0,0.0
A0A017SGK9,False,9198,0,0.0
A0A674I8T9,False,9199,0,0.0
A0A1I7VLH9,False,9200,0,0.0
A0A7K9US47,False,9201,0,0.0
A0A821EUL3,False,9202,0,0.0
A0A6G0TYQ3,False,9203,0,0.0
A0A3N2PSV6,False,9204,0,0.0
A0A8S1D239,False,9205,0,0.0
A0A8S1JPT4,False,9206,0,0.0
A0A2L2SWS0,False,9207,0,0.0
A0A1C7NDK0,False,9208,0,0.0
A0A7K9JZB2,False,9209,0,0.0
A0A2N7UR02,False,9210,0,0.0
A0A1E7Q175,False,9211,0,0.0
A0A2I3HN55,False,9212,0,0.0
A0A2A6CKF4,False,9213,0,0.0
A0A2S0MBA7,False,9214,0,0.0
A5DKG3,False,9215,0,0.0
C1GZB9,False,9216,0,0.0
A0A7R7VVF1,False,9217,0,0.0
A0A7D8UZI1,False,9218,0,0.0
A0A928VH74,False,9219,0,0.0
A0A7J5YI95,False,9220,0,0.0
A0A2Z5ZCP1,False,9221,0,0.0
A0A977KEF4,False,9222,0,0.0
A0A974MXC6,False,9223,0,0.0
A0A5C2IES0,False,9224,0,0.0
A0A2H5BHE0,False,9225,0,0.0
J2VVM1,False,9226,0,0.0
A0A514A7J6,False,9227,0,0.0
A0A248SJQ2,False,9228,0,0.0
A0A0B4ZXD2,False,9229,0,0.0
A0A6G6XXV3,False,9230,0,0.0
A0A384ZXI9,False,9231,0,0.0
A0A7S5UUD1,False,9232,0,0.0
A0A514CT12,False,9233,0,0.0
A0A976XMV0,False,9234,0,0.0
J7HXZ6,False,9235,0,0.0
A0A6M9Z4D7,False,9236,0,0.0
A0A437M173,False,9237,0,0.0
A0A4D6DW24,False,9238,0,0.0
A0A6H0X778,False,9239,0,0.0
A0A7S5RD36,False,9240,0,0.0
A0A366C2H4,False,9241,0,0.0
A0A2C9CY05,False,9242,0,0.0
A0A097J129,False,9243,0,0.0
E5E4D2,False,9244,0,0.0
A0A5P8PQB4,False,9245,0,0.0
A0A6M3T7P7,False,9246,0,0.0
A0A219YDZ2,False,9247,0,0.0
A0A889IRF5,False,9248,0,0.0
A0A975C7Z9,False,9249,0,0.0
A0A7S5T5W1,False,9250,0,0.0
A0A7D7EY69,False,9221,0,0.0
A0A5B9DNY2,False,9251,0,0.0
A0A8J3DL74,False,9252,0,0.0
A0A2H4IBG7,False,9253,0,0.0
A0A2D2M8X8,False,9254,0,0.0
A0A088C4R5,False,9255,0,0.0
A0A2U2DWG4,False,9256,0,0.0
A0A5S9CBF4,False,9257,0,0.0
A0A222YZ09,False,9258,0,0.0
E9NIF1,False,9259,0,0.0
A0A4Y5NY37,False,9260,0,0.0
A0A2S8S6F0,False,9261,0,0.0
A0A2U8UJ41,False,9262,0,0.0
A0A6M8HNC6,False,9263,0,0.0
A0A0N0AKI4,False,9264,0,0.0
A0A0J5P550,False,9265,0,0.0
A0A2S0MJ28,False,9266,0,0.0
G8C7W3,False,9267,0,0.0
A0A2P1N2F8,False,9268,0,0.0
A0A1B1P7X6,False,9269,0,0.0
A0A4Y6E9U7,False,9270,0,0.0
G8GWE9,False,9272,0,0.0
A0A4Z0V716,False,9273,0,0.0
A0A1D3RKP9,False,9274,0,0.0
A0A142F2Q3,False,9275,0,0.0
A0A6I3KMH6,False,9276,0,0.0
A0A977KDD3,False,9277,0,0.0
A0A0B6VL24,False,9278,0,0.0
A0A8J2ZWU4,False,9279,0,0.0
B2BTN4,False,9280,0,0.0
A0A164PLT3,False,9281,0,0.0
A0A1V2RD42,False,9264,0,0.0
A0A5J6TI72,False,9282,0,0.0
A0A6F9WZH1,False,9283,0,0.0
A0A1G7TK30,False,9285,0,0.0
M4NMC3,False,9286,0,0.0
A0A5M6IU45,False,9287,0,0.0
A0A067XRD2,False,9288,0,0.0
H9EB82,False,9289,0,0.0
A0A838BR87,False,9290,0,0.0
A8HP29,False,9291,0,0.0
A0A0N0LW95,False,9292,0,0.0
A0A2G8RG26,False,9293,0,0.0
A0A191ZBW5,False,9284,0,2.0
B8IE54,False,9294,0,0.0
A0A6L7G5G1,False,9295,0,0.0
A0A8D2MGZ5,False,9296,0,0.0
A0A7E4VH52,False,9297,0,0.0
A0A5C7B7P7,False,9298,0,0.0
A0A433CYE5,False,9299,0,0.0
A0A7J8VFN5,False,9300,0,0.0
A0A0A0AR39,False,9301,0,0.0
A0A2K5K4A9,False,9302,0,0.0
A0A150AIQ0,False,9303,0,0.0
A0A168MGE2,False,9304,0,0.0
A0A8T2W4Q4,False,9305,0,0.0
A0A5C3NJK3,False,9306,0,0.0
A0A914YS48,False,9307,0,0.0
A0A286URZ2,False,9308,0,0.0
F7AWB0,False,9309,0,0.0
A0A0G4FYN0,False,9310,0,0.0
A0A8C9JFW1,False,9311,0,0.0
A0A851FAJ4,False,9312,0,0.0
A0A8I3RRH8,False,9313,0,0.0
A0A7J8JRM9,False,9314,0,0.0
A0A821RPB5,False,9315,0,0.0
A0A0E9N936,False,9316,0,0.0
A0A0D2C3G6,False,9317,0,0.0
A0A2K6F9G8,False,9318,0,0.0
A0A2G5DLT8,False,9319,0,0.0
A0A0N4WGT5,False,9320,0,0.0
A0A8C4XR97,False,9321,0,0.0
A0A6I9KZM1,False,9322,0,0.0
A0A8C6FNE8,False,9323,0,0.0
A0A6J2AJN7,False,9324,0,0.0
B8C0Z1,False,9325,0,0.0
A0A662YRL2,False,9326,0,0.0
A0A553P4U9,False,9327,0,0.0
A0A8C5CF67,False,9328,0,0.0
W7T937,False,9329,0,0.0
U5FUE8,False,9330,0,0.0
A0A5D2TPG2,False,9331,0,0.0
A0A2G2Y630,False,9332,0,0.0
A0A4Y7L5P9,False,9333,0,0.0
A0A7J0GV77,False,9334,0,0.0
A0A8I6Y6I9,False,9335,0,0.0
A0A5B6UDP7,False,9336,0,0.0
A0A4U5QS47,False,9337,0,0.0
A0A540L0Q1,False,9338,0,0.0
A0A2P5SLR5,False,9339,0,0.0
A0A8T2I2A1,False,9340,0,0.0
A0A6P5SP96,False,9341,0,0.0
A0A2P5E431,False,9342,0,0.0
A0A834Z4V3,False,9343,0,0.0
A0A0E0BTQ3,False,9344,0,0.0
A0A0L9TE40,False,9345,0,0.0
A0A6J1BWW3,False,9346,0,0.0
A0A565CMZ4,False,9347,0,0.0
A0A834TMN0,False,9348,0,0.0
A0A8X7QMT1,False,9349,0,0.0
A0A1S2XXT0,False,9350,0,0.0
A0A388M4Y3,False,9351,0,0.0
A0A8B8QQF1,False,9352,0,0.0
A0A1U8KXJ3,False,9353,0,0.0
A0A8X7S5B5,False,9354,0,0.0
A0A0B0MQV8,False,9355,0,0.0
A0A1U8HPB1,False,9356,0,0.0
A0A9D5C5W7,False,9357,0,0.0
A0A078FNH6,False,9358,0,0.0
A0A8S9JWR0,False,9359,0,0.0
A0A3L6PFT4,False,9360,0,0.0
A0A3B6LHY8,False,9361,0,0.0
A0A0E0RIC9,False,9362,0,0.0
A0A2I0X0F2,False,9363,0,0.0
A0A6P4C1H6,False,9364,0,0.0
A0A6P6A6R7,False,9365,0,0.0
A0A2P5XFU3,False,9366,0,0.0
A0A4D6FTQ4,False,9367,0,0.0
A0A0F6WGI5,False,9368,0,0.0
A0A117MQA8,False,9369,0,0.0
S1QZG4,False,9370,0,0.0
A0A1I7BRE4,False,9371,0,0.0
A0A318UCV8,False,9372,0,0.0
A0A139BVZ0,False,9373,0,0.0
A0A3B7R3T3,False,9374,0,0.0
A0A173WU72,False,9375,0,0.0
A0A2U2N4F0,False,9373,0,0.0
A0A3M9NGP0,False,9376,0,0.0
A0A1T1AW02,False,9377,0,0.0
A0A4Y9REW6,False,9378,0,0.0
A0A924AU89,False,9379,0,0.0
A0A925TRU3,False,9380,0,0.0
A0A2X4UBY0,False,9381,0,0.0
A0A973TH27,False,9373,0,0.0
A0A1T4VLF8,False,9382,0,0.0
A0A2T0LLT9,False,9383,0,0.0
A0A5B7TJW4,False,9384,0,0.0
Q1WUR5,False,9385,0,0.0
Q3B3D1,False,9386,0,0.0
A0A917Z104,False,9387,0,0.0
A0A0Q4XNZ1,False,9388,0,0.0
A0A1H9JJ80,False,9389,0,0.0
A0A917N372,False,9374,0,0.0
A0A7W6J5H4,False,9371,0,0.0
A0A8J6E118,False,9390,0,0.0
G8BCJ0,False,9391,0,0.0
A0A4U0W2W0,False,9392,0,0.0
A0A8C3LV85,False,9393,0,0.0
I1RR68,False,9394,0,0.0
A0A813WDY3,False,9395,0,0.0
A0A6P8YDE0,False,9396,0,0.0
A0A318ZGJ3,False,9397,0,0.0
A0A9J6E889,False,9398,0,0.0
A0A061FFG4,False,9399,0,0.0
A0A1Z5S7N4,False,9400,0,0.0
A0A6P3J8V9,False,9401,0,0.0
A0A8I3S4V9,False,9402,0,0.0
A0A665XDA7,False,9403,0,0.0
A0A8D2LTF3,False,9404,0,0.0
A0A0A1T8D0,False,9405,0,0.0
A0A5E4BWW2,False,9406,0,0.0
A0A1E4TPD5,False,9407,0,0.0
A0A2N5VMT6,False,9408,0,0.0
A0A6I9NGM1,False,9409,0,0.0
A0A1V6QN52,False,9410,0,0.0
A0A673M400,False,9411,0,0.0
A0A8C6EZM2,False,9412,0,0.0
A0A672MWH5,False,9413,0,0.0
A0A0K9PL54,False,9414,0,0.0
A0A1Q3DXL8,False,9415,0,0.0
A0A8C6A1P4,False,9416,0,0.0
A0A195E2E3,False,9417,0,0.0
A0A8T0AC16,False,9418,0,0.0
A0A8E2E8S0,False,9419,0,0.0
A0A8C3B3L6,False,9420,0,0.0
A0A8S1FDZ5,False,9421,0,0.0
A0A162ADZ7,False,9422,0,0.0
A0A8B8ADF1,False,9423,0,0.0
A0A5C2SLK9,False,9424,0,0.0
A0A8B9VY20,False,9425,0,0.0
A0A0D2TAJ5,False,9426,0,0.0
A0A4Q4VM43,False,9427,0,0.0
A0A6J8E8V1,False,9428,0,0.0
A0A6L9S933,False,9429,0,0.0
G5A3T5,False,9430,0,0.0
A0A428YWA9,False,9431,0,0.0
A0A8C8FK17,False,9432,0,0.0
A0A914KU18,False,9433,0,0.0
A0A7M7NZB9,False,9434,0,0.0
A0A7N6BD11,False,9435,0,0.0
D7KM08,False,9436,0,0.0
A0A225X2X5,False,9437,0,0.0
A0A2S7PIC8,False,9438,0,0.0
A0A8B9Z4U9,False,9439,0,0.0
A0A673CY40,False,9440,0,0.0
A0A7J7UF11,False,9441,0,0.0
A0A6P7J2E5,False,9442,0,0.0
A0A6P7JMS9,False,9443,0,0.0
A0A1B7N370,False,9444,0,0.0
A0A8C0JMN8,False,9445,0,0.0
A0A453AH03,False,9446,0,0.0
A0A2Y9DQH7,False,9447,0,0.0
G3JUL1,False,9448,0,0.0
A0A8B8ACJ0,False,9449,0,0.0
A0A2K5VV73,False,9450,0,0.0
A0A7S4E9A5,False,9451,0,0.0
A0A9W2XZH5,False,9452,0,0.0
B7QAH9,False,9453,0,0.0
A0A2K5VY05,False,9454,0,0.0
A0A6P8V619,False,9455,0,0.0
A0A1C7LQ46,False,9456,0,0.0
A0A8C5UEA3,False,9457,0,0.0
A0A9W2Y9C7,False,9458,0,0.0
A0A8C1FVS2,False,9459,0,0.0
A0A2K6GW75,False,9460,0,0.0
A0A8C4HGY6,False,9461,0,0.0
A0A0Q9XF94,False,9462,0,0.0
A0A7K7V9T5,False,9463,0,0.0
Q4Q5W1,False,9464,0,0.0
A0A1S2ZVS4,False,9465,0,0.0
G0S3L5,False,9466,0,0.0
H6R993,False,9467,0,0.0
A0A1V2QMZ0,False,9468,0,0.0
A0A0F0KQK1,False,9469,0,0.0
A0A1L7CE71,False,9470,0,0.0
A0A1W7CVY4,False,9471,0,0.0
A0A5C4LTD9,False,9472,0,0.0
A0A918AQA6,False,9473,0,0.0
A0A545AV21,False,9474,0,0.0
A0A3R9U5E8,False,9475,0,0.0
A0A7Y9IBL5,False,9476,0,0.0
E9T373,False,9477,0,0.0
A0A2U9P6I5,False,9478,0,0.0
A0A4U3CLH4,False,9479,0,0.0
A0A317NQ21,False,9480,0,0.0
A0A3R7IX01,False,9481,0,0.0
A0JUF4,False,9482,0,0.0
F4H803,False,9483,0,0.0
A0A1B1AT30,False,9484,0,0.0
A0A367YTC1,False,9485,0,0.0
A0A318KGS4,False,9486,0,0.0
A0A7K1L7G7,False,9487,0,0.0
A0A516X7J2,False,9488,0,0.0
A0A3N6IMZ4,False,9489,0,0.0
A0A542YL68,False,9490,0,0.0
A0A5C5UKS3,False,9491,0,0.0
A0A8J3YWF4,False,9492,0,0.0
A0A0B2AD83,False,9493,0,0.0
A0A0Q7QL48,False,9494,0,0.0
A0A7Z0WFI0,False,9495,0,0.0
A0A7X1LTZ6,False,9496,0,0.0
A0A849C1D4,False,9497,0,0.0
V6L6C7,False,9498,0,0.0
A0A4Q5N1U6,False,9499,0,0.0
A0A849BND0,False,9500,0,0.0
A0A062VTY5,False,9501,0,0.0
A0A6B2SXL3,False,9502,0,0.0
A0A2I0F883,False,9503,0,0.0
A0A561BPV9,False,9504,0,0.0
A0A1H9MRZ7,False,9505,0,0.0
A0KHZ7,False,9506,0,0.0
A0A7Y4L5S5,False,9507,0,0.0
A0A5Q0GYT5,False,9508,0,0.0
A0A509AN72,False,9509,0,0.0
B6KH17,False,9510,0,0.0
A5K9J1,False,9511,0,0.0
A0A1Y1JD89,False,9512,0,0.0
K6US10,False,9513,0,0.0
A0A1D3TGQ8,False,9514,0,0.0
A0A509AMA2,False,9515,0,0.0
W4J686,False,9516,0,0.0
A0A1A8YVR8,False,9517,0,0.0
A0A1J1HCE8,False,9518,0,0.0
A0A1J1H5U0,False,9519,0,0.0
A0A1D3UAN7,False,9520,0,0.0
A0A2A9MB04,False,9521,0,0.0
A0A1A8W0P7,False,9522,0,0.0
A0A1A8WDX4,False,9523,0,0.0
A0A1D3KX96,False,9524,0,0.0
W7K7B7,False,9525,0,0.0
W7JQU6,False,9526,0,0.0
A0A024W9D8,False,9527,0,0.0
Q4N1F5,False,9528,0,0.0
A0A024WKU3,False,9529,0,0.0
F0VEN5,False,9530,0,0.0
K6V1Z0,False,9531,0,0.0
A0A0L7KGJ7,False,9532,0,0.0
A0A384LJ94,False,9533,0,0.0
A0A1D3CV17,False,9534,0,0.0
A0A653H0P4,False,9535,0,0.0
A0A0L1IEZ2,False,9536,0,0.0
F0V9Q2,False,9537,0,0.0
A0A1D3CVF4,False,9538,0,0.0
A0A1J1H3Z6,False,9539,0,0.0
A0A024XD43,False,9540,0,0.0
A0A2C6L5T0,False,9541,0,0.0
A0A1A8ZY44,False,9542,0,0.0
A0A0L7K6P6,False,9543,0,0.0
A0A653H505,False,9544,0,0.0
Q8I3U0,False,9545,0,0.0
A0A061D709,False,9546,0,0.0
A0A851RZ96,False,9547,0,0.0
A0A7K9SY79,False,9548,0,0.0
M0LXK5,False,9549,0,0.0
A0A7L2UGH1,False,9550,0,0.0
A0A851KUS0,False,9551,0,0.0
A0A6P8S463,False,9552,0,0.0
A0A3P9CIV4,False,9553,0,0.0
Q5BKM7,False,9554,0,0.0
H3AAA3,False,9555,0,0.0
A0A7K7TX70,False,9556,0,0.0
A0A3P7KJI7,False,9557,0,0.0
A0A9D3M1M3,False,9558,0,0.0
A0A7K8Q1B9,False,9559,0,0.0
A0A8J3JD56,False,9560,0,0.0
A0A7L0FE27,False,9561,0,0.0
A0A0W1ABQ2,False,9562,0,0.0
A0A2I0LLX8,False,9563,0,0.0
V8NN25,False,9564,0,0.0
A0A093BP68,False,9565,0,0.0
A0A851US11,False,9566,0,0.0
A0A850WCL9,False,9567,0,0.0
A0A2G5UT69,False,9568,0,0.0
A0A9F3W197,False,9569,0,0.0
A0A9D3N4H0,False,9570,0,0.0
A0A8D0HNZ6,False,9571,0,0.0
A0A6A5FDW4,False,9572,0,0.0
A0A1V3PSC6,False,9573,0,0.0
A0A6P7NJK9,False,9574,0,0.0
A0A7K6KVP3,False,9575,0,0.0
A0A851X3V5,False,9576,0,0.0
A0A4X2KVM2,False,9577,0,0.0
A0A7L3E865,False,9578,0,0.0
F6ZMU3,False,9579,0,0.0
A0A7K4JGD7,False,9580,0,0.0
A0A091T564,False,9581,0,0.0
B8MKD8,False,9582,0,0.0
A0A1S3II38,False,9583,0,0.0
A0A674C0M8,False,9584,0,0.0
F0ZTZ5,False,9585,0,0.0
A0A0Q9ES14,False,9586,0,0.0
A0A2S2E3E8,False,9587,0,0.0
A0A4R6XF40,False,9588,0,0.0
A0A1G9ME50,False,9589,0,0.0
A0A2P5TL05,False,9590,0,0.0
A0A556QEF8,False,9591,0,0.0
A0A7Y6ZYM3,False,9592,0,0.0
A0A0Q6F1Q1,False,9593,0,0.0
A0A924V7N7,False,9594,0,0.0
A0A5P9CJS6,False,9595,0,0.0
I2JF12,False,9596,0,0.0
A0A3D9UPA2,False,9597,0,0.0
A0A1Q8Z5F6,False,9598,0,0.0
A0A3B7A429,False,9599,0,0.0
A0A1Z4JQX4,False,9600,0,0.0
A0A075P1F5,False,9601,0,0.0
A0A1M7T8U8,False,9602,0,0.0
A0A269PVI8,False,9603,0,0.0
A0A223P6L7,False,9604,0,0.0
A0A0W0XM98,False,9605,0,0.0
A0A0F4PMW4,False,9606,0,0.0
A0A518EPF1,False,9607,0,0.0
A0A3P4AYH9,False,9608,0,0.0
A0A7U4RQM1,False,9609,0,0.0
A0A370GU24,False,9610,0,0.0
A0A0A0EY72,False,9586,0,0.0
A0A6A3K5I4,False,9611,0,0.0
A0A098GFD4,False,9612,0,0.0
A0A8J7AG74,False,9613,0,0.0
A0A0Q6CB34,False,9614,0,0.0
A0A4Z1C1B8,False,9589,0,0.0
A0A1Z5KNV1,False,9615,0,0.0
A0A1Q4R1Q9,False,9616,0,0.0
A0A368EXE2,False,9617,0,0.0
A0A016VIW6,False,9618,0,0.0
A0A016VJL1,False,9619,0,0.0
A0A368GHD8,False,9620,0,0.0
A0A016VJC7,False,9621,0,0.0
A0A368FTR0,False,9622,0,0.0
A0A016VKD1,False,9623,0,0.0
A0A016VI06,False,9624,0,0.0
A0A016TBY5,False,9625,0,0.0
A0A368FZX4,False,9626,0,0.0
A0A016VK52,False,9627,0,0.0
A0A016VIA8,False,9628,0,0.0
A0A016V5F6,False,9629,0,0.0
A0A016VJN4,False,9630,0,0.0
A0A016VJ16,False,9631,0,0.0
A0A016VIG3,False,9632,0,0.0
A0A368F816,False,9633,0,0.0
A0A016V4L8,False,9634,0,0.0
A0A368GW89,False,9635,0,0.0
A0A016VIU6,False,9636,0,0.0
A0A016VIW2,False,9637,0,0.0
A0A016TE73,False,9638,0,0.0
A0A016VK37,False,9639,0,0.0
A0A368H7B6,False,9640,0,0.0
A0A0C2CGF9,False,9641,0,0.0
A0A016TEB2,False,9642,0,0.0
A0A016VJE7,False,9643,0,0.0
A0A0C2D2E4,False,9644,0,0.0
A0A368G5Q3,False,9645,0,0.0
A0A368GB24,False,9646,0,0.0
A0A368FUG0,False,9647,0,0.0
A0A016VJM0,False,9648,0,0.0
A0A016VKC2,False,9649,0,0.0
A0A368G009,False,9650,0,0.0
A0A368GYX7,False,9651,0,0.0
A0A368GDA2,False,9652,0,0.0
A0A016VJP0,False,9653,0,0.0
A0A016V2R2,False,9654,0,0.0
A0A016VIG6,False,9655,0,0.0
A0A096B4A6,False,9656,0,0.0
A0A0M4L410,False,9657,0,0.0
A0A0R0C2W8,False,9658,0,0.0
A0A431THM1,False,9659,0,0.0
A0A918XLP6,False,9660,0,0.0
A0A839VDI1,False,9661,0,0.0
A0A562ZQQ9,False,9662,0,0.0
A0A0C2BJF2,False,9663,0,0.0
A0A845VG14,False,9664,0,0.0
A0A6C1B4K7,False,9665,0,0.0
A0A2S0MCK8,False,9666,0,0.0
A0A060NRY9,False,9667,0,0.0
A0A1E8F9W6,False,9668,0,0.0
A0A432WEF6,False,9669,0,0.0
I1DX79,False,9670,0,0.0
A0A011Q9V7,False,9671,0,0.0
A0A368L594,False,9672,0,0.0
A0A6J5FTH2,False,9673,0,0.0
D4DMJ9,False,9674,0,0.0
A0A2U1CGZ2,False,9675,0,0.0
A0A1H0RD51,False,9676,0,0.0
A0A1I4XUL6,False,9677,0,0.0
A0A081N5H1,False,9678,0,0.0
A0A0Q7AQC2,False,9679,0,0.0
A0A7S9DYE2,False,9680,0,0.0
A0A2G8DUM3,False,9681,0,0.0
A0A010SSI9,False,9661,0,0.0
A0A078LK40,False,9682,0,0.0
A0A1E7ZCZ2,False,9683,0,0.0
A0A5P9C7J8,False,9684,0,0.0
A0A7Y6NNL1,False,9685,0,0.0
A0A0K1K1T5,False,9686,0,0.0
A0A6C0TSR2,False,9687,0,0.0
A0A4Q8UKV8,False,9688,0,0.0
A0A6N7QNT4,False,9689,0,0.0
A0A0J5KUG2,False,9690,0,0.0
A0A2N0WUB3,False,9691,0,0.0
A0A198G3E3,False,9692,0,0.0
A0A085G706,False,9693,0,0.0
A0A4R6QTW2,False,9694,0,0.0
A0A2S9H065,False,9695,0,0.0
A0A0C4Y667,False,9696,0,0.0
A0A0M3TUG0,False,9697,0,0.0
A0A1K2HBG3,False,9698,0,0.0
A0A1W2ATR9,False,9699,0,0.0
A0A919BQN4,False,9700,0,0.0
W1NB42,False,9701,0,0.0
A0A0Q9EU38,False,9702,0,0.0
A0A494XHP1,False,9703,0,0.0
H0PZ21,False,9704,0,0.0
A0A4S1E9E6,False,9705,0,0.0
A0A2I8DDR3,False,9706,0,0.0
A0A410GEY9,False,9707,0,0.0
A0A2D2DEA4,False,9686,0,0.0
A0A0R3QGM6,False,9708,0,0.0
A0A4Q6G185,False,9709,0,0.0
A4A5Q7,False,9710,0,0.0
A0A7G1NYB0,False,9711,0,0.0
A0A087SL08,False,9712,0,0.0
A0A4U6QE00,False,9713,0,0.0
H1Q1F0,False,9714,0,0.0
Q7UVK1,False,9715,0,0.0
A0A1B4V1P0,False,9716,0,0.0
A0A5C5Z1M4,False,9717,0,0.0
A0A2N3PX17,False,9718,0,0.0
A0A543FSS1,False,9719,0,0.0
A0A3R9SNN7,False,9720,0,0.0
A0A069RCZ0,False,9721,0,0.0
A0A7W9HGP7,False,9722,0,0.0
A0A1M6KN65,False,9723,0,0.0
A0A830Z5C0,False,9724,0,0.0
A0A329QHJ9,False,9725,0,0.0
A0A934RUI1,False,9726,0,0.0
A0A257IUM3,False,9727,0,0.0
A0A8J3FQJ7,False,9728,0,0.0
A0A3A9CFK1,False,9729,0,0.0
A0A430FM95,False,9730,0,0.0
A0A073IF00,False,9731,0,0.0
A0A918IUE5,False,9732,0,0.0
A0A1H8FUF1,False,9733,0,0.0
R5FN60,False,9734,0,0.0
A0A398CUJ2,False,9735,0,0.0
A0A1G8KDY6,False,9736,0,0.0
F1T5B7,False,9737,0,0.0
A0A2S0WXV9,False,9738,0,0.0
Q0YRQ2,False,9739,0,0.0
A0A4V2WQP3,False,9740,0,0.0
R7IXD0,False,9741,0,0.0
A0A7X2FRB2,False,9742,0,0.0
C4ZPH3,False,9743,0,0.0
A0A0B4XMC4,False,9744,0,0.0
A0A0A1DM75,False,9745,0,0.0
A0A918ZXF4,False,9746,0,0.0
A0A7X0BXE4,False,9747,0,0.0
A0A3D8JUC7,False,9748,0,0.0
A0A3E2YL57,False,9749,0,0.0
A0A840F5K5,False,9750,0,0.0
A0A2N0ZG88,False,9751,0,0.0
G7WCI6,False,9752,0,0.0
A0A6J5CW10,False,9753,0,0.0
A0A927EW10,False,9754,0,0.0
A0A917TXW1,False,9755,0,0.0
A0A244EHU5,False,9756,0,0.0
A0A418Y0V6,False,9743,0,0.0
A0A0G3XLJ1,False,9757,0,0.0
A0A1K0FPL1,False,9758,0,0.0
H0DZT1,False,9759,0,0.0
A0A4R6DZS5,False,9760,0,0.0
A0A7I7KYM8,False,9761,0,0.0
A0A8H9IUM3,False,9762,0,0.0
A0A7Y9ETP9,False,9763,0,0.0
A0A2Z2HVD2,False,9764,0,0.0
K0EGT9,False,9765,0,0.0
A0A3D9F905,False,9766,0,0.0
A0A2K8N5E6,False,9767,0,0.0
A0A5N8WKC7,False,9768,0,0.0
A0A2U1WLS4,False,9769,0,0.0
A0A7W6P2V5,False,9770,0,0.0
A0A1M7ZNP4,False,9771,0,0.0
A0A4S3K5M8,False,9772,0,0.0
A0A6P1U6R9,False,9773,0,0.0
A0A0Q6VGD0,False,9774,0,0.0
A0A7I8DCF9,False,9775,0,0.0
A0A2K8N9K8,False,9776,0,0.0
A0A316C6I3,False,9777,0,0.0
A0A974Z200,False,9778,0,0.0
A0A840VEW3,False,9773,0,0.0
A0A3M0HZN1,False,9779,0,0.0
A0A511VCN0,False,9780,0,0.0
A0A7X1P166,False,9781,0,0.0
A0A562QB61,False,9782,0,0.0
A0A0U2UMB5,False,9783,0,0.0
R4KIZ2,False,9784,0,0.0
A0A848KW29,False,9785,0,0.0
A0A1H8VNA1,False,9786,0,0.0
A0A940N1L7,False,9767,0,0.0
A0A7W6R9Q9,False,9775,0,0.0
A0A8D5UEI9,False,9787,0,0.0
A0A4R2QTF8,False,9788,0,0.0
A0A3M8H674,False,9789,0,0.0
A0A402BMF4,False,9790,0,0.0
A0A927KEM3,False,9791,0,0.0
A0A1U9K719,False,9792,0,0.0
A0A5R9J3G9,False,9793,0,0.0
Q39WL1,False,9794,0,0.0
A0A1V8SFZ1,False,9795,0,0.0
U7ULH7,False,9796,0,0.0
F4KMH9,False,9797,0,0.0
A0A1I7FMX6,False,9798,0,0.0
A0A0B8T0A0,False,9799,0,0.0
S0E6A4,False,9800,0,0.0
A0A0Q4Y2M0,False,9801,0,0.0
A0A1H1K6R3,False,9802,0,0.0
A0A0Q4B7Z0,False,9803,0,0.0
W9GV97,False,9804,0,0.0
A0A1Q2CW51,False,9805,0,0.0
A0A1V3RR41,False,9806,0,0.0
A0A6B8V892,False,9807,0,0.0
A0A8A0RKN8,False,9808,0,0.0
A0A2S3QU89,False,9809,0,0.0
D7VMJ3,False,9810,0,0.0
K9E8A4,False,9811,0,0.0
A0A562VHL4,False,9812,0,0.0
A0A9E5JWH0,False,9813,0,0.0
F4BTZ0,False,9814,0,0.0
W4EK17,False,9815,0,0.0
A0A1X0Y2C2,False,9816,0,0.0
A0A2U3DCV3,False,9817,0,0.0
A0A1Y4S2V3,False,9818,0,0.0
A0A2V4XGN9,False,9819,0,0.0
A0A3P7LT54,False,9820,0,0.0
A0A2N5MEC8,False,9821,0,0.0
A0A1S3JHP5,False,9822,0,0.0
A0A4Z0R949,False,9823,0,0.0
A0A069D0U2,False,9824,0,0.0
A0A2S4XUW5,False,9825,0,0.0
A0A2T4JZ71,False,9826,0,0.0
A0A815W9T2,False,9827,0,0.0
A0A402BWA5,False,9828,0,0.0
A0A7W6K226,False,9829,0,0.0
A0A918VYD2,False,9830,0,0.0
A0A0B2JTH6,False,9831,0,0.0
A0A939TQ35,False,9832,0,0.0
A0A1M7Y9H3,False,9833,0,0.0
A0A1G8GKR4,False,9834,0,0.0
A0A1Y4WLS2,False,9835,0,0.0
A0A075AVY3,False,9836,0,0.0
A0A0N4V0X2,False,9837,0,0.0
A0A231H2S6,False,9838,0,0.0
A0A7R7VMC9,False,9839,0,0.0
A0A1G5IL61,False,9840,0,0.0
A0A098S691,False,9841,0,0.0
A0A914JCF3,False,9842,0,0.0
Q0AZT0,False,9843,0,0.0
J7R8K4,False,9844,0,0.0
A0A4Y7T4V1,False,9845,0,0.0
A0A1T5J2K0,False,9846,0,0.0
S6ACK2,False,9847,0,0.0
A0A0T6B8A4,False,9848,0,0.0
A0A3T0E763,False,9849,0,0.0
R5VJP9,False,9850,0,0.0
A0A172Y9I7,False,9851,0,0.0
A0A165X3Y2,False,9852,0,0.0
A0A4U1AGS4,False,9853,0,0.0
A0A6S6X9N8,False,9854,0,0.0
A0A518LP39,False,9855,0,0.0
A0A1R3T7H5,False,9856,0,0.0
A0A4C1UK46,False,9857,0,0.0
A0A6J4Y284,False,9858,0,0.0
A0A1G8M5D4,False,9859,0,0.0
A0A1G8PK85,False,9860,0,0.0
F5J3A9,False,9861,0,0.0
A0A4D9D1X5,False,9862,0,0.0
A0A3S8ZRY0,False,9863,0,0.0
A0A1G6PIK9,False,9864,0,0.0
A0A1H4BDQ3,False,9865,0,0.0
A0A5C8HP20,False,9866,0,0.0
A0A8J7CWF0,False,9867,0,0.0
A0A6A9TJM2,False,9868,0,0.0
A0A7K7S2L6,False,9869,0,0.0
A0A501WUI4,False,9870,0,0.0
A0A927M9F8,False,9871,0,0.0
A0A0R2HXH3,False,9872,0,0.0
A0A4R3MPM6,False,9873,0,0.0
A0A426VFZ5,False,9874,0,0.0
A0A2R8M4L1,False,9875,0,0.0
A0A8T4HN51,False,9876,0,0.0
A0A101JXS6,False,9877,0,0.0
A0A4V5LS99,False,9878,0,0.0
A0A1G9FE53,False,9879,0,0.0
A0A6J3FVM5,False,9880,0,0.0
A0A7Y0DWI6,False,9881,0,0.0
A0A0C1XX09,False,9882,0,0.0
S0G5G3,False,9883,0,0.0
A0A1B6BC77,False,9884,0,0.0
A0A2S7US96,False,9885,0,0.0
A0A1M6G3D4,False,9886,0,0.0
Q8PDW4,False,9887,0,0.0
A0A3A8Y8U0,False,9888,0,0.0
A0A974RZF7,False,9889,0,0.0
A0A7C9VEP5,False,9890,0,0.0
A0A918KYW7,False,9891,0,0.0
A0A975AV32,False,9892,0,0.0
A0A6C0PYA7,False,9893,0,0.0
A0A1H0VAF4,False,9894,0,0.0
A0A5Q4C1S7,False,9895,0,0.0
A0A3N1G8T7,False,9896,0,0.0
A0A919KB55,False,9897,0,0.0
A0A7G9W9Z3,False,9898,0,0.0
A0A5E4D2A5,False,9899,0,0.0
A0A848M2B7,False,9900,0,0.0
A0A2N9X8R1,False,9901,0,0.0
A0A6B3NQU6,False,9902,0,0.0
A0A1B6BHF3,False,9903,0,0.0
A0A939DJY0,False,9904,0,0.0
A0A8H8QTF0,False,9905,0,0.0
A0A495JRI3,False,9906,0,0.0
A0A934WE37,False,9907,0,0.0
A0A1K1QIS7,False,9908,0,0.0
A0A172UA76,False,9909,0,0.0
A0A930UGW1,False,9910,0,0.0
A0A3S4CRL5,False,9911,0,0.0
A0A0Q7K5I6,False,9912,0,0.0
A0A0R2L3T5,False,9913,0,0.0
I8AEH8,False,9914,0,0.0
N4VU82,False,9915,0,0.0
A0A2T7T1S3,False,9916,0,0.0
A0A2S4ZWM7,False,9917,0,0.0
A0A0G3EPQ4,False,9918,0,0.0
A0A556UB08,False,9919,0,0.0
A0A940IKE9,False,9920,0,0.0
A0A1M5FQQ8,False,9921,0,0.0
A0A426RDY6,False,9922,0,0.0
J0CZ86,False,9923,0,0.0
W4RNA9,False,9924,0,0.0
N9XYH0,False,9925,0,0.0
A0A0V0QMK5,False,9926,0,0.0
A0A1F5LE55,False,9927,0,0.0
A0A0B5E5D1,False,9928,0,0.0
V5XBV7,False,9929,0,0.0
A0A1Y2RD95,False,9930,0,0.0
A0A8H6SW25,False,9931,0,0.0
A0A8H3FEJ4,False,9932,0,0.0
A0A926K6U3,False,9933,0,0.0
Q8XIL0,False,9934,0,0.0
A0A0U1NZM7,False,9935,0,0.0
A0A4Q1ZYU3,False,9936,0,0.0
A0A925LIL7,False,9937,0,0.0
M0QNF7,False,9938,0,0.0
A0A239EHS2,False,9939,0,0.0
A0A6M0KZF0,False,9940,0,0.0
A0A8J3FTB3,False,9941,0,0.0
A0A251SY02,False,9942,0,0.0
A0A453FHM2,False,9943,0,0.0
A0A2S3QQD6,False,9944,0,0.0
A0A2Z5UWP0,False,9945,0,0.0
R8AMC4,False,9946,0,0.0
B0SKF0,False,9947,0,0.0
K3W466,False,9948,0,0.0
A0A0P1A6G5,False,9949,0,0.0
A0A1I3NAP3,False,9950,0,0.0
A0A1V3QRR7,False,9939,0,0.0
A0A3R9XPP5,False,9951,0,0.0
A0A068SRQ1,False,9952,0,0.0
A0A4Q7YTJ8,False,9953,0,0.0
A0A0M4DHW6,False,9954,0,0.0
A0A5C6ARC8,False,9955,0,0.0
A0A0D7EJL9,False,9956,0,0.0
A0A1B3NR33,False,9957,0,0.0
A0A917FJM9,False,9958,0,0.0
A0A915UES6,False,9959,0,0.0
Q7VAP1,False,9960,0,0.0
A0A937FU98,False,9939,0,0.0
A0A1Y4CS75,False,9961,0,0.0
A0A240C0X1,False,9962,0,0.0
A0A7N0TZK0,False,9963,0,0.0
A0A2A3E8X0,False,9964,0,0.0
A0A8J7NYY6,False,9965,0,0.0
A0A453CBD0,False,9966,0,0.0
A0A0V1B1L6,False,9967,0,0.0
S4RA29,False,9968,0,0.0
A0A4U0V6L3,False,9969,0,0.0
A0A4Y7IA29,False,9970,0,0.0
A0A1Y1WC77,False,9971,0,0.0
M3XPA3,False,9972,0,0.0
A0A673M4V1,False,9973,0,0.0
A0A852NVQ0,False,9974,0,0.0
A0A1Q5QBA3,False,9975,0,0.0
A0A7H9HM82,False,9976,0,0.0
A0A8H7TJ02,False,9977,0,0.0
C4YC62,False,9978,0,0.0
A0A8C9I5Q1,False,9979,0,0.0
A0A7N4PLJ5,False,9980,0,0.0
Q4WWI5,False,9981,0,0.0
A0A2I3G4Z3,False,9982,0,0.0
A0A8C4L5V7,False,9983,0,0.0
A0A1S2YFV7,False,9984,0,0.0
A0A212ELJ2,False,9985,0,0.0
A0A5E8B5J5,False,9986,0,0.0
V5EJI3,False,9987,0,0.0
A0A7L1N5Z9,False,9988,0,0.0
A0A7K6HXC2,False,9989,0,0.0
A0A8I3N9G5,False,9990,0,0.0
A0A8C9ZY19,False,9991,0,0.0
A0A8T0IPE7,False,9992,0,0.0
A0A812ER05,False,9993,0,0.0
A0A422MWP0,False,9994,0,0.0
A0A8T2JTR3,False,9995,0,0.0
A0A5F5PGV7,False,9996,0,0.0
A0A1S4AIX0,False,9997,0,0.0
A0A9R1V7U8,False,9998,0,0.0
A0A0E0PB36,False,9999,0,0.0
A0A0V0XJE4,False,10000,0,0.0
A0A3Q3G9Q1,False,10001,0,0.0
F2JZ26,False,10002,0,0.0
A0A328Z5E4,False,10003,0,0.0
A0A0M2KAV7,False,10004,0,0.0
A0A1H2PNN8,False,10005,0,0.0
A0A0G4JW18,False,10006,0,0.0
A0A2U8I5I1,False,10007,0,0.0
A0A5E4N9R2,False,10008,0,0.0
A0A0Q9YD96,False,10009,0,0.0
A0A328ZTJ4,False,10010,0,0.0
A0A249DZL6,False,10011,0,0.0
A0A2G8DX34,False,10012,0,0.0
G6YIH2,False,10013,0,0.0
D2U4P0,False,10014,0,0.0
A0A0W0TUP0,False,10015,0,0.0
A0A078L125,False,10016,0,0.0
A0A0U5EQ38,False,10017,0,0.0
F0Q5R8,False,10018,0,0.0
A0A0G4JVB0,False,10019,0,0.0
A0A1H2PNL8,False,10020,0,0.0
A0A8S1SST2,False,10021,0,0.0
A0A0Q6WRA7,False,10022,0,0.0
A0A0F5JZ22,False,10023,0,0.0
A0A1J8NME0,False,10024,0,0.0
A0A5E4M7K8,False,10025,0,0.0
G9ELY5,False,10026,0,0.0
Q8ZMI3,False,10027,0,0.0
B2VJH3,False,10028,0,0.0
A0A3D9UMU3,False,10029,0,0.0
A0A2S0PDD2,False,10030,0,0.0
A0A0Q8PB81,False,10031,0,0.0
A0A0W0XQA9,False,10032,0,0.0
A0A370MZA9,False,10033,0,0.0
A0A4V1F9W9,False,10034,0,0.0
A0A4V5PGY6,False,10035,0,0.0
A0A014PYK8,False,10036,0,0.0
A0A0W0U786,False,10037,0,0.0
A0A0F5JSW9,False,10038,0,0.0
Q8P4H6,False,10039,0,0.0
F0Q9X3,False,10040,0,0.0
A0A437ALN0,False,10041,0,0.0
L2GME1,False,10042,0,0.0
Q8SUM9,False,10043,0,0.0
J9DU43,False,10044,0,0.0
R0MKR9,False,10045,0,0.0
A0A1X0QA54,False,10046,0,0.0
I3EHF1,False,10047,0,0.0
A0A4Q9LCX8,False,10048,0,0.0
A0A1Y1S4F6,False,10049,0,0.0
A0A086J4R9,False,10050,0,0.0
A0A177EJ25,False,10051,0,0.0
A0A0R0LTJ2,False,10052,0,0.0
L2GTT0,False,10053,0,0.0
R0MKA5,False,10054,0,0.0
C4V6W6,False,10055,0,0.0
T0L8J6,False,10056,0,0.0
L7JZV5,False,10057,0,0.0
S7WA11,False,10058,0,0.0
A0A1W0E9A8,False,10059,0,0.0
A0A158RBU2,False,10060,0,0.0
A0A8B7QGC0,False,10061,0,0.0
A0A2W1BE19,False,10062,0,0.0
A0A3Q0HQK3,False,10063,0,0.0
A0A2K6L047,False,10064,0,0.0
A0A9W2Y4D4,False,10065,0,0.0
A0A8B8ITX2,False,10066,0,0.0
A0A803TBW4,False,10067,0,0.0
A0A6I9NII0,False,10068,0,0.0
A0A674NIX6,False,10061,0,0.0
A0A384C8G3,False,10069,0,0.0
A0A979FTZ0,False,10070,0,0.0
A0A7R9KFU5,False,10071,0,0.0
A0A340WNP7,False,10061,0,0.0
A0A8C3CA35,False,10072,0,0.0
A0A8S1H4S5,False,10073,0,0.0
A0A9W2Y446,False,10074,0,0.0
B4JMH1,False,10075,0,0.0
A0A915LF31,False,10076,0,0.0
A0A154PJU1,False,10077,0,0.0
A0A6J2QML2,False,10078,0,0.0
B4GYM9,False,10079,0,0.0
A0A8S4GJV8,False,10080,0,0.0
A0A8C5XII6,False,10081,0,0.0
A0A8C7Y3G5,False,10082,0,0.0
A0A7L2XJU2,False,10083,0,0.0
A0A7L2J4L6,False,10084,0,0.0
A0A2Y9MIL6,False,10085,0,0.0
A0A4S2LVX9,False,10086,0,0.0
A0A0A0C1D3,False,10087,0,0.0
A0A084JDP6,False,10088,0,0.0
A0A840IQV2,False,10089,0,0.0
V6JP48,False,10090,0,0.0
A0A1G7RRY2,False,10091,0,0.0
A0A7W4VWQ5,False,10092,0,0.0
A0A934IDB8,False,10093,0,0.0
D9XA85,False,10094,0,0.0
A0A917RB45,False,10095,0,0.0
A0A2H5WNU9,False,10096,0,0.0
A0A429BDE9,False,10097,0,0.0
E4N4T8,False,10098,0,0.0
K9T5D1,False,10099,0,0.0
A0A8H9J3F4,False,10100,0,0.0
A0A6P1TKN1,False,10101,0,0.0
A0A841CAV9,False,10102,0,0.0
G2GB14,False,10103,0,0.0
A0A967AXF4,False,10104,0,0.0
A0A0C5G9S8,False,10105,0,0.0
A0A9J6ZCG0,False,10106,0,0.0
A0A1A5YS92,False,10107,0,0.0
A0A229UJ40,False,10108,0,0.0
A0A1X9LG10,False,10109,0,0.0
E3PWN0,False,10110,0,0.0
A0A6B8RW96,False,10111,0,0.0
A0A2N5XHW6,False,10112,0,0.0
A0A8J3T6X5,False,10113,0,0.0
A0A4R4PXP0,False,10114,0,0.0
A0A101U1C2,False,10115,0,0.0
W4EYH7,False,10116,0,0.0
A0A1M5PY71,False,10117,0,0.0
A0A098EVZ2,False,10118,0,0.0
A0A091CCK3,False,10119,0,0.0
A0A0R1Y312,False,10120,0,0.0
A0A931B6E2,False,10121,0,0.0
A0A7W5TU03,False,10122,0,0.0
A0A4R2CCF4,False,10123,0,0.0
A0A1M7QZ36,False,10124,0,0.0
A0A0M8V1N8,False,10125,0,0.0
A0A1E3GVG8,False,10126,0,0.0
A5G416,False,10127,0,0.0
A0A1C6PGL8,False,10128,0,0.0
A0A811K9D5,False,10129,0,0.0
Q39XV0,False,10130,0,0.0
A0A967C4W3,False,10131,0,0.0
A0A974TUY2,False,10132,0,0.0
A0A0Q6CVN3,False,10133,0,0.0
A0A7W6GCV7,False,10134,0,0.0
A0A1H1BY31,False,10135,0,0.0
A0A8D5UFT4,False,10136,0,0.0
A0A443R6T8,False,10137,0,0.0
A0A0B1TMY4,False,10138,0,0.0
A0A3P7IJG1,False,10139,0,0.0
E4TZR3,False,10140,0,0.0
A0A4Y2HQX3,False,10141,0,0.0
A0A0Q5W3W3,False,10142,0,0.0
A0A2N0ZI06,False,10143,0,0.0
A0A0U3NDS6,False,10144,0,0.0
A0A7X6I7K8,False,10145,0,0.0
A0A934NMS4,False,10146,0,0.0
A8I6S7,False,10147,0,0.0
A0A1I3QS03,False,10148,0,0.0
A0A254R6Y8,False,10149,0,0.0
A0A2W7IKH5,False,10150,0,0.0
A0A2B4R8H9,False,10151,0,0.0
A0A1S3IMM4,False,10152,0,0.0
F6ERI3,False,10153,0,0.0
A0A2N7WGE9,False,10154,0,0.0
A0A944PCJ2,False,10155,0,0.0
A0A098ET57,False,10156,0,0.0
A0A6I2G5F0,False,10157,0,0.0
A0A7R9KGU2,False,10158,0,0.0
A0A016WZ48,False,10159,0,0.0
A0A7R9KVS0,False,10160,0,0.0
A0A9J6P8C9,False,10161,0,0.0
A0A1I1BNA7,False,10162,0,0.0
A0A1I0AW44,False,10163,0,0.0
A0A2V2N371,False,10164,0,0.0
K6TVS4,False,10165,0,0.0
A0A428J6D2,False,10166,0,0.0
A0A0F6SGI0,False,10167,0,0.0
A0A7Y4C306,False,10168,0,0.0
A0A9J6RFS5,False,10169,0,0.0
A0A0C1TVR3,False,10170,0,0.0
A0A0Q7JZ26,False,10171,0,0.0
T0N3K6,False,10172,0,0.0
A6GGF1,False,10173,0,0.0
A0A5S5C5H0,False,10174,0,0.0
G8R7R3,False,10165,0,0.0
A0A917HGI4,False,10168,0,2.0
A0A2N8ZJ48,False,10175,0,0.0
A0A1J0GMQ3,False,10176,0,0.0
A0A9J6P1S6,False,10177,0,0.0
A0A0J1F8U2,False,10178,0,0.0
A0A926KQI2,False,10179,0,0.0
A0A917NAW6,False,10168,0,0.0
A0A0V8J2C7,False,10165,0,0.0
A0A7Y2WV07,False,10166,0,0.0
A0A974BJ24,False,10180,0,0.0
A0A8C9MW00,False,10181,0,0.0
A0A7Y9XV42,False,10182,0,0.0
A0A913ZLG7,False,10183,0,0.0
A0A2Y9GDV6,False,10181,0,0.0
A0A0C2X5A9,False,10184,0,0.0
A0A448IFQ4,False,10185,0,0.0
A0A919EYQ0,False,10186,0,0.0
A0A1M6SN98,False,10187,0,0.0
A0A1X0DQ78,False,10188,0,0.0
A0A365UDM4,False,10189,0,0.0
A0A1E5Q234,False,10190,0,0.0
A0A0D0CQE7,False,10191,0,0.0
A0A8H7X311,False,10192,0,0.0
A0A4R1HTX3,False,10193,0,0.0
A0A6H9V1F2,False,10194,0,0.0
A0A7K6FVI6,False,10181,0,0.0
B1YFU0,False,10195,0,0.0
A0A1C3EJ34,False,10196,0,0.0
A0A4V1XMM9,False,10197,0,0.0
A0A8S4NN58,False,10198,0,0.0
A0A561WBG8,False,10199,0,0.0
A0A2J6S674,False,10200,0,0.0
A0A8H7MLN8,False,10201,0,0.0
A0A939I315,False,10202,0,0.0
A0A8I5ZLT4,False,10203,0,0.0
A0A179FB63,False,10204,0,0.0
A0A0M0JJP9,False,10205,0,0.0
A0A2P8DUQ4,False,10206,0,0.0
A0A6B3HNM8,False,10207,0,0.0
A0A0R2B8W2,False,10208,0,0.0
A0A7V7RKE9,False,10209,0,0.0
Q23U95,False,10210,0,0.0
A0A4Q0VUX0,False,10211,0,0.0
A0A972GF54,False,10212,0,0.0
A0A2P8AVZ9,False,10213,0,0.0
A0A345DAB6,False,10214,0,0.0
A0A1Q8ZX25,False,10215,0,0.0
A0A7W3XZH2,False,10216,0,0.0
A0A345T4K0,False,10217,0,0.0
G2NHT9,False,10218,0,0.0
A0A7W0CTF8,False,10219,0,0.0
A0A1M5S7X2,False,10220,0,0.0
A0A8C9G5L4,False,10221,0,0.0
A0A975HM02,False,10222,0,0.0
A0A949JGY5,False,10223,0,0.0
A0A3B6IPW7,False,10224,0,0.0
Q7MV46,False,10225,0,0.0
A0A0K1JP70,False,10226,0,0.0
A0A1R4B164,False,10227,0,0.0
A0A6L7H5F9,False,10228,0,0.0
A0A1L9NT86,False,10229,0,0.0
A0A975ADR5,False,10230,0,0.0
A0A1X7HJQ5,False,10231,0,0.0
A0A562TAN7,False,10232,0,0.0
A0A6N4T5N0,False,10225,0,1.0
A0A1R3ISU9,False,10233,0,0.0
A0A6A9UY45,False,10234,0,0.0
A0A370QQN9,False,10235,0,0.0
A0A3A9AS33,False,10236,0,0.0
A0A372JSZ5,False,10237,0,0.0
A0A660L627,False,10238,0,0.0
A0A085EXA7,False,10239,0,0.0
R6CD43,False,10240,0,0.0
A0A0A2VVB6,False,10241,0,0.0
E7GB79,False,10242,0,0.0
A0A917U1D1,False,10243,0,0.0
A0A562T0Z5,False,10244,0,0.0
A0A1C3MZ36,False,10245,0,0.0
A0A1R1PFT7,False,10246,0,0.0
A0A401UII4,False,10247,0,0.0
A0A6M5YAU3,False,10248,0,0.0
A0A2X4UI02,False,10249,0,0.0
A0A1G6WRF2,False,10250,0,0.0
A0A5C5ZTW4,False,10251,0,0.0
W3RK64,False,10252,0,0.0
A0YKP3,False,10253,0,0.0
A0A1D7XH40,False,10254,0,0.0
A0A1I5N8X6,False,10255,0,0.0
A0A512SZM1,False,10256,0,0.0
A0A8J8SLP7,False,10257,0,0.0
A0A1X4I9P8,False,10258,0,0.0
A0A162TE21,False,10259,0,0.0
A0A562J9H9,False,10260,0,0.0
A6L988,False,10261,0,0.0
A0A0M3AZX6,False,10262,0,0.0
X7EBF2,False,10263,0,0.0
A0A3P1VDZ4,False,10264,0,0.0
W6N9Q3,False,10265,0,0.0
A0A4V2WLN2,False,10266,0,0.0
A0A1X2LSH7,False,10267,0,0.0
A0A261ERE7,False,10268,0,0.0
A0A5M6CN35,False,10270,0,0.0
A0A942IFB9,False,10250,0,1.0
A0A7W9QHM5,False,10271,0,0.0
A0A267MEZ9,False,10272,0,0.0
A0A916IR08,False,10273,0,0.0
A0A5B1M456,False,10274,0,0.0
R6TMK8,False,10275,0,0.0
A0A919M535,False,10276,0,0.0
A0A0M0LJ48,False,10277,0,0.0
A0A0X3S6S9,False,10278,0,0.0
A0A059E4J8,False,10264,0,0.0
A0A0X3WXZ9,False,10279,0,0.0
A0A6V8K0H6,False,10280,0,0.0
A0A2C8FBR0,False,10281,0,0.0
A0A7K1KJW8,False,10282,0,0.0
A0A1C0Y706,False,10283,0,0.0
A0A2T5HLC1,False,10284,0,0.0
A0A410P2R3,False,10285,0,0.0
D3QB14,False,10286,0,0.0
A0A6M4MHQ1,False,10287,0,0.0
L1NY76,False,10288,0,0.0
I1DUW3,False,10289,0,0.0
A0A501X014,False,10290,0,0.0
Q21WV0,False,10291,0,0.0
A3VKD8,False,10292,0,0.0
A0A133YZE3,False,10293,0,0.0
J2JWA9,False,10294,0,0.0
A0A7Z1AH12,False,10295,0,0.0
A0A7U7G9X1,False,10296,0,0.0
A0A255T183,False,10297,0,0.0
F9ZY11,False,10298,0,0.0
A0A1N6DGZ8,False,10299,0,0.0
A0A5P9GYY2,False,10300,0,0.0
A0A1B9Y1P9,False,10301,0,0.0
A0A2S5SST9,False,10302,0,0.0
A0A918H8K6,False,10303,0,0.0
A0A934PMC2,False,10304,0,0.0
A0A0N1B3L7,False,10305,0,0.0
A0A923VNU1,False,10306,0,0.0
A0A7K2XLR5,False,10307,0,0.0
A0A844H415,False,10308,0,0.0
A0A398CKY3,False,10280,0,0.0
V9TUN8,False,10309,0,0.0
A0A1H4GWI7,False,10310,0,0.0
A0A085WUJ4,False,10311,0,0.0
A0A0B4REK7,False,10312,0,0.0
A0A3S9ZMS5,False,10313,0,0.0
A0A919F2M8,False,10314,0,0.0
A0A5C6VAW9,False,10315,0,0.0
A0A6C2UPQ0,False,10316,0,0.0
A0A4R3FA42,False,10317,0,0.0
A0A918XS48,False,10318,0,0.0
A0A1G5QB88,False,10319,0,0.0
A0A1G8UYD2,False,10320,0,0.0
A0A4Q3Z6W6,False,10321,0,0.0
A0A1X7CYC8,False,10322,0,0.0
A0A1G9JJK7,False,10323,0,0.0
A0A1I0MRH5,False,10324,0,0.0
A0A6I4T8F9,False,10325,0,0.0
F6EZS7,False,10326,0,0.0
A0A0P0CI50,False,10327,0,0.0
A0A6I2GLZ5,False,10328,0,0.0
A0A0J6NJ63,False,10329,0,0.0
A0A345QLN4,False,10330,0,0.0
A0A0K1PAY0,False,10331,0,0.0
F3NRW8,False,10332,0,0.0
A0A0E3VWB0,False,10333,0,0.0
A0A2P7QPV6,False,10334,0,0.0
A0A919VEB2,False,10335,0,0.0
A0A514JSS4,False,10336,0,0.0
A0A3G2G6X8,False,10337,0,0.0
A0A8J3RZF5,False,10338,0,0.0
H5WNL9,False,10339,0,0.0
A0A1J5MRK9,False,10340,0,0.0
A0A7L6AQT9,False,10341,0,0.0
A0A7I8ERS6,False,10342,0,0.0
T5LNW6,False,10343,0,0.0
Q0W2V5,False,10344,0,0.0
A0A264YA93,False,10345,0,0.0
D1PUM8,False,10346,0,0.0
A0A4Q2UAU3,False,10347,0,0.0
A0A7W0C963,False,10348,0,0.0
A0A239I316,False,10349,0,0.0
A0A1H6F5U2,False,10350,0,0.0
A0A1H2CCF4,False,10351,0,0.0
A0A518BNH6,False,10352,0,0.0
A0A4Z0GXK7,False,10353,0,0.0
A0A1T4JIF6,False,10354,0,0.0
Q2SMH0,False,10355,0,0.0
A0A1L9TTH4,False,10356,0,0.0
A0A5B7WRQ2,False,10358,0,0.0
A0A1E3BCZ6,False,10359,0,0.0
A0A2K9P1J5,False,10360,0,0.0
A0A3A9EPM9,False,10361,0,0.0
A0A1Q8CR95,False,10362,0,0.0
W3XEC5,False,10363,0,0.0
U5QP67,False,10364,0,0.0
M5FBN1,False,10365,0,0.0
A0A515KQR9,False,10366,0,0.0
A0A924LYD9,False,10367,0,0.0
A0A7D5C2Y1,False,10368,0,0.0
A0A6I6IQK9,False,10369,0,0.0
A0A5R9QBR0,False,10370,0,0.0
A0A5N7BHM6,False,10371,0,0.0
A0A090VW22,False,10372,0,0.0
I0I947,False,10373,0,0.0
A0A1E1JX23,False,10374,0,0.0
A0A1I4FY64,False,10375,0,0.0
A0A0L0S529,False,10376,0,0.0
A0A4Q7P2U2,False,10377,0,0.0
A0A7W7LME2,False,10378,0,0.0
A0A433X9G9,False,10379,0,0.0
S3BP65,False,10380,0,0.0
A0A3P2AG19,False,10381,0,0.0
A0A386TJP8,False,10382,0,0.0
A0A1V6QT69,False,10383,0,0.0
A0A3G6JBD1,False,10384,0,0.0
A0A7D5GRT7,False,10357,0,1.0
A0A6G4VH73,False,10385,0,0.0
A0A136IRI5,False,10386,0,0.0
A0A662X7E7,False,10387,0,0.0
A0A7L5YFW5,False,10388,0,0.0
A0A7Y9DQ56,False,10389,0,0.0
A0A0Q5WF90,False,10390,0,0.0
A0A3Q9FVC5,False,10391,0,0.0
A0A101RU39,False,10392,0,0.0
A0A1B6APV3,False,10393,0,0.0
A0A4P7GR26,False,10394,0,0.0
G0RXG5,False,10395,0,0.0
A0A550HHU6,False,10396,0,0.0
A0A502CM44,False,10397,0,0.0
A0A433UHX8,False,10398,0,0.0
A0A1I6QFT4,False,10399,0,0.0
A0A1F5LG44,False,10400,0,0.0
A0A4Y8CYH3,False,10401,0,0.0
A0A918UV68,False,10402,0,0.0
A0A8J3B580,False,10403,0,0.0
A0A1L9RXA2,False,10404,0,0.0
A0A0X3XNW6,False,10405,0,0.0
A0A545TFW6,False,10406,0,0.0
A0A344TWU0,False,10407,0,0.0
A0A1S2P054,False,10408,0,0.0
A0A072P6W1,False,10409,0,0.0
A0A6J5F9N2,False,10410,0,0.0
A0A9Q5D053,False,10411,0,0.0
A0A1V6QLK1,False,10412,0,0.0
Q7S4Y8,False,10413,0,0.0
A0A086BCH5,False,10414,0,0.0
F8WYN3,False,10415,0,0.0
A0A7W1WU66,False,10416,0,0.0
A0A0W0YZ31,False,10417,0,0.0
A0A918W8M7,False,10418,0,0.0
A0A5C5UJK8,False,10419,0,0.0
A0A852UPF3,False,10420,0,0.0
A0A6I5C684,False,10421,0,0.0
A0A6B2JHF2,False,10422,0,0.0
R7YYH6,False,10423,0,0.0
A0A1V0TY22,False,10424,0,0.0
A0A0W0VP29,False,10425,0,0.0
A0A0C5GAV3,False,10426,0,0.0
A0A563EQK9,False,10427,0,0.0
A0A0J1G358,False,10428,0,0.0
A0A844YJ88,False,10429,0,0.0
A0A5J6FEH0,False,10430,0,0.0
A0A1H9V991,False,10431,0,0.0
S0NXR6,False,10432,0,0.0
Z9JW54,False,10433,0,0.0
A0A1H3EFY3,False,10434,0,0.0
R5KWN6,False,10435,0,0.0
A0A944NYH6,False,10436,0,0.0
A0A370GJS4,False,10437,0,0.0
A0A927CXN4,False,10438,0,0.0
A0A0Q8QME4,False,10439,0,0.0
A0A839QKT7,False,10440,0,0.0
A0A839DZN9,False,10441,0,0.0
A0A267MN64,False,10442,0,0.0
A0A1I6LI22,False,10443,0,0.0
A0A368TAA0,False,10444,0,0.0
A0A2A2GJN0,False,10445,0,0.0
A0A816CVL7,False,10446,0,0.0
A0A9K3M672,False,10447,0,0.0
R7IQ72,False,10433,0,2.0
A0A942U4B3,False,10448,0,0.0
A0A365T7L8,False,10449,0,0.0
A0A944JDD9,False,10450,0,0.0
R9KYS0,False,10451,0,0.0
Q2G9K4,False,10452,0,0.0
L8LIA2,False,10453,0,0.0
H3SFA9,False,10454,0,0.0
A0A919CII9,False,10455,0,0.0
A0A161X1I3,False,10456,0,0.0
F7KFK8,False,10457,0,0.0
A0A367HUC1,False,10458,0,0.0
A0A261KTA5,False,10459,0,0.0
A0A4T0UYW1,False,10460,0,0.0
A0A7K6TMT9,False,10461,0,0.0
G2ILF0,False,10462,0,0.0
A0A812C3P3,False,10463,0,0.0
A0A3A9YUY2,False,10464,0,0.0
A0A643FGQ4,False,10465,0,0.0
C1N479,False,10466,0,0.0
A0A2R4MI84,False,10467,0,0.0
A0A1V9ZT71,False,10468,0,0.0
A0A5B8YPA0,False,10469,0,0.0
A0A6B3HUW6,False,10470,0,0.0
A0A4U1CVC2,False,10471,0,0.0
A0A0R1VLA8,False,10472,0,0.0
A0A931DKQ6,False,10473,0,0.0
K8P989,False,10474,0,0.0
A0A1H5PQS3,False,10475,0,0.0
A0A6G8FL74,False,10476,0,0.0
R6C700,False,10477,0,0.0
A0A7K8HUT2,False,10478,0,0.0
A0A1I1J478,False,10479,0,0.0
A0A3M8AIZ3,False,10480,0,0.0
A0A3A9HVF4,False,10481,0,0.0
A0A8C9I7R1,False,10482,0,0.0
A0A8C2X329,False,10483,0,0.0
A0A0P6XHC3,False,10484,0,0.0
A0A840WAW3,False,10485,0,0.0
A0A1Y2RD30,False,10486,0,0.0
A6L238,False,10487,0,0.0
A0A5C7ANX7,False,10488,0,0.0
A0A8J2TUK3,False,10489,0,0.0
A0A3N1D003,False,10490,0,0.0
A0A0Q9AA18,False,10491,0,0.0
A0A2G9HFF5,False,10492,0,0.0
A0A1I1BSU9,False,10493,0,0.0
A0A1H7MHP1,False,10494,0,0.0
A0A2P7QSP1,False,10495,0,0.0
A0A6J3GHT5,False,10496,0,0.0
A0A5H1ZRJ4,False,10497,0,0.0
A0A7K4WIQ0,False,10498,0,0.0
A0A3Q3G7J2,False,10499,0,0.0
A0A091RZ46,False,10500,0,0.0
A0A4U1FG01,False,10501,0,0.0
A0A913ZIB7,False,10502,0,0.0
A0A7K6RPX0,False,10503,0,0.0
A0A1U7QL18,False,10504,0,0.0
A0A8B7AFY9,False,10505,0,0.0
A0A7K8CEQ2,False,10506,0,0.0
A0A8B9MXD4,False,10507,0,0.0
A0A5K1U1J8,False,10508,0,0.0
A0A803T8U4,False,10509,0,0.0
A0A8C7CSB6,False,10510,0,0.0
A0A8C4X927,False,10511,0,0.0
A0A2Y9EX00,False,10512,0,0.0
R7VNU6,False,10503,0,0.0
A0A672PVQ2,False,10513,0,0.0
W5K9J7,False,10514,0,0.0
A0A4W2EV87,False,10496,0,0.0
A0A2U3XQP9,False,10515,0,0.0
H2PBX4,False,10516,0,0.0
A0A8C3CHT1,False,10517,0,0.0
A0A2K5JES0,False,10518,0,0.0
F6U2K2,False,10503,0,0.0
A0A9B0T645,False,10519,0,0.0
A0A2Y9SP91,False,10520,0,0.0
A0A2G8KLR5,False,10521,0,0.0
A0A915B114,False,10522,0,0.0
A0A0B2V5V1,False,10523,0,0.0
A0A915AZF2,False,10524,0,0.0
A0A061DNR4,False,10525,0,0.0
A0A199UZQ5,False,10526,0,0.0
A2Y925,False,10527,0,0.0
A0A235B3I1,False,10528,0,0.0
A0A2U1MT12,False,10529,0,0.0
A0A5J9U0A7,False,10530,0,0.0
A0A5E4PEW9,False,10531,0,0.0
F6HY79,False,10532,0,0.0
A0A0E0AAX1,False,10533,0,0.0
A0A4R2RS48,False,10534,0,0.0
A0A830D790,False,10535,0,0.0
A0A975MW67,False,10536,0,0.0
A0A3B0BRY3,False,10537,0,0.0
A0A1V2B1N0,False,10538,0,0.0
A0A6J1KFL8,False,10539,0,0.0
A0A6H0CP94,False,10540,0,0.0
A0A5C6UDI5,False,10541,0,0.0
Q93RU8,False,10542,0,0.0
A0A445JIV3,False,10543,0,0.0
A0A8J5SYL0,False,10544,0,0.0
A0A0L9VV77,False,10545,0,0.0
A0A918HCQ4,False,10546,0,0.0
A0A7K1SZS2,False,10547,0,0.0
A0A072U407,False,10548,0,0.0
A0A2R6QUY8,False,10549,0,0.0
A0A3B6RI19,False,10550,0,0.0
G4D0Z2,False,10551,0,0.0
A0A940MI24,False,10552,0,0.0
A0A5C6E1L4,False,10553,0,0.0
A0A2K3P425,False,10554,0,0.0
A0A445JR08,False,10555,0,0.0
A0A7N2R4F6,False,10556,0,0.0
S4VRF8,False,10557,0,0.0
T1ZFF2,False,10558,0,0.0
A0A453HZY3,False,10559,0,0.0
A0A1I2AD45,False,10560,0,0.0
A0A917JNM9,False,10561,0,0.0
A0A453QF41,False,10562,0,0.0
A0A507SQC6,False,10563,0,0.0
A0A291Q5K5,False,10564,0,0.0
A0A5N5F3J3,False,10565,0,0.0
A0A8C4YMW5,False,10566,0,0.0
A0A4T0IY02,False,10567,0,0.0
A0A4Z1HM06,False,10568,0,0.0
A0A2T3AZX7,False,10569,0,0.0
A0A329SKC9,False,10570,0,0.0
A0A137Q6X0,False,10571,0,0.0
A0A7J9CSS2,False,10572,0,0.0
A0A7J9EGF2,False,10573,0,0.0
A0A1Q5UFE6,False,10574,0,0.0
A0A1S3DSV2,False,10575,0,0.0
A0A3P6PLV4,False,10576,0,0.0
W3XC37,False,10577,0,0.0
V4UJH7,False,10578,0,0.0
A0A7J6A6M3,False,10579,0,0.0
A0A8C7FHX4,False,10580,0,0.0
A0A5N6UUD7,False,10581,0,0.0
I1M2N3,False,10582,0,0.0
G0W609,False,10583,0,0.0
A0A061J2M2,False,10584,0,0.0
A0A8H4TZI8,False,10585,0,0.0
A0A812U2H5,False,10586,0,0.0
A0A445JYD7,False,10587,0,0.0
A0A067SNK2,False,10588,0,0.0
A0A1L9SPK2,False,10589,0,0.0
A0A8J9R9B8,False,10590,0,0.0
A0A6I6K3B1,False,10591,0,0.0
A0A167QEZ7,False,10592,0,0.0
A0A225USH8,False,10593,0,0.0
A0A540LXZ4,False,10594,0,0.0
A0A0B2QBM7,False,10595,0,0.0
A0A670K8I8,False,10596,0,0.0
A0A8J2NRV8,False,10597,0,0.0
A4RTJ5,False,10598,0,0.0
A0A0C7NEK4,False,10599,0,0.0
A0A443N6I6,False,10600,0,0.0
A0A1D1V7L3,False,10601,0,0.0
A0A9D4TPH0,False,10602,0,0.0
A0A346TQ00,False,10603,0,0.0
Q91F00,False,10604,0,0.0
A0A0K0WS68,False,10605,0,0.0
Q7TLP9,False,10606,0,0.0
A0A346RNV3,False,10607,0,0.0
A0A097P930,False,10608,0,0.0
A0A068LMQ9,False,10609,0,0.0
A0A0E3Z603,False,10610,0,0.0
Q77LW8,False,10611,0,0.0
Q6JK90,False,10612,0,0.0
Q0N410,False,10613,0,0.0
Q9YMM0,False,10614,0,0.0
Q0ZP09,False,10615,0,0.0
B6D5Y7,False,10616,0,0.0
A5IZP8,False,10617,0,0.0
A0A343RRR8,False,10618,0,0.0
A0A172WZA5,False,10619,0,0.0
Q71AD2,False,10620,0,0.0
A0A0B4ZUN1,False,10603,0,0.0
A0EYY8,False,10621,0,0.0
D2J4L3,False,10622,0,0.0
A0A0S3IX16,False,10623,0,0.0
F4ZKS1,False,10624,0,0.0
Q2NNY7,False,10625,0,0.0
K4ER60,False,10626,0,0.0
Q7T9W9,False,10627,0,0.0
A0A0M3WNX3,False,10628,0,0.0
Q773I6,False,10629,0,0.0
Q6VTX9,False,10630,0,0.0
A1YR66,False,10631,0,0.0
Q7TLX2,False,10632,0,0.0
A0A0S3IVJ1,False,10633,0,0.0
A0A0E3Z7C6,False,10634,0,0.0
A0A0M3WPC5,False,10635,0,0.0
V9XTY7,False,10636,0,0.0
D4N268,False,10637,0,0.0
Q9YMT9,False,10638,0,0.0
Q2NP57,False,10639,0,0.0
Q2NNZ6,False,10640,0,0.0
A0A346RNS8,False,10641,0,0.0
A0A346TQ32,False,10642,0,0.0
K4ER70,False,10643,0,0.0
D2J4Q9,False,10644,0,0.0
A0A410S843,False,10642,0,0.0
A0A172ZFL9,False,10645,0,0.0
D7F5T2,False,10646,0,0.0
F4ZKX1,False,10647,0,0.0
Q8JRV8,False,10648,0,0.0
A0A2H4UZV1,False,10649,0,0.0
Q91GI6,False,10640,0,0.0
A0A2K9VSC9,False,10642,0,0.0
A0A068LKH4,False,10642,0,0.0
A0A097P904,False,10650,0,0.0
A0EYW2,False,10651,0,0.0
A5IZV2,False,10652,0,0.0
A1YRC0,False,10653,0,0.0
Q6QXK9,False,10654,0,0.0
D4N2B7,False,10642,0,0.0
A0A0R7EYT7,False,10655,0,0.0
Q7T9S2,False,10656,0,0.0
A1YJ54,False,10657,0,0.0
Q2NNY1,False,10658,0,0.0
D2J4N7,False,10659,0,0.0
A0A0R7EYT1,False,10660,0,0.0
Q7TLQ4,False,10661,0,0.0
K4EQT7,False,10662,0,0.0
A0A0E3Z7E2,False,10663,0,0.0
A0A346RNU8,False,10664,0,0.0
Q7T9U4,False,10665,0,0.0
A0A2K9VS97,False,10666,0,0.0
Q8QLE9,False,10667,0,0.0
Q91EX0,False,10668,0,0.0
A0A0K0WS80,False,10669,0,0.0
A0A0B4ZWE9,False,10670,0,0.0
A1YRE0,False,10671,0,0.0
D4N2D5,False,10672,0,0.0
I3XM93,False,10673,0,0.0
A0A346TQ05,False,10674,0,0.0
A0A109WW75,False,10675,0,0.0
Q6VTP6,False,10676,0,0.0
Q0N415,False,10677,0,0.0
A0A343RRM1,False,10678,0,0.0
Q91GG5,False,10679,0,0.0
Q99GW0,False,10680,0,0.0
F4ZKU7,False,10681,0,0.0
B6D5Z2,False,10682,0,0.0
Q8B9F8,False,10683,0,0.0
A0A2H4UZW6,False,10684,0,0.0
Q8JRY2,False,10685,0,0.0
A0EYY3,False,10686,0,0.0
A0A0M3WNZ8,False,10687,0,0.0
Q0E4Z4,False,10688,0,0.0
Q2NP63,False,10689,0,0.0
D7F5P3,False,10690,0,0.0
A0A068LMH9,False,10691,0,0.0
A0A2K9VS69,False,10692,0,0.0
Q7TLW8,False,10693,0,0.0
Q8B9N1,False,10694,0,0.0
A0A346FXU5,False,10695,0,0.0
Q8QLJ3,False,10696,0,0.0
A1YR71,False,10697,0,0.0
A0A410S7N7,False,10698,0,0.0
D4N2G5,False,10699,0,0.0
A0A0M3WR61,False,10700,0,0.0
Q9YMJ9,False,10701,0,0.0
Q0N3X6,False,10702,0,0.0
A0A172WZJ4,False,10703,0,0.0
Q91GN5,False,10704,0,0.0
A0A346TPW7,False,10705,0,0.0
A1YJ18,False,10706,0,0.0
Q80LH6,False,10707,0,0.0
Q6VTX4,False,10708,0,0.0
A0A2Z5V8N6,False,10709,0,0.0
A0A343RRR2,False,10710,0,0.0
B6D5U8,False,10711,0,0.0
A0A097P950,False,10712,0,0.0
Q77SB2,False,10713,0,0.0
Q99GT4,False,10714,0,0.0
A0A0E3Z5Y4,False,10715,0,0.0
A0A346TPY1,False,10716,0,0.0
A0A410S7M7,False,10717,0,0.0
Q91GN4,False,10718,0,0.0
A0A0B5A012,False,10719,0,0.0
A0A0S3IV55,False,10720,0,0.0
A0A068LKK9,False,10721,0,0.0
A0A346RNX9,False,10722,0,0.0
A0A2H4UZZ3,False,10723,0,0.0
D7F5Q0,False,10724,0,0.0
A1YR72,False,10725,0,0.0
A0A097P968,False,10726,0,0.0
K4ERT6,False,10727,0,0.0
Q7TLW7,False,10728,0,0.0
Q0N3Y6,False,10729,0,0.0
F4ZKR1,False,10730,0,0.0
Q8B9N0,False,10731,0,0.0
A0EYZ5,False,10732,0,0.0
Q71AF6,False,10716,0,0.0
A0A2K9VS95,False,10733,0,0.0
A0A343RRQ1,False,10734,0,0.0
Q9YMH0,False,10735,0,0.0
A0A172WZJ0,False,10736,0,0.0
A0A0M3WNE5,False,10737,0,0.0
D4N2I8,False,10738,0,0.0
V9XSU6,False,10739,0,0.0
D2J4P4,False,10740,0,0.0
A0A0K0WS96,False,10741,0,0.0
A0A097DAN6,False,10742,0,0.0
A0A2H4UZW4,False,10743,0,0.0
A0A109P616,False,10744,0,0.0
A0A0B4ZZI3,False,10745,0,0.0
D7F5U5,False,10746,0,0.0
A5IZT4,False,10747,0,0.0
A0A0M3WR05,False,10748,0,0.0
A0A346TQ15,False,10749,0,0.0
A0A172WZD4,False,10750,0,0.0
Q0N420,False,10751,0,0.0
A0A097P913,False,10752,0,0.0
B6D602,False,10753,0,0.0
I3XMA3,False,10754,0,0.0
A0A346RNU1,False,10755,0,0.0
D4N2C8,False,10756,0,0.0
Q77LX3,False,10757,0,0.0
A0EYX5,False,10758,0,0.0
A1YRD2,False,10759,0,0.0
Q91EW3,False,10760,0,0.0
Q7TLR2,False,10740,0,0.0
A1YJ64,False,10761,0,0.0
Q9YMN2,False,10754,0,0.0
A0A0E3URQ8,False,10762,0,0.0
Q80LM6,False,10763,0,0.0
A0A343RRK9,False,10764,0,0.0
G4RKX0,False,10765,0,0.0
A0A448Z0I3,False,10766,0,0.0
A0A238J5M1,False,10767,0,0.0
A0A135LLF9,False,10768,0,0.0
A0A364JWJ1,False,10769,0,0.0
A0A328PGW3,False,10770,0,0.0
A0A8J7UL44,False,10771,0,0.0
A0A428QRF2,False,10772,0,0.0
A0A3M2R9D0,False,10773,0,0.0
A0A017HSK9,False,10774,0,0.0
R7CDI3,False,10775,0,0.0
A0A1H8UFX7,False,10776,0,0.0
A0A265QEE7,False,10777,0,0.0
A0A3M8CX44,False,10778,0,0.0
A0A1E3VEV6,False,10779,0,0.0
K4KQB5,False,10780,0,0.0
A0A315XLN7,False,10781,0,0.0
A0A6I4TXM7,False,10782,0,0.0
R5CW49,False,10783,0,0.0
E7GTK4,False,10784,0,0.0
A0A7R8AHI6,False,10785,0,0.0
A0A5N0VGM3,False,10786,0,0.0
A0A4R6JJ55,False,10787,0,0.0
A0A1H5XTC3,False,10788,0,0.0
A0A3N1M1G4,False,10789,0,0.0
A0A1H4ZEC3,False,10790,0,0.0
A0A6P1YSG0,False,10791,0,0.0
A0A1F7ZNH3,False,10792,0,0.0
A0A3M3F3Y6,False,10793,0,0.0
Q5LVT9,False,10794,0,0.0
A0A395SMT9,False,10795,0,0.0
T0K9A2,False,10796,0,0.0
A0A428PBG6,False,10797,0,0.0
A0A0U5GFT3,False,10798,0,0.0
A0A7R7WMT8,False,10799,0,0.0
A0A0F7FI44,False,10800,0,0.0
Q7VV68,False,10801,0,0.0
A0A8J6J3W9,False,10802,0,0.0
A0A0D1XHN6,False,10803,0,0.0
A0A1W2AV29,False,10804,0,0.0
A0A2T4CJ86,False,10805,0,0.0
A0A0Q6CBU9,False,10806,0,0.0
E3GYB3,False,10807,0,0.0
A0A0E3P041,False,10808,0,0.0
A0A1B2I2W5,False,10809,0,0.0
A0A101AUQ6,False,10810,0,0.0
A0A939TR53,False,10811,0,0.0
A0A8A8DCB5,False,10812,0,0.0
A0A949TXQ7,False,10813,0,0.0
S9RW39,False,10814,0,0.0
A0A1M5MMZ5,False,10815,0,0.0
A0A2T7HIJ1,False,10816,0,0.0
A0A5K1J6S8,False,10817,0,0.0
A0A255XXL8,False,10803,0,0.0
E7GTK2,False,10818,0,0.0
A0A5B0G3W2,False,10819,0,0.0
A0A2V2LH66,False,10820,0,0.0
A0A1I0GXW4,False,10821,0,0.0
A0A5N6ZV06,False,10822,0,0.0
Q0CKP1,False,10823,0,0.0
B6JEQ3,False,10824,0,0.0
A0A1Q2M521,False,10825,0,0.0
E0STE4,False,10826,0,0.0
A0A4R5VRR3,False,10827,0,0.0
A0A165RXY9,False,10828,0,0.0
A0A4R5PNP7,False,10829,0,0.0
A0A051U3X1,False,10830,0,0.0
A0A1U8NP67,False,10831,0,0.0
A0A087DEK3,False,10832,0,0.0
A0A4P6K636,False,10833,0,0.0
A0A4R7MU44,False,10834,0,0.0
A0A3R6TZC3,False,10835,0,0.0
A0A0Q8BKP9,False,10836,0,0.0
A0A849BR66,False,10837,0,0.0
U5F5D9,False,10838,0,0.0
A0A4S5BRT5,False,10839,0,0.0
A0A6J1VAL1,False,10840,0,0.0
A0A1I1IGQ8,False,10841,0,0.0
A0A4Y4D1C3,False,10842,0,0.0
A0A8B2NIP5,False,10843,0,0.0
B2JT30,False,10844,0,0.0
A0A4D6YAV2,False,10845,0,0.0
A0A6B3HEP0,False,10846,0,0.0
A0A4R6UQQ0,False,10847,0,0.0
A0YAZ8,False,10848,0,0.0
A0A345WQW4,False,10849,0,0.0
A0A934VX14,False,10850,0,0.0
A0A8D0KQT7,False,10851,0,0.0
A0A1D8GFD1,False,10852,0,0.0
A0A421JE38,False,10853,0,0.0
A0A117PAN5,False,10854,0,0.0
C1DUH4,False,10855,0,0.0
A0A8C0EV84,False,10856,0,0.0
A0A455BQF0,False,10857,0,0.0
A0A835VZW2,False,10858,0,0.0
A0A8S1N651,False,10859,0,0.0
F7NGL7,False,10860,0,0.0
A0A257ENX3,False,10861,0,0.0
A0A8H7N3K8,False,10862,0,0.0
A0A183N5E3,False,10863,0,0.0
Q2GXH4,False,10864,0,0.0
A0A1Y2X4Q2,False,10865,0,0.0
A0A1S9AVI6,False,10866,0,0.0
A0A4R8HIG7,False,10867,0,0.0
B9M1C5,False,10868,0,0.0
A0A4R6VFM2,False,10869,0,0.0
A0A2T0RYJ1,False,10870,0,0.0
A0A951QAD3,False,10871,0,0.0
A0A085GQ30,False,10872,0,0.0
A0A076GYF2,False,10873,0,0.0
A1VRP8,False,10874,0,0.0
A0A0M2Q3R7,False,10875,0,0.0
A0A1W9Q9H2,False,10876,0,0.0
A0A327KQ90,False,10877,0,0.0
A0A1H7TB53,False,10878,0,0.0
A0A410UH78,False,10879,0,0.0
A0A939GXX5,False,10872,0,0.0
A0A164A8F7,False,10880,0,0.0
A0A8J6WV28,False,10875,0,0.0
A0A7U6QN53,False,10881,0,0.0
A0A2U0TGZ3,False,10882,0,0.0
A0A3D8HMQ3,False,10883,0,0.0
A0A2T5MH77,False,10872,0,0.0
A0A150X5G0,False,10870,0,0.0
A0A1H5UTQ5,False,10884,0,0.0
A0A562W807,False,10885,0,0.0
W0PD62,False,10886,0,0.0
A0A5S9NHG0,False,10884,0,0.0
A0A8J6ZXZ7,False,10887,0,0.0
A0A937A4J4,False,10888,0,0.0
A0A553F613,False,10889,0,0.0
A0A978S7Z7,False,10890,0,0.0
A0A095VN36,False,10891,0,0.0
A0A240E066,False,10884,0,0.0
A0A2M8S0P7,False,10892,0,0.0
A0A2A2GR11,False,10893,0,0.0
A0A1H9CP10,False,10888,0,0.0
A0A974NGG4,False,10884,0,0.0
A0A0Q4N2W8,False,10894,0,0.0
A0A1X4G6E4,False,10895,0,0.0
A0A1M5X4W3,False,10896,0,0.0
A0A268U3D3,False,10897,0,0.0
A0A6C0TVX1,False,10884,0,0.0
A0A916IUV8,False,10884,0,0.0
A0A381EB74,False,10890,0,0.0
A0A1W6YXT9,False,10884,0,0.0
A0A420XIM0,False,10898,0,0.0
A0A2N4UC25,False,10899,0,0.0
A0A5C5YFR3,False,10900,0,0.0
A0A4Z2D3G5,False,10901,0,0.0
A0A6G7PXP4,False,10902,0,0.0
A0A813UTY3,False,10903,0,0.0
M0LXV4,False,10904,0,0.0
A0A2T1CTG4,False,10905,0,0.0
A0A5B8LIK3,False,10906,0,0.0
A0A511J708,False,10907,0,0.0
L1KVW3,False,10908,0,0.0
A0A0A6D254,False,10909,0,0.0
A0A7J8XLT6,False,10910,0,0.0
A0A494Z475,False,10911,0,0.0
H8XVL4,False,10912,0,0.0
A0A3R8TQF7,False,10913,0,0.0
D4YKM8,False,10914,0,0.0
A0A1V3PF19,False,10915,0,0.0
A0A7L0NLY5,False,10916,0,0.0
A0A7L4IS56,False,10917,0,0.0
A0A928ZPM9,False,10918,0,0.0
Q21VX0,False,10919,0,0.0
A0A430FU81,False,10920,0,0.0
M2RBA0,False,10921,0,0.0
F4H1G8,False,10922,0,0.0
A0A4R0XLV4,False,10923,0,0.0
A0A2Z2HW52,False,10924,0,0.0
A0A0G2ESE7,False,10925,0,0.0
A0A166JVQ9,False,10926,0,0.0
F7K7N2,False,10927,0,0.0
A0A940DY38,False,10928,0,0.0
V4XY04,False,10929,0,0.0
D4E5W3,False,10930,0,0.0
A0A543HHG1,False,10931,0,0.0
A0A6H2H8C7,False,10932,0,0.0
A0A8H5ZRH0,False,10933,0,0.0
A0A8E2EXC8,False,10934,0,0.0
A0A498HD87,False,10935,0,0.0
A0A7K1UNH7,False,10936,0,0.0
A0A8D0FN69,False,10937,0,0.0
G3SKM5,False,10938,0,0.0
C5LBQ7,False,10939,0,0.0
A0A2J7RBE4,False,10940,0,0.0
A0A3N3ZQB0,False,10941,0,0.0
A0A2N3YKL6,False,10942,0,0.0
A0A8J4Q0V0,False,10943,0,0.0
A0A8C5KSG5,False,10944,0,0.0
A0A7J8E5J9,False,10945,0,0.0
A0A6I1G0I2,False,10946,0,0.0
A0A0Q8LTH8,False,10947,0,0.0
S8DUG7,False,10948,0,0.0
M9MGL3,False,10949,0,0.0
A0A8B8IL58,False,10950,0,0.0
A0A1Q2YFM6,False,10951,0,0.0
A0A8B9PVW2,False,10952,0,0.0
A0A8J8T5J6,False,10953,0,0.0
A0A8C6VK03,False,10954,0,0.0
A0A1E4RTI3,False,10955,0,0.0
D2VK72,False,10956,0,0.0
A0A1M6F626,False,10957,0,0.0
A0A2D3VNX8,False,10958,0,0.0
A0A0H3DI47,False,10959,0,0.0
A0A368T9V6,False,10960,0,0.0
A0A1X0S5G3,False,10961,0,0.0
A0A1Q3C6X3,False,10962,0,0.0
A0A835TCX4,False,10963,0,0.0
A0A4P9X635,False,10964,0,0.0
A0A8J8T472,False,10965,0,0.0
A0A087GE94,False,10966,0,0.0
A0A0K2YP95,False,10967,0,0.0
A0A3M2JIR7,False,10968,0,0.0
A0A2M9M573,False,10969,0,0.0
A0A2K5QLR2,False,10970,0,0.0
A0A9J7CS41,False,10971,0,0.0
A0A931D7C0,False,10972,0,0.0
A0A672UUB7,False,10973,0,0.0
A0A7K5ZRY5,False,10974,0,0.0
W5NEN6,False,10975,0,0.0
A0A913Y4N0,False,10976,0,0.0
A0A8X7QBF2,False,10977,0,0.0
A0A260Z2C1,False,10978,0,0.0
A0A0P7ATY8,False,10979,0,0.0
V4KEW0,False,10980,0,0.0
A0A673LK70,False,10981,0,0.0
A0A178APJ3,False,10982,0,0.0
A0A1Q5UJW6,False,10983,0,0.0
A0A7K9FJG8,False,10984,0,0.0
A0A8B6BFJ9,False,10985,0,0.0
A0A8C7L4A1,False,10986,0,0.0
A0A8S0VUI4,False,10987,0,0.0
A0A1J9R6W3,False,10988,0,0.0
A0A1A6GPV8,False,10989,0,0.0
A0A8S3TUX9,False,10990,0,0.0
A0A2Y9EV37,False,10991,0,0.0
A0A2W1BMG8,False,10992,0,0.0
A0A8J5QJD9,False,10993,0,0.0
A0A2T7TPD5,False,10994,0,0.0
A0A7L0Q5T9,False,10995,0,0.0
A0A5J4YS40,False,10996,0,0.0
A0A0L6CNC8,False,10997,0,0.0
A0A7C8IGG4,False,10998,0,0.0
A0A162QQY2,False,10999,0,0.0
A0A0G4J5Q9,False,11000,0,0.0
A0A6J1NF60,False,11001,0,0.0
A0A482XJK0,False,11002,0,0.0
A0A395HXZ5,False,11003,0,0.0
A0A8D0EEH3,False,11004,0,0.0
A0A367JNL9,False,11005,0,0.0
A0A093P5F7,False,11006,0,0.0
A0A6L5DZA5,False,11007,0,0.0
A0A2V1N4G2,False,11008,0,0.0
A0A0R1USX7,False,11009,0,0.0
G9EK92,False,11010,0,0.0
H5V2Z0,False,11011,0,0.0
A0A158FBT2,False,11012,0,0.0
A0A6S6XNA4,False,11008,0,0.0
A0A6A7L2Y4,False,11013,0,0.0
U2UJV1,False,11014,0,0.0
G2KVZ3,False,11008,0,0.0
A0A8A7KDS9,False,11011,0,0.0
A0A167WB80,False,11015,0,0.0
A0A154BV69,False,11016,0,0.0
A0A7Y9L229,False,11017,0,0.0
A0A4D7CNB8,False,11011,0,0.0
A0A940N452,False,11012,0,0.0
A0A1G8LRQ2,False,11018,0,0.0
A0A4S2S4G2,False,11019,0,0.0
A0A512NMA6,False,11013,0,0.0
A0A3N7HMW4,False,11020,0,0.0
Q6RGD9,False,11021,0,0.0
A0A6P4HZI6,False,11022,0,0.0
A0A6I8V782,False,11023,0,0.0
B4G6U2,False,11024,0,0.0
B3MMN5,False,11025,0,0.0
B4H748,False,11027,0,0.0
A0A6I8UX94,False,11028,0,0.0
B4KQD1,False,11030,0,0.0
A0A0P8XQH9,False,11031,0,0.0
B3MDI8,False,11032,0,0.0
B4H749,False,11028,0,0.0
B4HT81,False,11033,0,0.0
A0A0Q9X9K6,False,11034,0,0.0
A0A6P4I6E5,False,11035,0,0.0
Q6GUU4,False,11036,0,0.0
A0A6J2UHN5,False,11037,0,0.0
A0A0Q9WZ65,False,11029,0,1.0
A0A0M5IZ79,False,11026,0,1.0
A0A0Q9XA45,False,11038,0,0.0
A0A6P4FMK8,False,11039,0,0.0
A0A6J2SX47,False,11040,0,0.0
A0A484BSG2,False,11041,0,0.0
A0A6I8UWK9,False,11028,0,0.0
B3MDI9,False,11033,0,0.0
B3MDI7,False,11042,0,0.0
B4H750,False,11039,0,0.0
A0A3S0A8Q1,False,11043,0,0.0
L8WP18,False,11044,0,0.0
A0A1E5QNB3,False,11045,0,0.0
A0A0E0RDE4,False,11046,0,0.0
A0A060RD85,False,11047,0,0.0
A0A4R6Y2K7,False,11048,0,0.0
D2MQB4,False,11049,0,0.0
A0A923UM80,False,11050,0,0.0
A0A1M6BTE1,False,11051,0,0.0
A0A328EFM6,False,11052,0,0.0
A0A109FGZ4,False,11053,0,0.0
A0A917FTE8,False,11054,0,0.0
A0A6S6XIU7,False,11055,0,0.0
A0A2I0A8T1,False,11056,0,0.0
A0A327QFE2,False,11057,0,0.0
A0A4R2BGT1,False,11058,0,0.0
A0A7H8JZ93,False,11059,0,0.0
A0A972JMX8,False,11060,0,0.0
A0A2L1GPI1,False,11061,0,0.0
A0A2B7WDQ0,False,11062,0,0.0
A0A3N2NIK7,False,11063,0,0.0
A0A4S4B3P5,False,11064,0,0.0
A0A173MDD9,False,11065,0,0.0
A0A7W8D6M3,False,11066,0,0.0
A0A918QFB1,False,11067,0,0.0
A0A0F8UTY2,False,11068,0,0.0
A0A1V4CIL7,False,11069,0,0.0
A0A2L0NAJ1,False,11070,0,0.0
A0A917WGV3,False,11071,0,0.0
D5UM64,False,11072,0,0.0
A0A0M9U3I3,False,11073,0,0.0
A0A4V6R477,False,11074,0,0.0
A0A0W0XSD6,False,11075,0,0.0
F6EJQ4,False,11076,0,0.0
A0A1Y0MBX5,False,11077,0,0.0
A0A6I0FK20,False,11078,0,0.0
A1BFH1,False,11079,0,0.0
A0A4Q1D1P6,False,11080,0,0.0
A0A0H3EGH8,False,11081,0,0.0
A0A2T6E9X4,False,11082,0,0.0
A0A1A7KBV2,False,11083,0,0.0
C9MY80,False,11084,0,0.0
A0A090T336,False,11085,0,0.0
A0A918VWI9,False,11080,0,0.0
A0A1N6X2U4,False,11080,0,0.0
L0M9J7,False,11081,0,0.0
Q1QW85,False,11086,0,0.0
A0A5B8A3U7,False,11087,0,0.0
K9S3P8,False,11088,0,0.0
A0A0C2ECZ9,False,11080,0,0.0
A0A1G9MVA6,False,11089,0,0.0
A0A173MQW8,False,11081,0,0.0
F2IE13,False,11080,0,0.0
A0A5P9ISJ1,False,11090,0,0.0
Q88PC8,False,11083,0,0.0
A0A090QNQ6,False,11091,0,0.0
A0A094LPS0,False,11092,0,0.0
A2QWP8,False,11093,0,0.0
A0A8H3WFV8,False,11094,0,0.0
F4Q2B0,False,11095,0,0.0
A0A8H6QXE8,False,11096,0,0.0
A0A559MKI7,False,11097,0,0.0
A0A074YGQ8,False,11098,0,0.0
A0A0M8N0L5,False,11099,0,0.0
A0A8H4W1U9,False,11100,0,0.0
R1GHV0,False,11101,0,0.0
A0A2B7XP87,False,11102,0,0.0
A0A2H3IKA2,False,11103,0,0.0
A0A2I2FPQ3,False,11104,0,0.0
A0A4Y8D794,False,11105,0,0.0
A0A0C3CE19,False,11106,0,0.0
A0A507AFJ6,False,11107,0,0.0
A0A8H6E2C5,False,11108,0,0.0
A0A5N6IUP0,False,11109,0,0.0
A0A0F9XCL5,False,11110,0,0.0
A0A2P4ZQZ6,False,11111,0,0.0
F0ZCR8,False,11112,0,0.0
M2SKA8,False,11113,0,0.0
C5FL00,False,11114,0,0.0
A0A0F8A563,False,11115,0,0.0
A0A553HT78,False,11116,0,0.0
A0A448HWL2,False,11117,0,0.0
A0A364KR72,False,11118,0,0.0
A0A1V1TCZ3,False,11119,0,0.0
A0A4Y8DC41,False,11120,0,0.0
F0Z681,False,11121,0,0.0
A0A084G630,False,11122,0,0.0
A0A8H7X1J1,False,11123,0,0.0
A0A2G7FS39,False,11124,0,0.0
A0A0F4YTU5,False,11125,0,0.0
A0A8E2EGV1,False,11126,0,0.0
A2Q977,False,11127,0,0.0
A0A3D8QSJ6,False,11128,0,0.0
A0A167YU12,False,11129,0,0.0
A0A4Q4W9Y4,False,11130,0,0.0
F7W4G4,False,11131,0,0.0
A0A1H8JZ88,False,11132,0,0.0
A0A062UMU8,False,11133,0,0.0
A0A1H0VL59,False,11134,0,0.0
A0A0N1K001,False,11135,0,0.0
A0A160P0Z6,False,11136,0,0.0
I0HWR2,False,11137,0,0.0
A0A428J3R7,False,11138,0,0.0
A0A7G7KT98,False,11139,0,0.0
A0A380MZ32,False,11140,0,0.0
A0A2R8AT16,False,11141,0,0.0
A0A257IR65,False,11142,0,0.0
A0A1S1YWY3,False,11143,0,0.0
A0A8J3W0I6,False,11144,0,0.0
A0A075KHL8,False,11145,0,0.0
F5IXV1,False,11146,0,0.0
A0A3N2DI46,False,11147,0,0.0
C0QGV7,False,11148,0,0.0
A0A314YK13,False,11149,0,0.0
A0A2A4KRY0,False,11150,0,0.0
A0A6F8YSQ9,False,11151,0,0.0
A0A1I1QZ05,False,11152,0,0.0
W9H679,False,11153,0,0.0
A0A975EEJ2,False,11154,0,0.0
A0A4R7VW29,False,11155,0,0.0
A0A0K2YEC3,False,11156,0,0.0
A0A328B1R8,False,11157,0,0.0
A0A926XX16,False,11158,0,0.0
A0A1A5YB73,False,11159,0,0.0
A0A1T4NUQ0,False,11160,0,0.0
W0HZ91,False,11161,0,0.0
A0A370N6J7,False,11162,0,0.0
F9D6A4,False,11163,0,0.0
A0A2A9E0G8,False,11164,0,0.0
A0A8J5FXR7,False,11165,0,0.0
A0A6L5F869,False,11166,0,0.0
A0A9E7AF04,False,11167,0,0.0
R6UEC4,False,11168,0,0.0
A0A2S8B3K5,False,11169,0,0.0
A0A6I4V6B3,False,11170,0,0.0
A0A4R2EYC7,False,11171,0,0.0
A0A7C9IR53,False,11172,0,0.0
A0A0Q6VKQ3,False,11173,0,0.0
A0A7J7NJY5,False,11174,0,0.0
E4N2G5,False,11175,0,0.0
A0A0D2NMR4,False,11176,0,0.0
A0A931CMC0,False,11177,0,0.0
A0A1G9TMK0,False,11178,0,0.0
A0A1H1UIM1,False,11179,0,0.0
A0A2Z6AGJ5,False,11180,0,0.0
A0A292YCM8,False,11181,0,0.0
A0A858REX0,False,11182,0,0.0
A0A328CXS3,False,11183,0,0.0
A0A1V2QKW6,False,11184,0,0.0
R9HWV3,False,11185,0,0.0
A0A1K2FSY5,False,11186,0,0.0
A0A1C5JQ54,False,11187,0,0.0
K2H6I7,False,11188,0,0.0
Q0J9M3,False,11189,0,0.0
A0A0A0JNQ6,False,11190,0,0.0
S3ZLI1,False,11191,0,0.0
A0A834LKQ3,False,11192,0,0.0
A0A314KM84,False,11193,0,0.0
A0A917N985,False,11194,0,0.0
A0A397Y2K4,False,11195,0,0.0
A0A1Q4V2V6,False,11196,0,0.0
A0A267MPM7,False,11197,0,0.0
A0A1S4CUL7,False,11198,0,0.0
A0A8J5FXF8,False,11199,0,0.0
A0A8J5I5U9,False,11200,0,0.0
A0A1U8KDC0,False,11201,0,0.0
A0A8X8AQ12,False,11202,0,0.0
A0A162A8E0,False,11203,0,0.0
A0A8T2XW84,False,11204,0,0.0
A0A4Y7LIP8,False,11205,0,0.0
A0A833VR19,False,11206,0,0.0
A0A2K3MU12,False,11207,0,0.0
A0A8T2STV7,False,11208,0,0.0
A0A8T3BBR2,False,11198,0,0.0
A0A4U6VK59,False,11209,0,0.0
A0A9E7GSP7,False,11210,0,0.0
A0A072VVP3,False,11203,0,0.0
A0A804QV17,False,11211,0,0.0
A0A2P5C6C1,False,11212,0,0.0
C1N6B9,False,11213,0,0.0
A0A7J9KGX6,False,11198,0,0.0
A0A1S2XF59,False,11214,0,0.0
K8F650,False,11215,0,0.0
A0A4S4D3E7,False,11203,0,0.0
A0A8X7PAE1,False,11216,0,0.0
A0A8J5G5K8,False,11217,0,0.0
A0A5D3AGK1,False,11218,0,0.0
A0A9E7KGZ1,False,11219,0,0.0
A0A1U8JRW1,False,11220,0,0.0
A0A125RNC3,False,11221,0,0.0
A0A346FB75,False,11222,0,0.0
L7P810,False,11222,0,0.0
A0A154QEZ3,False,11223,0,0.0
A0A172RY30,False,11224,0,0.0
A0A1Y4IM48,False,11226,0,0.0
A0A926DER4,False,11227,0,0.0
A0A6H1NPE1,False,11228,0,0.0
C7MM44,False,11229,0,0.0
A0A261ESK0,False,11230,0,0.0
A0A1G6XBT5,False,11231,0,0.0
A0A1Y4F2G5,False,11232,0,0.0
A0A7W9Z2Y8,False,11233,0,0.0
A0A917EBW2,False,11234,0,0.0
A0A261ESH5,False,11235,0,0.0
A0A0K8P6R4,False,11236,0,0.0
A0A142F1L4,False,11237,0,0.0
I4W191,False,11238,0,0.0
F0RSQ5,False,11225,0,1.0
A0A396KXN6,False,11239,0,0.0
A0A087B677,False,11240,0,0.0
A0A926DN95,False,11241,0,0.0
A0A1G6K8T4,False,11242,0,0.0
A0A7G9A5C8,False,11243,0,0.0
A0A059TAC0,False,11244,0,0.0
A0A514U775,False,11245,0,0.0
A0A6I2IM86,False,11246,0,0.0
A0A376DB21,False,11247,0,0.0
A0A0G4JP23,False,11246,0,0.0
A0A090V6I4,False,11246,0,0.0
A0A807LHV1,False,11248,0,0.0
A8AJ32,False,11249,0,0.0
A0A085GLG8,False,11250,0,0.0
A0A4P7KS04,False,11251,0,0.0
A0A0L7TCG2,False,11246,0,0.0
A0A0A6ZQ40,False,11252,0,0.0
A0A4R3YXU9,False,11246,0,0.0
W0HLN9,False,11253,0,0.0
A0A198FH64,False,11247,0,0.0
A0A014LV92,False,11246,0,0.0
A0A1I6D8Y2,False,11246,0,0.0
A0A0U5GJP8,False,11246,0,0.0
A0A176TC23,False,11254,0,0.0
A0A1G9SZ39,False,11255,0,0.0
A0A916UFB5,False,11256,0,0.0
A0A5E8AAU0,False,11257,0,0.0
A0A180EPU3,False,11258,0,0.0
A0A2H3PBC8,False,11259,0,0.0
A0A1J0PBH1,False,11260,0,0.0
A0A2Z6AVU5,False,11261,0,0.0
A0A1H1JLA3,False,11262,0,0.0
A0A291QU05,False,11263,0,0.0
A0A1H4MYR4,False,11264,0,0.0
Q7NJT6,False,11265,0,0.0
A0A0Q6KB86,False,11266,0,0.0
A0A4T3F053,False,11267,0,0.0
A0A024P1I7,False,11268,0,0.0
Q7NVV1,False,11269,0,0.0
A0A6L6Q478,False,11270,0,0.0
A0A7G6YMZ2,False,11271,0,0.0
A0A4R6I9V5,False,11272,0,0.0
A0A7X2D2V3,False,11273,0,0.0
A0A6J4GIE9,False,11274,0,0.0
A0A5E8AT10,False,11275,0,0.0
A0A967E7D9,False,11276,0,0.0
A0A1X6YRQ9,False,11277,0,0.0
A0A7T0NWF4,False,11278,0,0.0
M4RYI7,False,11279,0,0.0
A0A315WVS5,False,11280,0,0.0
A3SQI9,False,11281,0,0.0
F0P1R3,False,11282,0,0.0
A0A0A2W097,False,11283,0,0.0
A6EMV3,False,11284,0,0.0
A0A2R7K2D3,False,11285,0,0.0
G0J0E1,False,11286,0,0.0
A0A7V8V5Z7,False,11287,0,0.0
A0A174EGD9,False,11278,0,1.0
A0A6C1BTF6,False,11288,0,0.0
A0A7X6DKV1,False,11289,0,0.0
A0A5B2ZDK0,False,11290,0,0.0
A0A401G2W6,False,11291,0,0.0
A0A1I2YXI6,False,11292,0,0.0
F5YMN8,False,11293,0,0.0
D6Z1V4,False,11294,0,0.0
A0A1Y4EVY5,False,11295,0,0.0
A0A4E0QQF8,False,11296,0,0.0
A0A1J5P4K5,False,11297,0,0.0
A0A8J7YDK6,False,11298,0,0.0
F7XLS4,False,11299,0,0.0
U6ECE6,False,11300,0,0.0
A0A2U0S5Q1,False,11301,0,0.0
N0BN11,False,11302,0,0.0
R5IKQ4,False,11303,0,0.0
A0A161YR06,False,11304,0,0.0
L0HCM2,False,11305,0,0.0
F6BF47,False,11306,0,0.0
D3RX82,False,11307,0,0.0
R5ATV8,False,11308,0,0.0
A0A3S3STS7,False,11309,0,0.0
B1I1F4,False,11310,0,0.0
A0A0A2TR90,False,11311,0,0.0
A0A3A9G9T0,False,11295,0,0.0
A0A1T4QS33,False,11312,0,0.0
A0A1I1A9J2,False,11313,0,0.0
A0A202E1L8,False,11314,0,0.0
A0A829ZZ03,False,11315,0,0.0
A0A3A9FJE0,False,11316,0,0.0
A0A1G9H5P8,False,11317,0,0.0
A0A371IUK9,False,11304,0,0.0
A0A8S0VM43,False,11318,0,0.0
A0A673TTK3,False,11319,0,0.0
C7MXE2,False,11320,0,0.0
A0A1J4MZ30,False,11321,0,0.0
A0A0C2DJ63,False,11322,0,0.0
A0A8J2YH43,False,11323,0,0.0
A0A9E7IHH6,False,11324,0,0.0
A0A940N1B9,False,11325,0,0.0
A0A2T3EJE3,False,11326,0,0.0
A0A8B8IUP8,False,11327,0,0.0
A0A6J1D4H5,False,11328,0,0.0
U2EPC1,False,11329,0,0.0
A0A9E7JI33,False,11330,0,0.0
A0A6B2SUV6,False,11331,0,0.0
A0A543HVQ9,False,11332,0,0.0
A0A433KXE6,False,11333,0,0.0
A0A3S9PJR3,False,11334,0,0.0
F8E610,False,11335,0,0.0
A0A444WU03,False,11336,0,0.0
A0A6V8PCR2,False,11337,0,0.0
T0GP11,False,11338,0,0.0
W6JUQ9,False,11339,0,0.0
K9WBV1,False,11340,0,0.0
A0A315WVR2,False,11341,0,0.0
A0A3R9ZI75,False,11342,0,0.0
A0A1H2U967,False,11343,0,0.0
A0A511D7E9,False,11344,0,0.0
A0A0A2UW34,False,11345,0,0.0
A0A429B4Y8,False,11346,0,0.0
A0A8J5UYR1,False,11347,0,0.0
A0A934NXW3,False,11348,0,0.0
A0A927ICN7,False,11349,0,0.0
A0A926MXR7,False,11350,0,0.0
C5B349,False,11351,0,0.0
A0A0P9CS04,False,11352,0,0.0
E2Q7Y1,False,11353,0,0.0
A0A445KAP7,False,11354,0,0.0
A0A3N7HMZ8,False,11355,0,0.0
A0A540NQK3,False,11356,0,0.0
A0A453T8S1,False,11357,0,0.0
A0A3Q7FSD9,False,11358,0,0.0
A0A200QGL6,False,11359,0,0.0
A0A9R1W1G5,False,11360,0,0.0
A0A8S4GFG2,False,11361,0,0.0
A0A8B8ZQW5,False,11362,0,0.0
A0A9R0I946,False,11363,0,0.0
A0A392MUX8,False,11364,0,0.0
A0A0B0MMG9,False,11365,0,0.0
A0A059CY68,False,11366,0,0.0
A0A4S8IGL4,False,11367,0,0.0
A0A0D2LLY3,False,11368,0,0.0
A0A8S0SL52,False,11369,0,0.0
A0A0A0LRL2,False,11370,0,0.0
A0A7J7HZE2,False,11371,0,0.0
A0A2T7DN34,False,11372,0,0.0
A0A8T1P0L9,False,11373,0,0.0
A0A7J7Q271,False,11374,0,0.0
A0A5N5G1Q6,False,11375,0,0.0
A0A8T2X055,False,11376,0,0.0
R1BLG1,False,11377,0,0.0
A0A3N7G0W8,False,11378,0,0.0
A0A0V0QU16,False,11379,0,0.0
A0A6J1AKS3,False,11380,0,0.0
A0A812MIE2,False,11381,0,0.0
A0A7N0SX39,False,11382,0,0.0
A0A2P5FI28,False,11383,0,0.0
A0A7I4EH18,False,11384,0,0.0
A0A3S3MB23,False,11385,0,0.0
A0A0D3EN09,False,11386,0,0.0
A0A452Z5Z8,False,11387,0,0.0
A0A8T0SJL3,False,11388,0,0.0
A0A2K3MU96,False,11389,0,0.0
A0A1D6MRW5,False,11390,0,0.0
M5U2U7,False,11391,0,0.0
A9F8Q5,False,11392,0,0.0
A4BYA0,False,11393,0,0.0
A0A1I2K877,False,11394,0,0.0
A0A2U1CK29,False,11395,0,0.0
A0A553GW90,False,11396,0,0.0
A0A8J2BQB8,False,11397,0,0.0
I4B985,False,11398,0,0.0
A0A841ELV1,False,11399,0,0.0
B8IHH3,False,11400,0,0.0
C0Q9Q9,False,11401,0,0.0
A0A5B8YMR1,False,11402,0,0.0
A0A4R1L1E6,False,11403,0,0.0
A0A518CXX1,False,11404,0,0.0
K1MTH5,False,11405,0,0.0
A0A7W7YTZ6,False,11406,0,0.0
A0A142WZA3,False,11407,0,0.0
A0A085W9U2,False,11408,0,0.0
A0A518DJG5,False,11409,0,0.0
A0A934PQ35,False,11410,0,0.0
A0A838L6S5,False,11411,0,0.0
A0A2S7SW53,False,11412,0,0.0
A0A7D5RIW0,False,11413,0,0.0
A0A927IGI7,False,11414,0,0.0
A0A2M9R2X6,False,11410,0,0.0
A0A924A5P6,False,11415,0,0.0
A0A212PIH1,False,11416,0,0.0
A0A2H5ZGT2,False,11417,0,0.0
A0A6M5YEV9,False,11418,0,0.0
A0A1R3X6V1,False,11412,0,0.0
R7ZLS4,False,11419,0,0.0
I4VT75,False,11420,0,0.0
A0A452FYE1,False,11421,0,0.0
A0A671UH72,False,11422,0,0.0
A0A7L4ABW4,False,11423,0,0.0
A0A6J1X9W6,False,11424,0,0.0
A0A6P6LP63,False,11425,0,0.0
A0A7L2AKV1,False,11426,0,0.0
A0A6I9Q611,False,11427,0,0.0
A0A3Q2E4P4,False,11428,0,0.0
A0A6G1QL71,False,11429,0,0.0
A0A7L0TFE0,False,11430,0,0.0
A0A8D0C3C4,False,11431,0,0.0
A0A8C7Y048,False,11432,0,0.0
A0A8T2P6E6,False,11433,0,0.0
A0A3Q1EFP5,False,11434,0,0.0
A0A8B7I1R7,False,11435,0,0.0
A0A5J5D981,False,11436,0,0.0
A0A8C7MAC5,False,11437,0,0.0
A0A087XEA0,False,11438,0,0.0
A0A091HB00,False,11439,0,0.0
A0A5F8AEL9,False,11440,0,0.0
A0A2K5NGU4,False,11441,0,0.0
A0A9D3NRW0,False,11442,0,0.0
A0A6J3CR98,False,11443,0,0.0
A0A6G0HTL4,False,11444,0,0.0
A0A091GAH3,False,11445,0,0.0
A0A6J3B6N1,False,11446,0,0.0
A0A3Q3GQ22,False,11447,0,0.0
A0A6G0I6F0,False,11448,0,0.0
A0A7L0SAQ0,False,11449,0,0.0
A0A8C2YC45,False,11450,0,0.0
A0A3P8X392,False,11451,0,0.0
A0A1S2ZBG4,False,11421,0,0.0
A0A6Q2XFL8,False,11452,0,0.0
A0A444UV19,False,11453,0,0.0
A0A091CZE7,False,11454,0,0.0
A0A1W4XH28,False,11455,0,0.0
A0A8B7JYI8,False,11456,0,0.0
A0A2C6KZ09,False,11457,0,0.0
A0A091IQ40,False,11458,0,0.0
A0A0V1LGE2,False,11459,0,0.0
S4R9G0,False,11460,0,0.0
A0A653HNQ0,False,11461,0,0.0
A0A328E5N3,False,11462,0,0.0
A0A8C3QNE3,False,11463,0,0.0
A0A553I4K1,False,11464,0,0.0
A0A6J0V7Z2,False,11465,0,0.0
A0A8H6IBV3,False,11466,0,0.0
A0A8J6AKZ6,False,11467,0,0.0
A0A0C3SC12,False,11468,0,0.0
I1MJQ3,False,11469,0,0.0
A0A7L3KCV2,False,11470,0,0.0
A0A5C3PWV1,False,11471,0,0.0
A0A2T2P768,False,11472,0,0.0
A0A8C9ASG6,False,11473,0,0.0
A0A8C3NBF7,False,11474,0,0.0
A0A6P6TGY8,False,11475,0,0.0
S4R9G6,False,11476,0,0.0
A0A914F1P7,False,11477,0,0.0
A0A1Y1YXW8,False,11478,0,0.0
A0A3P6RMM1,False,11479,0,0.0
A0A0D1BVS2,False,11480,0,0.0
A0A0R3QSR7,False,11481,0,0.0
S7MIA8,False,11482,0,0.0
A0A2K6Q2E2,False,11483,0,0.0
A0A669DUN3,False,11484,0,0.0
A0A369H3H6,False,11485,0,0.0
A0A8D2G9F2,False,11486,0,0.0
A0A124SIA6,False,11487,0,0.0
A0A0G4LLW2,False,11488,0,0.0
A0A0L7RBL9,False,11489,0,0.0
L1L3U6,False,11490,0,0.0
A0A944JFL0,False,11491,0,0.0
A0A370B9Q2,False,11492,0,0.0
A0A918P2T7,False,11493,0,0.0
A0A6B2VBN2,False,11494,0,0.0
A0A3N5AJ94,False,11495,0,0.0
A0A2T0Q9Z9,False,11496,0,0.0
A0A124HCP6,False,11497,0,0.0
A0A4Q9HNM6,False,11498,0,0.0
F2RKN1,False,11499,0,0.0
A0A4Y3QZ38,False,11500,0,0.0
A0A944JLE2,False,11501,0,0.0
A0A1G8IFM2,False,11502,0,0.0
A0A939KYB3,False,11503,0,0.0
A0A3N0E885,False,11504,0,0.0
K4QSC7,False,11505,0,0.0
A0A8T4IQW0,False,11506,0,0.0
A0A5P0YMF2,False,11507,0,0.0
A0A1Q4UYQ4,False,11508,0,0.0
A0A132MLJ3,False,11509,0,0.0
A0A4R5C731,False,11510,0,0.0
D7B9H0,False,11511,0,0.0
A0A7M2SKC7,False,11512,0,0.0
A0A7W9PRF6,False,11513,0,0.0
A0A918E9J3,False,11514,0,0.0
A0A1C5CV74,False,11515,0,0.0
A0A2J7ZC05,False,11516,0,0.0
A0A1V4A1G7,False,11517,0,0.0
A0A7W8QNQ3,False,11518,0,0.0
A0A7H8IN77,False,11519,0,0.0
A0A4S2TIX5,False,11520,0,0.0
K0KNT2,False,11521,0,0.0
A0A1R1PKY3,False,11522,0,0.0
A0A1R1PPY7,False,11523,0,0.0
T0MG91,False,11524,0,0.0
A0A8X7N048,False,11525,0,0.0
L2GQN7,False,11526,0,0.0
A0A376B6B0,False,11527,0,0.0
L2GX56,False,11528,0,0.0
A0A1Y1S7M4,False,11529,0,0.0
A5DHN7,False,11530,0,0.0
A0A4V6MVP8,False,11531,0,0.0
J9DF52,False,11532,0,0.0
A0A8X7T7L9,False,11533,0,0.0
L2GP28,False,11534,0,0.0
A0A0B2UK33,False,11535,0,0.0
I3EDF9,False,11536,0,0.0
A0A8W8M0C0,False,11537,0,0.0
A0A1X0Q7E8,False,11538,0,0.0
A0A437AP80,False,11539,0,0.0
L7JWJ3,False,11540,0,0.0
R0MKE5,False,11541,0,0.0
A0A1R1PH71,False,11542,0,0.0
L2GP75,False,11543,0,0.0
A0A086J4D0,False,11544,0,0.0
A0A1W0E427,False,11545,0,0.0
L7JVQ1,False,11546,0,0.0
A0A059EVW6,False,11547,0,0.0
A0A177EJM4,False,11548,0,0.0
C4VAU3,False,11549,0,0.0
A0A3Q0G054,False,11550,0,0.0
A0A0R0LUZ8,False,11551,0,0.0
J5PF85,False,11552,0,0.0
A0A9J7KHW7,False,11553,0,0.0
A0A514WQG6,False,11554,0,0.0
F0TD36,False,11555,0,0.0
A0A1I4G6T0,False,11556,0,0.0
A0A244E4X6,False,11557,0,0.0
F0TD83,False,11558,0,0.0
A0A6L6Q8D7,False,11559,0,0.0
A0A0W0YZ92,False,11560,0,0.0
A0A1H8UUJ2,False,11561,0,0.0
A0A2V3WK75,False,11562,0,0.0
A0A290ZV05,False,11563,0,0.0
A0A0W0V9R6,False,11564,0,0.0
A0A3S0VKN1,False,11560,0,0.0
A0A917JKP1,False,11565,0,0.0
A0A1H8VIB8,False,11566,0,0.0
A0A6F8T3F3,False,11567,0,0.0
A0A1E7WG49,False,11557,0,0.0
A0A6P2G135,False,11560,0,0.0
A0A0M3B171,False,11568,0,0.0
A0A2S8B078,False,11554,0,0.0
A0A139SPK0,False,11569,0,0.0
A0A2V3VHV0,False,11570,0,0.0
A0A6F8T598,False,11571,0,0.0
A0A7T0JJW4,False,11557,0,0.0
A0A1I4D4Y7,False,11572,0,0.0
A0A2G5UG26,False,11573,0,0.0
A0A261BYI6,False,11574,0,0.0
T1FUZ8,False,11575,0,0.0
A0A0C2DUH7,False,11576,0,0.0
G0NJW7,False,11577,0,0.0
A0A8R1I4P5,False,11578,0,0.0
A0A2G5UGN6,False,11579,0,0.0
W2SSG0,False,11580,0,0.0
A0A6A2ZXS1,False,11581,0,0.0
A0A0R3PRI8,False,11582,0,0.0
G0PAI3,False,11583,0,0.0
A0A8R1I2U5,False,11584,0,0.0
A0A0Q9X7J9,False,11585,0,0.0
G0N5R2,False,11586,0,0.0
E3LT94,False,11587,0,0.0
A0A8R1EJD2,False,11588,0,0.0
A0A8J2RJU6,False,11589,0,0.0
D3B9N7,False,11590,0,0.0
A0A425D6E7,False,11591,0,0.0
G0PAI6,False,11592,0,0.0
A0A8S1GTQ0,False,11593,0,0.0
A0A0P4X8F7,False,11594,0,0.0
A0A0P9C719,False,11595,0,0.0
A0A8S1ETE2,False,11596,0,0.0
A0A2C5Z7J5,False,11597,0,0.0
A0A8R1I670,False,11598,0,0.0
A0A4P9X415,False,11599,0,0.0
E9GBC6,False,11600,0,0.0
G0NK02,False,11601,0,0.0
A0A0K0DHY1,False,11602,0,0.0
A0A8R2A7Z2,False,11603,0,0.0
A8X9K8,False,11604,0,0.0
A0A0D2M845,False,11605,0,0.0
A0A8C7NBD1,False,11606,0,0.0
A0A7J5ZJC5,False,11607,0,0.0
A0A2B4SW39,False,11608,0,0.0
A0A7L2WEQ0,False,11609,0,0.0
A0A2Y9RUD5,False,11610,0,0.0
A0A8D0FRC7,False,11611,0,0.0
A0A7J7URH6,False,11612,0,0.0
M4AA68,False,11613,0,0.0
A0A8C0QYI0,False,11614,0,0.0
A0A7L1I527,False,11615,0,0.0
A0A6J3IIT6,False,11616,0,0.0
A0A7J6CP70,False,11617,0,0.0
A0A4W5NHF9,False,11618,0,0.0
A0A7L1W8H7,False,11619,0,0.0
A0A7K7BW30,False,11620,0,0.0
A0A6P6NJV2,False,11621,0,0.0
A0A668SX14,False,11622,0,0.0
A0A9L0IID4,False,11623,0,0.0
A0A7J6BNK4,False,11624,0,0.0
A0A663LYD4,False,11625,0,0.0
T1J664,False,11626,0,0.0
A0A8C4QER4,False,11627,0,0.0
A0A674NWP2,False,11628,0,0.0
A0A671R7F1,False,11629,0,0.0
A0A2K6FM20,False,11630,0,0.0
A0A835NNP0,False,11631,0,0.0
A0A8C7MTL2,False,11632,0,0.0
A0A3Q4HHT9,False,11633,0,0.0
A0A8C2Z9W9,False,11634,0,0.0
A0A3Q4BN92,False,11635,0,0.0
A0A6F9A4Q4,False,11636,0,0.0
A0A3P8Y1R6,False,11637,0,0.0
A0A2K6LSG7,False,11638,0,0.0
A0A671YY91,False,11639,0,0.0
A0A6P8VDC0,False,11640,0,0.0
A0A2Y9NHX9,False,11641,0,0.0
A0A5N3XK60,False,11642,0,0.0
F6R304,False,11643,0,0.0
A0A452SQA7,False,11644,0,0.0
A0A8C6D1D5,False,11645,0,0.0
A0A6J0XFF5,False,11642,0,0.0
A0A2Y9H730,False,11644,0,0.0
A0A6I9ZT70,False,11641,0,0.0
A0A341C2W0,False,11646,0,0.0
A0A8B7VJ05,False,11644,0,0.0
A0A4U1EC78,False,11647,0,0.0
A0A671FL39,False,11648,0,0.0
A0A8C3YSG1,False,11641,0,0.0
A0A8C5K3R7,False,11649,0,0.0
A0A2K5CXT2,False,11650,0,0.0
A0A5E4AS25,False,11644,0,0.0
A0A2K5PIL2,False,11651,0,0.0
A0A6J2MGM9,False,11649,0,0.0
A0A8I3WKL1,False,11652,0,0.0
A0A2U3VPJ1,False,11644,0,0.0
A0A662YZZ6,False,11653,0,0.0
A0A0D9QUI3,False,11654,0,0.0
A0A9C6XRW6,False,11655,0,0.0
A0A7E4UW42,False,11656,0,0.0
A0A3P7DW90,False,11657,0,0.0
A0A6P6RDW0,False,11658,0,0.0
A0A9J6GHF5,False,11659,0,0.0
A0A8R2C5Q3,False,11660,0,0.0
H0XLA7,False,11661,0,0.0
A0A8J4V123,False,11662,0,0.0
A0A670IQB7,False,11663,0,0.0
A0A6P9DFQ6,False,11664,0,0.0
A0A2R9API4,False,11665,0,0.0
A0A1S4GHS0,False,11666,0,0.0
A0A8J6K255,False,11667,0,0.0
A0A6J1X2L8,False,11668,0,0.0
A0A0V0WVW6,False,11669,0,0.0
A0A6J1SIA1,False,11670,0,0.0
A0A060XE54,False,11671,0,0.0
A0A6J3FGP8,False,11672,0,0.0
A0A2K5HWC8,False,11673,0,0.0
A0A8D2L7C0,False,11674,0,0.0
A0A8B7ZW68,False,11675,0,0.0
A0A915ANS8,False,11676,0,0.0
A7T9M8,False,11677,0,0.0
A0A922HL60,False,11678,0,0.0
A0A6P4JL00,False,11679,0,0.0
A0A8S9ZIT5,False,11680,0,0.0
A0A8J6A2U4,False,11681,0,0.0
A0A673N5P0,False,11682,0,0.0
A0A6P7P1I7,False,11683,0,0.0
A0A8S3VZW0,False,11684,0,0.0
A0A7R9A8N2,False,11685,0,0.0
A0A3P6QFN8,False,11686,0,0.0
A0A2R7LK57,False,11687,0,0.0
A0A1E7MYI8,False,11688,0,0.0
A0A4R7HYQ3,False,11689,0,0.0
A0A0X3U742,False,11690,0,0.0
A0A086T4K9,False,11691,0,0.0
B1Y1W9,False,11692,0,0.0
A0A094F7Y5,False,11693,0,0.0
A0A395S651,False,11694,0,0.0
A0A562SF89,False,11695,0,0.0
A0A1B8BZ20,False,11696,0,0.0
A0A2R8BGG1,False,11697,0,0.0
M2LQZ3,False,11698,0,0.0
A0A223NUD4,False,11699,0,0.0
A0A369H8E7,False,11700,0,0.0
A0A0L0N5H0,False,11701,0,0.0
A0A554VNT3,False,11692,0,0.0
A0A395I0I8,False,11702,0,0.0
A0A923HT70,False,11703,0,0.0
J2JTW5,False,11688,0,0.0
A0A1M7XVP6,False,11690,0,0.0
A0A7Z1AHU7,False,11704,0,0.0
A0A8T4E768,False,11705,0,0.0
A0A813GHW8,False,11706,0,0.0
A0A561PZ84,False,11695,0,0.0
A0A545TZB8,False,11707,0,0.0
A0A939RTT8,False,11708,0,0.0
A0A7G8W0M7,False,11709,0,0.0
A0A3N2QRM3,False,11710,0,0.0
A0A6L4X3B9,False,11711,0,0.0
F7NIN9,False,11712,0,0.0
A0A919M4R3,False,11713,0,0.0
A0A4R5CG23,False,11714,0,0.0
A0A5Q2FJ76,False,11715,0,0.0
A0A942J306,False,11716,0,0.0
A0A2A8D2D0,False,11717,0,0.0
D5ESC4,False,11718,0,0.0
A0A930UQU4,False,11719,0,0.0
A0A545U3N9,False,11720,0,0.0
A0A4Y8KTV9,False,11721,0,0.0
A0A511AWV4,False,11722,0,0.0
A0A944IMB1,False,11723,0,0.0
A0A1I0EJU3,False,11724,0,0.0
A0A2H5YI32,False,11725,0,0.0
D0LCN2,False,11726,0,0.0
A0A160N575,False,11727,0,0.0
R9K3G4,False,11728,0,0.0
A0A7M3M454,False,11729,0,0.0
A0A383S2Y3,False,11730,0,0.0
A0A518RG47,False,11731,0,0.0
A0A1I2M3L2,False,11732,0,0.0
A0A6N8IYZ7,False,11733,0,0.0
A0A419T6S6,False,11734,0,0.0
A0A7W9FDW5,False,11735,0,0.0
F5S4M4,False,11736,0,0.0
A0A8J6QV93,False,11737,0,0.0
R5VR22,False,11738,0,0.0
B6IQI1,False,11739,0,0.0
A0A3R8VTL8,False,11740,0,0.0
A0A1G8N0C0,False,11741,0,0.0
A0A1I4QVT3,False,11742,0,0.0
A0A134CA21,False,11743,0,0.0
A0A8E3MGB2,False,11744,0,0.0
A0A0S2E0E9,False,11745,0,0.0
A0A083ZYH6,False,11746,0,0.0
A0A420ELP4,False,11747,0,0.0
D1J7C0,False,11748,0,0.0
A0A0C2KA96,False,11746,0,0.0
A0A2U9INL0,False,11749,0,1.0
Q0AT06,False,11750,0,0.0
A0A5J4KSH7,False,11751,0,0.0
A0A0L0ASS4,False,11752,0,0.0
A0A094JUF0,False,11753,0,0.0
A0A3M2RKB8,False,11754,0,0.0
A0A1M5QTZ2,False,11755,0,0.0
A0A974BK28,False,11756,0,0.0
A0A0H3ENF1,False,11757,0,0.0
A0A8J7IPV7,False,11758,0,0.0
D9QPD3,False,11759,0,0.0
A0A1M6KT47,False,11760,0,0.0
A0A8J7U3U5,False,11746,0,0.0
A0A510JLN9,False,11761,0,0.0
A0A0M9FCZ3,False,11746,0,0.0
A0A848C8M9,False,11762,0,0.0
J7TG91,False,11763,0,0.0
A0A2U0H3N9,False,11764,0,0.0
A0A2I6S9Q8,False,11765,0,0.0
A0A917JMA1,False,11766,0,0.0
A0A286RI01,False,11767,0,0.0
A0A370B2M0,False,11768,0,0.0
A0A2I0SAS6,False,11769,0,0.0
A0A1Y0I840,False,11770,0,0.0
A0A9K3LY33,False,11771,0,0.0
A0A174KBZ2,False,11772,0,0.0
A0A2K9PWE8,False,11773,0,0.0
A0A380NLA6,False,11774,0,0.0
A0A4R6EQY6,False,11775,0,0.0
A0A4R3MS60,False,11776,0,0.0
A0A7X2H4C9,False,11777,0,0.0
K6Z3U7,False,11778,0,0.0
A0A0Q9YGA9,False,11779,0,0.0
A0A372RRR4,False,11780,0,0.0
A0A5H2YRL6,False,11781,0,0.0
A0A1I6HE86,False,11782,0,0.0
A0A1A9EXL4,False,11766,0,1.0
A0A0L0JEX5,False,11783,0,0.0
A0A0R1VJC3,False,11784,0,0.0
W5W8Q6,False,11785,0,0.0
A0A975T244,False,11786,0,0.0
A0A927K4Q0,False,11787,0,0.0
A0A0A0K1C0,False,11788,0,0.0
U3C1I8,False,11789,0,0.0
A0A385YXD2,False,11790,0,0.0
B5CR39,False,11791,0,0.0
A0A6B3NIV2,False,11792,0,0.0
A0A919BP33,False,11777,0,1.0
A0A562JHG0,False,11793,0,0.0
A0A4P6U4Z0,False,11794,0,0.0
N2A7R2,False,11795,0,0.0
A0A1S9CRJ8,False,11796,0,0.0
A0A7L1WC90,False,11797,0,0.0
A0A1B1MXZ0,False,11798,0,0.0
A0A8K1GNA7,False,11799,0,0.0
A0A8C9A3X7,False,11800,0,0.0
A0A851JWW0,False,11801,0,0.0
A0A8H6Y960,False,11802,0,0.0
A0A919BJM4,False,11803,0,0.0
A0A6J1YN93,False,11804,0,0.0
A0A2K5RDL8,False,11805,0,0.0
A0A8J8C302,False,11806,0,0.0
A0A5H2Y4F5,False,11807,0,0.0
A0A7X6JYM5,False,11808,0,0.0
D5GP74,False,11809,0,0.0
A0A7L0DL89,False,11797,0,0.0
A0A1V9YSX8,False,11810,0,0.0
A0A1B6AIY2,False,11811,0,0.0
A0A8J7GXY9,False,11812,0,0.0
A0A6F8ZZQ4,False,11813,0,0.0
A0A658QX14,False,11814,0,0.0
A0A1I1RUH5,False,11815,0,0.0
M2T3M9,False,11816,0,0.0
A0A2T0FEN7,False,11817,0,0.0
A0A1G7YTF0,False,11818,0,0.0
A0A2N5MB63,False,11819,0,0.0
A0A6P5L3A6,False,11820,0,0.0
A0A7N6A962,False,11821,0,0.0
A0A0A2KY23,False,11822,0,0.0
A0A5C3P334,False,11823,0,0.0
A0A8H4Y9P1,False,11824,0,0.0
A0A1G7VUM3,False,11825,0,0.0
A0A0Q4B9G1,False,11826,0,0.0
Q8TJD2,False,11827,0,0.0
A0A0K8QXD9,False,11828,0,0.0
A0A315XM17,False,11829,0,0.0
A0A2V3JD88,False,11830,0,0.0
A0A1C7I7K8,False,11831,0,0.0
A0A858REG4,False,11832,0,0.0
R9K3Y3,False,11833,0,0.0
A0A939BBZ4,False,11834,0,0.0
A0A3A9JVD7,False,11835,0,0.0
A0A369L8K2,False,11836,0,0.0
A0A916F3D1,False,11837,0,0.0
A0A1M6HV81,False,11838,0,0.0
A0A1I1KG12,False,11839,0,0.0
A0A6I3SGH5,False,11835,0,0.0
A0A8J6QPA0,False,11829,0,0.0
A0A975BMB4,False,11840,0,0.0
A0A6N4WTY1,False,11841,0,0.0
A0A1V4SIV8,False,11825,0,0.0
A0A7W7YQQ2,False,11842,0,0.0
B9M8J6,False,11843,0,0.0
I0XA69,False,11829,0,0.0
A0A1D8ASD7,False,11844,0,0.0
A0A5R8K959,False,11845,0,0.0
K0Z9Q2,False,11828,0,0.0
F5YT02,False,11846,0,0.0
A0A0D1Y2U9,False,11847,0,0.0
A5CPE1,False,11848,0,0.0
A0A852VWT1,False,11849,0,0.0
A0A4Y7QA37,False,11850,0,0.0
A0A4Q9FQF3,False,11851,0,0.0
A0A4Y4DZZ6,False,11852,0,0.0
A0A1V4B0K8,False,11853,0,0.0
A0A431VV96,False,11854,0,0.0
A0A7Y9E9M7,False,11855,0,0.0
A0A453KK41,False,11856,0,0.0
A0A3P7P9N7,False,11857,0,0.0
A0A1H8BF72,False,11858,0,0.0
A0A1C3ZMC5,False,11859,0,0.0
A0A918A0N6,False,11860,0,0.0
A0A413RAX2,False,11861,0,0.0
A0A6P0UKX2,False,11862,0,0.0
A0A7J9UZS2,False,11863,0,0.0
A0A1W1X8B9,False,11864,0,0.0
A0A0W1QPT5,False,11865,0,0.0
A0A5P9GWI0,False,11866,0,0.0
A0A924M2U2,False,11867,0,0.0
A0A453GEJ0,False,11868,0,0.0
A0A1H4YVA3,False,11869,0,0.0
A0A1B2M160,False,11870,0,0.0
Q26E20,False,11871,0,0.0
A0A975JKK0,False,11872,0,0.0
A0A0E0QPA6,False,11873,0,0.0
A0A3A1YBP5,False,11874,0,0.0
A0A484FG95,False,11875,0,0.0
A0A0S2K4M6,False,11876,0,0.0
A0A2K9LJM3,False,11877,0,0.0
A0A7J8ZF16,False,11878,0,0.0
A0A0D2U7H6,False,11879,0,0.0
A0A0D2QWK0,False,11880,0,0.0
A0A9R1WN07,False,11881,0,0.0
A0A6B8MCH0,False,11882,0,0.0
A0A0E0G866,False,11883,0,0.0
B7EEU6,False,11884,0,0.0
Q651B4,False,11885,0,0.0
A0A5N6MNG3,False,11886,0,0.0
A0A2G5D6A7,False,11887,0,0.0
A0A5D2ZTC5,False,11888,0,0.0
A0A8S4H6L4,False,11889,0,0.0
U4V1I5,False,11890,0,0.0
A0A4V3WKI4,False,11891,0,0.0
A0A8J2YYG9,False,11892,0,0.0
A0A9J5YJ31,False,11893,0,0.0
A0A2I4GYK0,False,11894,0,0.0
A0A1I6DS88,False,11895,0,0.0
A0A2K3PCM0,False,11896,0,0.0
V4T944,False,11897,0,0.0
A0A1Y2L3L5,False,11898,0,0.0
A0A7J9G9M8,False,11899,0,0.0
A0A9D5CW41,False,11900,0,0.0
A0A6P6TQW0,False,11901,0,0.0
A0A8J5GU27,False,11902,0,0.0
A0A5D2YEA4,False,11903,0,0.0
W9H2S1,False,11904,0,0.0
A0A9D5HB52,False,11905,0,0.0
A0A8B7CP83,False,11906,0,0.0
A0A5S3PDS2,False,11907,0,0.0
A0A1E5W249,False,11908,0,0.0
A0A0E0KB97,False,11909,0,0.0
A0A6J0KDM4,False,11910,0,0.0
A0A8X9A6R6,False,11911,0,0.0
A0A512DWF9,False,11912,0,0.0
A0A6B0TRW9,False,11913,0,0.0
A0A2R8BP93,False,11914,0,0.0
B9HMF3,False,11915,0,0.0
A0A2P6U0B1,False,11916,0,0.0
A0A2G8R6Y0,False,11917,0,0.0
V4THS4,False,11918,0,0.0
A0A443NE59,False,11919,0,0.0
A0A2R6PL73,False,11920,0,0.0
A0A804JNW2,False,11921,0,0.0
A0A200R5I6,False,11922,0,0.0
A0A7J8W432,False,11923,0,0.0
A0A8R7NWU6,False,11924,0,0.0
A0A103YIS3,False,11925,0,0.0
A0A1R3GLJ9,False,11926,0,0.0
A0A1S3YY21,False,11927,0,0.0
A0A7J8RQY9,False,11928,0,0.0
A0A061FMD2,False,11929,0,0.0
A0A7J9I545,False,11930,0,0.0
A0A3B6HZS7,False,11931,0,0.0
A0A2R6R828,False,11932,0,0.0
A0A1R3HTG6,False,11933,0,0.0
A0A1Z5R0D7,False,11934,0,0.0
A0A8S0R3T4,False,11935,0,0.0
A0A314Y193,False,11936,0,0.0
A0A5N5L7T1,False,11937,0,0.0
A0A3B5ZPG4,False,11938,0,0.0
A0A5A7T027,False,11939,0,0.0
A0A9D3ZEE9,False,11940,0,0.0
A0A5B8ME88,False,11941,0,0.0
A0A1U8NHX1,False,11220,0,0.0
A0A4S8K5H7,False,11942,0,0.0
A0A067DS87,False,11943,0,0.0
A0A8T2HS59,False,11944,0,0.0
A0A5A7TRF2,False,11945,0,0.0
A9RPQ5,False,11946,0,0.0
A0A8X8KNI7,False,11947,0,0.0
A0A0W7WWT5,False,11948,0,0.0
A0A484LGK6,False,11949,0,0.0
A0A6L9MCD8,False,11950,0,0.0
A0A7T0JJT8,False,11951,0,0.0
C5WD51,False,11952,0,0.0
A0A1S2QY37,False,11953,0,0.0
A0A150WNB0,False,11954,0,0.0
A0A428W790,False,11948,0,0.0
A0A941I6C5,False,11951,0,0.0
A0A7X9WIN2,False,11955,0,0.0
A0A512C3K3,False,11956,0,0.0
A0A3N6LST1,False,11957,0,0.0
D7WD91,False,11958,0,0.0
A0A1V3TMZ6,False,11959,0,0.0
A0A110B0M7,False,11960,0,0.0
A0A1X2EQP3,False,11961,0,0.0
A0A395IWZ4,False,11962,0,0.0
A0A251WHP6,False,11951,0,0.0
A0A7Y9L8J1,False,11963,0,0.0
A0A5B7UCA3,False,11964,0,0.0
A0A853AWJ4,False,11965,0,0.0
A0A4P5PA08,False,11966,0,0.0
A0A8J8MFX9,False,11967,0,0.0
A0A099P8Z0,False,11968,0,0.0
A0A6P5WWF3,False,11969,0,0.0
A0A498J141,False,11970,0,0.0
K7YY41,False,11974,0,0.0
A0A2Z6C843,False,11971,0,1.0
A0A7I8N3L5,False,11972,0,1.0
E1XT66,False,11972,0,1.0
A0A482N059,False,11973,0,1.0
K4I346,False,11971,0,1.0
A0A0A0YVD4,False,11975,0,0.0
A0A7Y6YAL0,False,11976,0,0.0
A0A848KUM5,False,11977,0,0.0
A0A516PZN6,False,11978,0,0.0
A0A366M755,False,11979,0,0.0
A0A0X7BAS1,False,11980,0,0.0
Q6NFM4,False,11981,0,0.0
A0A7V8SRB3,False,11982,0,0.0
A0A1L9B4G0,False,11983,0,0.0
A0A1A9F2F9,False,11984,0,0.0
A0A944Q196,False,11985,0,0.0
A0A0Q6JMX7,False,11986,0,0.0
A0A975N3H2,False,11987,0,0.0
D9QC52,False,11988,0,0.0
A0A944J3F1,False,11989,0,0.0
A0A1H2E629,False,11990,0,0.0
I3Y5L9,False,11991,0,0.0
Q4JX17,False,11992,0,0.0
L7EZJ3,False,11993,0,0.0
A0A1I2LSY2,False,11994,0,0.0
A0A4R2J987,False,11995,0,0.0
A0A1Y0CEX9,False,11996,0,0.0
A0A7W5DVI0,False,11997,0,0.0
A0A2R3MQ91,False,11998,0,0.0
A0A0D8HSH8,False,11999,0,0.0
A0A1R3UJR8,False,12000,0,0.0
A0A541BLU3,False,12001,0,0.0
F6GJ23,False,12002,0,0.0
A0A833MQJ7,False,12003,0,0.0
A0A3N1NZR0,False,12004,0,0.0
A0A4R4WXK0,False,11985,0,0.0
Q0VLQ8,False,12005,0,0.0
A0A926JJ77,False,12006,0,0.0
A0A1I0P185,False,12007,0,0.0
A0A133UQM3,False,12008,0,0.0
A0A1F2P650,False,12009,0,0.0
A0A285EAW7,False,12010,0,0.0
A0A285IRE2,False,12011,0,0.0
A0A6P0H3T3,False,12012,0,0.0
A0A2P8AP96,False,12013,0,0.0
A0A7W4W0I3,False,12014,0,0.0
A0A4S8QDB0,False,12015,0,0.0
A0A4R4X714,False,12016,0,0.0
A0A4U7F1Z5,False,12017,0,0.0
A0A6G7YIN8,False,12018,0,0.0
A0A840NH06,False,12019,0,0.0
A0A830EGD0,False,12020,0,0.0
A0A2B7GRR6,False,12021,0,0.0
A0A7G6WLC9,False,12022,0,0.0
A0A6B0GNJ2,False,12023,0,0.0
A0A498GC05,False,12024,0,0.0
A0A5N8YVD3,False,12025,0,0.0
A0A930VI24,False,12026,0,0.0
A0A238V8W8,False,12027,0,0.0
A0A7W7GX71,False,12028,0,0.0
A0A2N3YEL2,False,12029,0,0.0
A0A1C6T5Q4,False,12030,0,0.0
A0A1N7A0K5,False,12031,0,0.0
A0A1W1ZZJ9,False,12032,0,0.0
A0A7Y7IFL4,False,12033,0,0.0
A0A2W2EYC0,False,12034,0,0.0
A0A5N8YBU5,False,12035,0,0.0
A0A852XI21,False,12036,0,0.0
L9ZYX0,False,12037,0,0.0
A0A4D6H9H3,False,12038,0,0.0
A0A3N0DUW8,False,12039,0,0.0
A0A367YYP6,False,12040,0,0.0
A4X8J2,False,12041,0,0.0
A0A4E0QTN6,False,12042,0,0.0
A0A4S5A4X0,False,12043,0,0.0
A0A166GU35,False,12044,0,0.0
A0A449BJ49,False,12045,0,0.0
A0A445F451,False,12046,0,0.0
A0A7J8X5W4,False,12047,0,0.0
A0A1H9DU31,False,12048,0,0.0
R7D1Z0,False,12049,0,0.0
A0A850R0T9,False,12050,0,0.0
A0A5N5K3V2,False,12051,0,0.0
A0A0K9PMJ4,False,12052,0,0.0
A0A374WCG8,False,12053,0,0.0
A0A3N7EAG5,False,12054,0,0.0
A0A314KID7,False,12055,0,0.0
A0A8T0IVI9,False,12056,0,0.0
A0A2I0JAJ4,False,12057,0,0.0
A0A0E0E8P4,False,12058,0,0.0
A0A1L7I7S6,False,12059,0,0.0
A0A4S8RRN5,False,12060,0,0.0
A0A1L3JHD5,False,12061,0,0.0
A0A1Y4J275,False,12062,0,0.0
A0A2W1N351,False,12063,0,0.0
A0A2H9ZU24,False,12064,0,0.0
A0A7J7BVQ5,False,12065,0,0.0
A0A830BYG0,False,12066,0,0.0
K9E959,False,12067,0,0.0
L7LGL8,False,12068,0,0.0
B4G1B1,False,12069,0,0.0
A0A059BG34,False,12070,0,0.0
F6DL37,False,12071,0,0.0
A0A6P4A4G4,False,12072,0,0.0
A0A7I8KGS7,False,12073,0,0.0
A0A1Y4S3Z1,False,12074,0,0.0
A0A930XW84,False,12075,0,0.0
A0A1X2EN90,False,12076,0,0.0
A0A1S3ZU33,False,12077,0,0.0
A0A653SC90,False,12078,0,0.0
A0A1G8FSL2,False,12079,0,0.0
A0A7J9EWN8,False,12080,0,0.0
V4TYI2,False,12081,0,0.0
A0A4R2LSU4,False,12082,0,0.0
A0A1Y4HI94,False,12083,0,0.0
A0A1U8LU42,False,12084,0,0.0
A0A059CMP2,False,12085,0,0.0
A0A8T0VR03,False,12086,0,0.0
A0A3Q7FMU0,False,12087,0,0.0
A0A6M0IQW7,False,12088,0,0.0
A0A2H3NZX8,False,12089,0,0.0
A0A2V1MWF1,False,12090,0,0.0
Q2UZT2,False,12091,0,0.0
A0A2G9I1F8,False,12092,0,0.0
Q04E57,False,12093,0,0.0
A0A2R6WGC9,False,12094,0,0.0
A0A1W1ZIT2,False,12095,0,0.0
A0A1G5GW25,False,12096,0,0.0
A0A2K2BZG1,False,12097,0,0.0
A0A397S0M7,False,12098,0,0.0
A0A1S2YA05,False,12099,0,0.0
A0A8J5CBS0,False,12100,0,0.0
A0A8K0GXP8,False,12101,0,0.0
A0A835MXT6,False,12102,0,0.0
A0A5S9ILV7,False,12103,0,0.0
A0A8B8JC41,False,12104,0,0.0
A0A7J8ERK9,False,12105,0,0.0
A0A453L7R3,False,12106,0,0.0
A0A1E5WCW7,False,12107,0,0.0
A0A4Y7IQ85,False,12108,0,0.0
A0A445L2P2,False,12109,0,0.0
N2AI89,False,12110,0,0.0
R6XJ21,False,12111,0,0.0
A0A811QT12,False,12112,0,0.0
A0A9R1XDI0,False,12113,0,0.0
A0A1I1UD92,False,12114,0,0.0
A0A6J1KZF4,False,12115,0,0.0
A0A327R3C5,False,12116,0,0.0
A0A1Q2KWW6,False,12117,0,0.0
A0A399F9Y2,False,12118,0,0.0
A0A3S0JRX4,False,12119,0,0.0
A0A2S7SRP8,False,12120,0,0.0
A0A4Q7P0W9,False,12121,0,0.0
A0A0A8JHU0,False,12122,0,0.0
A0A074LQ83,False,12123,0,0.0
A0A2N5M1L2,False,12124,0,0.0
Q815X2,False,12125,0,0.0
D7CKY0,False,12126,0,0.0
M8DUC0,False,12127,0,0.0
A0A916W8Z8,False,12128,0,0.0
A4J1E6,False,12129,0,0.0
A0A507ZSF9,False,12130,0,0.0
A0A1I0MVR3,False,12131,0,0.0
A0A1W2C6S5,False,12132,0,0.0
A3U7V6,False,12121,0,0.0
A0A226H3F1,False,12117,0,0.0
A0A7D3Y0E9,False,12133,0,0.0
A0A4R3KRB2,False,12128,0,0.0
A0A074KX86,False,12116,0,0.0
A0A3N4P4T0,False,12134,0,0.0
A0A0A2LNK0,False,12120,0,0.0
A0A1V0A6U1,False,12135,0,0.0
A0A851AG68,False,12136,0,0.0
A0A0H3KW68,False,12137,0,0.0
A0A059E456,False,12138,0,0.0
A0A973X1S4,False,12139,0,0.0
A0A8J8BCX2,False,12140,0,0.0
A0A1G9I3C9,False,12141,0,0.0
A0A918BE93,False,12142,0,0.0
S2DI69,False,12143,0,0.0
A0A1Y2VZP4,False,12144,0,0.0
A0A1V2I9C1,False,12145,0,0.0
A0A5B8J219,False,12146,0,0.0
A0A2N5XZT3,False,12147,0,0.0
A0A562EVY1,False,12148,0,0.0
A0A1X7LEV2,False,12149,0,0.0
A0A1V9ZLL2,False,12150,0,0.0
A0A2I4BQ36,False,12151,0,0.0
A0A069PFI1,False,12152,0,0.0
A0A1H5ZXR6,False,12153,0,0.0
W4L621,False,12154,0,0.0
A0A0L6CKB6,False,12155,0,0.0
A0A3D8SBD6,False,12156,0,0.0
A0A6V8L207,False,12157,0,0.0
A0A3S0VME5,False,12158,0,0.0
A0A3Q2H021,False,12159,0,0.0
Q9VVU1,False,12160,0,0.0
A0A1A9J4D5,False,12161,0,0.0
A0A836FCK2,False,12162,0,0.0
A0A0B5EMD4,False,12163,0,0.0
A0A7W9EEY6,False,12164,0,0.0
A0A850J0T2,False,12165,0,0.0
A0A4Z0QT80,False,12166,0,0.0
A0A4Q2Y430,False,12167,0,0.0
W4GVK5,False,12168,0,0.0
A0A401Y0L8,False,12169,0,0.0
A0A3Q3G2P0,False,12170,0,0.0
A0A0B5I249,False,12171,0,0.0
A0A973P362,False,12172,0,0.0
A0A171KNN3,False,12173,0,0.0
A0A4V1R072,False,12174,0,0.0
M0QEI0,False,12175,0,0.0
A0A951QJ35,False,12176,0,0.0
A0QYI3,False,12177,0,0.0
D3P357,False,12178,0,0.0
A0A4Q3S4S5,False,12179,0,0.0
A0A4R4ZDN5,False,12180,0,0.0
A0A417Y8J4,False,12181,0,0.0
A0A5B0G8Q4,False,12182,0,0.0
H5XBX2,False,12183,0,0.0
A0A3N1XE95,False,12184,0,0.0
A0A5C4Y5I1,False,12185,0,0.0
A0A2P7SB47,False,12186,0,0.0
A0A370IDS7,False,12187,0,0.0
A0A101B294,False,12188,0,0.0
A0A561VJ77,False,12189,0,0.0
A0A967B2M5,False,12190,0,0.0
A0A0B5EHP2,False,12191,0,0.0
Q4WB45,False,12192,0,0.0
A0A2T0SHR5,False,12193,0,0.0
A0A6M6JC23,False,12194,0,0.0
A0A158IDA0,False,12195,0,0.0
A0A0U3P3G9,False,12196,0,0.0
A0A1Z2KWD5,False,12197,0,0.0
K0Q2N5,False,12198,0,0.0
D2B8S2,False,12199,0,0.0
A0A7W7QIL7,False,12200,0,0.0
A0A1G9NYJ9,False,12201,0,0.0
F2F493,False,12202,0,0.0
A0A4P6FQ58,False,12203,0,0.0
A0A1A3NEU5,False,12204,0,0.0
B1G9M2,False,12205,0,0.0
A0A505DLD9,False,12206,0,0.0
A0A1H1NZZ7,False,12207,0,0.0
A0A3A3FZP1,False,12208,0,0.0
A0A1H6E3A9,False,12209,0,0.0
A0A5A7NSV0,False,12210,0,0.0
A0A4R1RXS3,False,12211,0,0.0
A0A7W7CNN4,False,12212,0,0.0
A0A1M5AWY7,False,12213,0,0.0
A0A1R3UQD5,False,12214,0,0.0
A0A8G2FHG0,False,12215,0,0.0
A0A5N8X883,False,12216,0,0.0
A0A1X1QKE2,False,12217,0,0.0
R4L8H5,False,12218,0,0.0
A0A1M6PCZ9,False,12219,0,0.0
A0A7J5WS17,False,12220,0,0.0
A0A0D6P9F5,False,12221,0,0.0
A0A238DL86,False,12222,0,0.0
A0A4U6BZ98,False,12223,0,0.0
V4P6J7,False,12224,0,0.0
A0A542WZH2,False,12225,0,0.0
W1N6U0,False,12226,0,0.0
A0A2T0TJA6,False,12227,0,0.0
H5XSX3,False,12228,0,0.0
A0A376ABN3,False,12229,0,0.0
A0A6J5B0W9,False,12230,0,0.0
A0A543AZ62,False,12231,0,0.0
A0A315CFD4,False,12232,0,0.0
A0A1I6ZH11,False,12233,0,0.0
A0A6J5GTQ0,False,12234,0,0.0
D4Z7R6,False,12235,0,0.0
A0A222FF25,False,12236,0,0.0
A0A2A4CPB7,False,12237,0,0.0
A0A1C6SEB1,False,12238,0,0.0
A0A2M6UZF8,False,12239,0,0.0
A0A0K1K077,False,12240,0,0.0
A0A1V2H1C4,False,12241,0,0.0
A0A2S4ME30,False,12242,0,0.0
A0A081N2J2,False,12243,0,0.0
A0A843BC35,False,12244,0,0.0
A0A6B3NLP6,False,12245,0,0.0
A0A7X0IKX4,False,12246,0,0.0
A0A1W7CT68,False,12247,0,0.0
A0A7W8ENM4,False,12248,0,0.0
A0A1E8FL49,False,12249,0,0.0
A0A7S9C9V6,False,12250,0,0.0
A0A310SHC8,False,12251,0,0.0
A0A9D3PK71,False,12252,0,0.0
A0A8C5ILP0,False,12253,0,0.0
A0A8J3MB29,False,12254,0,0.0
A0A519QXY8,False,12255,0,0.0
A0A2N1G9D7,False,12256,0,0.0
A0A0N4Y245,False,12257,0,0.0
A0A437M1M8,False,12258,0,0.0
A0A133ZM76,False,12259,0,0.0
A0A076MQL3,False,12260,0,0.0
A0A4U0ZWL5,False,12261,0,0.0
A0A2I1G402,False,12262,0,0.0
A0A2H6BKL3,False,12263,0,0.0
A0A5M3XT26,False,12264,0,0.0
A0A1N7BBT7,False,12265,0,0.0
A0A366M420,False,12266,0,0.0
A0A1B8GNA8,False,12267,0,0.0
S3B9B5,False,12268,0,0.0
B7QC48,False,12269,0,0.0
A0A318K8V3,False,12270,0,0.0
A0A1V6Z244,False,12271,0,0.0
A0A7W7H714,False,12272,0,0.0
A0A8C4LD75,False,12273,0,0.0
A0A011MBK9,False,12274,0,0.0
A0A1S2DDI1,False,12275,0,0.0
A0A4Q7WWV9,False,12276,0,0.0
A0A2J6MRM9,False,12277,0,0.0
A0A2U1TCU1,False,12278,0,0.0
A0A543NHK1,False,12279,0,0.0
A0A7X1FVE9,False,12280,0,0.0
A0A2N7VQF8,False,12281,0,0.0
A0A0S9Q4P2,False,12282,0,0.0
A0A3N1CPN1,False,12283,0,0.0
A0A1A7GX11,False,12284,0,0.0
A0A378BB73,False,12285,0,0.0
A0A4R6SYC7,False,12286,0,0.0
A0A521FF27,False,12287,0,0.0
A0A512DLF6,False,12288,0,0.0
Q2J8J3,False,12289,0,0.0
A0A0Q8R0X4,False,12290,0,0.0
A0A6G4TWH0,False,12291,0,0.0
A0A0J8R3C3,False,12292,0,0.0
A0A4Y3R3W8,False,12293,0,0.0
A0A076MT74,False,12294,0,0.0
A0A7S8C279,False,12295,0,0.0
A0A0D1LFA2,False,12296,0,0.0
A0A2A3H4D9,False,12297,0,0.0
A0A1R1Y9K5,False,12298,0,0.0
A0A6J2IW76,False,12299,0,0.0
A0A8D2HUK2,False,12300,0,0.0
A0A1K0GNB1,False,12301,0,0.0
A0A2G5IQP1,False,12290,0,0.0
A0A8H7X2M9,False,12302,0,0.0
A0A7G8WFY9,False,12303,0,0.0
A0A0B5ENI7,False,12304,0,0.0
Q12CY5,False,12305,0,0.0
A0A4Q1IQ52,False,12306,0,0.0
A0A7J5X1M0,False,12307,0,0.0
H0Q3R6,False,12308,0,0.0
A0A239LAJ6,False,12309,0,0.0
A0A498QMC9,False,12310,0,0.0
A0A1Y2M252,False,12311,0,0.0
A0A1X7LP74,False,12312,0,0.0
A0A0M6XP96,False,12313,0,0.0
A0A208Y0Y6,False,12314,0,0.0
A0A7W9G589,False,12315,0,0.0
A0A0D0U8K8,False,12316,0,0.0
A0A0V8JP69,False,12317,0,0.0
Q0V5H8,False,12318,0,0.0
